站號,站名,lat,lon,BlastGRU-TW_this_year,BlastDT2_this_year,BlastLSTLS_this_year,BLBTSLS_this_year,planthopper_this_year,BlastGRU-TW_avg,BlastDT2_avg,BlastLSTLS_avg,BLBTSLS_avg,planthopper_avg
C0R710,龍磐,21.931672,120.838942,16.0,130.0,126.0,49.0,28.0,63.0,63.7,114.9,52.8,32.5
C1F9D1,白毛台,24.158325,120.886933,36.0,0.0,70.0,17.0,25.0,0.0,0.0,49.7,13.0,28.5
C0G940,竹塘,23.848253,120.386764,11.0,119.0,55.0,27.0,30.0,43.42857142857143,27.4,80.2,64.0,30.0
467590,恆春,22.003897,120.746339,10.0,97.0,125.0,18.0,31.0,51.57142857142857,83.6,108.4,41.2,30.5
C1O850,環湖,23.148617,120.418633,1.0,0.0,101.0,45.0,29.0,0.0,0.0,45.8,55.8,29.0
C0U710,太平山,24.505486,121.525656,2.0,84.0,97.0,0.0,23.0,0.0,40.1,59.4,0.0,21.0
C0E820,獅潭,24.539133,120.920042,17.0,126.0,74.0,61.0,26.0,71.42857142857143,104.3,79.0,80.6,29.5
C0V880,興達,22.8778,120.2127,10.0,116.0,71.0,22.0,32.0,33.857142857142854,21.5,71.6,45.8,30.5
C0S890,關山,23.0395,121.175017,49.0,113.0,117.0,55.0,26.0,54.285714285714285,69.9,77.8,65.4,28.5
C0SB30,新蘭,22.869214,121.223228,30.0,56.0,74.0,44.0,26.0,0.0,0.0,23.1,40.6,0.0
C2R970,屏科大,22.648275,120.619247,29.0,119.0,60.0,38.0,31.0,0.0,0.0,18.1,42.2,0.0
C1Z130,銅門,23.965694,121.492842,56.0,0.0,81.0,57.0,23.0,0.0,0.0,51.7,81.8,23.5
C0AD40,土城,24.973208,121.445169,13.0,65.0,87.0,46.0,27.0,35.142857142857146,68.9,88.0,59.4,35.5
CAN140,六官養殖協會,23.22881,120.29962,0.0,70.0,78.0,59.0,29.0,39.714285714285715,27.5,88.1,78.4,29.0
C0X180,山上,23.0757,120.363253,0.0,126.0,108.0,56.0,29.0,65.28571428571429,113.0,95.3,66.8,29.0
C0F9Z0,雪山東峰,24.388792,121.268675,0.0,1.0,0.0,0.0,23.0,0.0,1.6,0.5,0.0,21.0
C1M480,獨立山,23.537022,120.607797,43.0,0.0,115.0,6.0,31.0,0.0,0.0,64.3,4.4,30.5
C0X220,學甲,23.230367,120.182187,6.0,96.0,72.0,30.0,32.0,41.42857142857143,74.3,78.0,50.6,30.5
467650,日月潭,23.881325,120.90805,37.0,126.0,122.0,0.0,25.0,0.0,118.6,63.1,0.2,28.5
C0K600,箔子寮,23.6197,120.14,14.0,120.0,95.0,26.0,33.0,45.285714285714285,24.9,78.5,51.8,35.5
C0G830,埤頭,23.866003,120.452806,3.0,128.0,86.0,71.0,30.0,47.57142857142857,111.9,80.0,86.4,30.0
C0S950,七塊厝,22.954453,121.229922,55.0,118.0,96.0,28.0,26.0,93.85714285714286,62.7,104.6,65.8,28.5
467110,金門,24.407306,118.289281,0.0,105.0,85.0,30.0,76.0,0.0,79.9,51.8,51.4,78.0
C0AH80,深坑,25.002703,121.628328,14.0,94.0,91.0,45.0,27.0,35.57142857142857,74.4,88.7,61.2,34.0
C0A970,三貂角,25.007606,122.002058,13.0,128.0,113.0,76.0,25.0,39.0,74.6,90.3,88.8,29.5
C2D730,寶山農場,24.732444,120.976153,17.0,106.0,44.0,51.0,26.0,0.0,0.0,26.3,41.4,0.0
C0K430,褒忠,23.690938,120.303634,3.0,111.0,67.0,61.0,31.0,48.857142857142854,88.5,85.9,83.4,30.5
467480,嘉義,23.495925,120.432906,3.0,116.0,100.0,71.0,31.0,70.85714285714286,85.7,88.3,73.0,30.5
C0V400,阿公店,22.804194,120.355528,2.0,127.0,82.0,53.0,29.0,41.714285714285715,104.2,79.0,86.6,29.0
C0E960,觀霧分站,24.505781,121.113921,0.0,60.0,110.0,0.0,26.0,0.0,0.0,0.0,0.0,0.0
467550,玉山,23.48718,120.95943,0.0,1.0,0.0,0.0,26.0,0.0,3.5,0.0,0.0,27.0
C0R440,大漢山,22.405264,120.753181,11.0,59.0,88.0,0.0,26.0,0.0,24.3,54.6,0.8,28.0
C0K280,四湖,23.630414,120.227125,12.0,45.0,83.0,42.0,33.0,52.142857142857146,87.9,81.9,52.6,35.5
C1F9B1,桐林,24.066172,120.735194,8.0,0.0,95.0,67.0,30.0,0.0,0.0,42.3,87.4,30.0
C2H9U0,鳳鵬,23.763919,120.788061,16.0,129.0,95.0,57.0,25.0,0.0,0.0,35.7,12.2,0.0
C0K390,土庫,23.679029,120.395574,0.0,72.0,79.0,67.0,31.0,44.285714285714285,83.7,81.1,85.2,30.5
C1I450,望鄉山,23.594153,120.944286,0.0,0.0,1.0,0.0,26.0,0.0,0.0,10.6,0.0,27.0
C0E910,海埔,24.648767,120.772435,16.0,117.0,42.0,50.0,26.0,61.714285714285715,26.4,68.4,58.0,29.5
B2E890,畜試北區分所,24.527806,120.770972,16.0,126.0,75.0,38.0,26.0,61.42857142857143,72.0,88.1,64.6,29.5
C0R750,四林格山,22.076989,120.802439,56.0,130.0,114.0,68.0,28.0,0.0,64.7,62.2,72.8,32.5
C0F0C0,中坑,24.248517,120.903319,53.0,128.0,120.0,0.0,25.0,0.0,88.7,62.7,2.0,28.5
C1I121,大鞍,23.678381,120.760017,26.0,0.0,130.0,0.0,26.0,0.0,0.0,64.3,0.0,27.0
72U480,花改蘭陽分場,24.686306,121.716583,24.0,81.0,107.0,32.0,23.0,29.142857142857142,100.2,76.0,31.2,21.0
C0A770,科教館,25.096356,121.516507,11.0,32.0,93.0,41.0,28.0,36.714285714285715,7.5,92.8,58.6,36.5
C0AJ60,六塊厝,25.24,121.4481,5.0,88.0,66.0,23.0,31.0,37.142857142857146,19.5,88.7,35.0,38.5
C0R620,墾雷,21.900836,120.855269,13.0,130.0,126.0,61.0,28.0,58.142857142857146,94.4,113.6,58.2,32.5
467420,永康,23.038386,120.2367,5.0,57.0,68.0,57.0,32.0,35.714285714285715,68.5,78.5,76.6,30.5
C0I410,名間,23.837053,120.701447,0.0,107.0,89.0,63.0,30.0,70.71428571428571,71.3,97.9,55.2,30.0
A2C560,農工中心,24.985917,121.239833,11.0,34.0,53.0,32.0,28.0,48.57142857142857,27.7,98.1,60.6,35.5
C0V740,旗山,22.888614,120.483597,2.0,99.0,110.0,70.0,29.0,62.857142857142854,99.2,96.4,86.0,29.0
C0Z061,玉里,23.3215,121.339656,29.0,82.0,124.0,61.0,22.0,59.857142857142854,65.5,84.0,92.6,26.0
C0S840,南田,22.279725,120.889208,22.0,107.0,121.0,15.0,26.0,36.42857142857143,70.0,78.0,32.4,28.0
C1I470,杉林溪,23.639517,120.786444,9.0,0.0,128.0,0.0,26.0,0.0,0.0,62.9,0.0,27.0
C1X040,東原,23.291597,120.463822,1.0,0.0,111.0,59.0,31.0,0.0,0.0,48.5,61.6,30.5
C0R660,枋寮,22.367722,120.590647,8.0,127.0,49.0,13.0,31.0,35.857142857142854,55.6,62.3,40.6,28.5
C1R120,上德文,22.763272,120.704442,63.0,0.0,106.0,0.0,29.0,0.0,0.0,54.8,26.8,29.0
C0K450,大埤,23.646074,120.431537,5.0,71.0,49.0,51.0,31.0,46.0,84.0,74.8,65.4,30.5
C0UA00,土場,24.576533,121.495333,26.0,113.0,128.0,66.0,23.0,61.57142857142857,66.6,113.4,101.0,21.0
467080,宜蘭,24.763975,121.756528,25.0,123.0,90.0,30.0,24.0,35.0,98.6,92.3,63.0,28.5
C0N030,四草,23.0235,120.1116,2.0,128.0,58.0,40.0,32.0,37.57142857142857,23.7,74.0,71.4,30.5
467410,臺南,22.99328,120.20492,2.0,51.0,62.0,42.0,32.0,35.42857142857143,48.5,72.7,72.4,30.5
C0V650,彌陀,22.783806,120.246361,7.0,56.0,55.0,26.0,32.0,33.142857142857146,108.2,67.1,44.8,30.5
C0D660,新竹市東區,24.798681,120.986942,16.0,44.0,67.0,54.0,27.0,51.42857142857143,43.1,82.8,57.2,35.0
82S580,茶改東部分場,22.907694,121.130139,53.0,116.0,79.0,55.0,26.0,57.714285714285715,107.6,96.0,75.0,28.5
C0SB40,興隆,22.913661,121.257469,30.0,48.0,75.0,45.0,29.0,0.0,0.0,25.7,38.6,0.0
467050,新屋,25.006725,121.047492,12.0,83.0,62.0,46.0,30.0,38.714285714285715,92.4,71.3,55.2,37.5
C0C710,大溪永福,24.892936,121.324975,12.0,95.0,56.0,44.0,27.0,56.42857142857143,63.2,91.5,50.0,35.5
C0FA20,溫寮,24.372177,120.583125,14.0,87.0,61.0,31.0,26.0,56.714285714285715,26.9,92.9,45.2,30.5
C0V640,湖內,22.887139,120.2445,11.0,109.0,71.0,22.0,32.0,34.142857142857146,101.8,72.2,46.2,30.5
C0R910,下寮,22.3929,120.5548,8.0,123.0,49.0,13.0,31.0,40.285714285714285,22.5,65.3,44.8,28.5
C0Z020,明里,23.208717,121.262342,34.0,126.0,111.0,61.0,29.0,78.71428571428571,77.2,92.4,97.4,27.5
C0M770,嘉義梅山,23.585398,120.555587,7.0,105.0,59.0,49.0,31.0,61.0,89.5,84.8,61.0,30.5
C0C660,楊梅,24.912375,121.143047,11.0,41.0,72.0,45.0,28.0,59.0,53.6,101.1,71.6,35.5
C1E511,新開,24.347703,120.827019,17.0,0.0,99.0,60.0,26.0,0.0,0.0,48.1,72.8,29.5
G2F820,農試所(霧峰),24.031261,120.688133,5.0,115.0,86.0,68.0,30.0,86.28571428571429,102.1,159.7,188.4,30.0
C1I070,和社,23.591131,120.888861,64.0,0.0,70.0,4.0,26.0,0.0,0.0,51.6,44.6,27.0
C0TA80,立霧山,24.183258,121.641899,42.0,114.0,130.0,0.0,23.0,0.0,0.0,0.0,0.0,0.0
C2F000,大肚,24.15295,120.572117,10.0,123.0,105.0,73.0,30.0,9.285714285714286,11.0,45.6,73.6,30.0
C1S850,豐南,23.122139,121.262389,66.0,0.0,85.0,34.0,29.0,0.0,0.0,50.9,67.0,27.5
C2A920,富貴角,25.263783,121.565258,7.0,76.0,96.0,28.0,31.0,6.0,0.0,51.0,42.2,40.0
CAH030,茶改場竹圍站,23.860083,120.637528,2.0,121.0,97.0,60.0,30.0,14.428571428571429,12.0,112.3,32.6,30.0
C0T960,光復,23.660694,121.424964,43.0,129.0,116.0,62.0,22.0,63.857142857142854,96.4,103.2,71.4,26.0
C0F9M0,豐原,24.254322,120.720692,15.0,48.0,70.0,53.0,26.0,84.42857142857143,48.7,101.0,78.6,30.5
C0R720,旭海,22.205403,120.887614,20.0,129.0,118.0,52.0,28.0,59.57142857142857,62.1,100.5,52.6,32.5
C0V710,苓雅,22.622742,120.330669,6.0,92.0,66.0,28.0,31.0,40.142857142857146,46.7,71.5,55.2,28.5
C0C740,觀音工業區,25.064764,121.114856,10.0,62.0,81.0,63.0,30.0,51.714285714285715,18.0,87.7,52.2,37.5
CAC040,拉拉山,24.699317,121.427133,14.0,0.0,116.0,0.0,23.0,0.0,5.3,63.4,0.0,21.0
C0V790,萬山,22.905944,120.688056,46.0,130.0,122.0,64.0,29.0,82.85714285714286,118.2,99.7,67.6,29.0
U2HA30,臺大和社,23.590856,120.888864,64.0,128.0,70.0,4.0,26.0,0.0,75.7,51.6,44.6,27.0
C0AJ90,澳底,25.0552,121.9253,11.0,128.0,114.0,46.0,25.0,33.714285714285715,23.0,52.1,62.2,29.5
C0Z100,東華,23.89525,121.549833,38.0,130.0,77.0,43.0,23.0,51.42857142857143,90.1,93.3,59.0,23.5
C0G970,三豐,23.882,120.2895,15.0,128.0,51.0,12.0,30.0,50.0,24.3,81.0,40.8,30.0
V2K610,大庄合作社,23.8068,120.367939,7.0,115.0,63.0,61.0,30.0,13.857142857142858,19.9,88.9,78.8,30.0
C0V900,汕尾,22.4782,120.4151,7.0,127.0,69.0,52.0,31.0,43.0,24.2,73.9,46.6,28.5
C1R630,龍泉,22.66701,120.59091,23.0,0.0,47.0,33.0,31.0,0.0,0.0,32.7,47.6,28.5
C1AC50,關渡,25.133486,121.469331,9.0,0.0,75.0,36.0,31.0,0.0,0.0,49.9,60.2,38.5
C0C800,四稜,24.64733,121.4293,41.0,111.0,73.0,0.0,23.0,0.0,0.0,0.0,0.0,0.0
C0F9I0,神岡,24.272481,120.658314,11.0,80.0,88.0,62.0,26.0,81.28571428571429,77.3,100.5,80.0,30.5
C0K460,斗南,23.678734,120.478359,5.0,88.0,49.0,51.0,31.0,51.142857142857146,72.4,78.3,68.4,30.5
C2O810,曾文,23.219681,120.497328,1.0,126.0,111.0,54.0,29.0,6.571428571428571,12.0,49.3,54.4,29.0
467280,後龍,24.648563,120.831834,16.0,104.0,43.0,50.0,26.0,11.571428571428571,9.4,32.7,60.4,29.5
C1F9J1,清水林,24.071242,120.820419,43.0,0.0,59.0,1.0,25.0,0.0,0.0,45.0,3.6,28.5
C2A650,火燒寮,25.002719,121.742892,23.0,119.0,116.0,75.0,27.0,7.714285714285714,0.0,55.3,96.0,34.0
466930,竹子湖,25.162078,121.544547,14.0,116.0,117.0,63.0,31.0,0.0,109.7,58.0,81.6,38.5
C1I220,樟湖,23.905333,120.846983,30.0,0.0,127.0,0.0,25.0,0.0,0.0,64.8,0.0,28.5
C0I390,仁愛,24.022122,121.132206,50.0,101.0,118.0,0.0,25.0,0.0,92.3,63.6,0.2,28.5
C0Z300,東里,23.26853,121.30547,30.0,119.0,111.0,63.0,22.0,61.142857142857146,72.1,82.9,94.0,26.0
C1V590,新發,23.057019,120.646064,47.0,0.0,114.0,2.0,29.0,0.0,0.0,52.0,36.2,29.0
C0K510,水林,23.572924,120.24597,2.0,100.0,63.0,50.0,33.0,45.285714285714285,85.1,80.0,68.8,35.5
72S590,東改賓朗果園,22.813889,121.071278,67.0,128.0,88.0,46.0,26.0,67.57142857142857,96.0,98.6,63.6,28.5
82A750,茶改北部分場,24.955778,121.631222,14.0,102.0,127.0,75.0,27.0,47.142857142857146,102.3,108.3,99.0,28.0
C1A750,石碇服務區,25.00872,121.646242,11.0,0.0,95.0,30.0,27.0,0.0,0.0,41.1,55.6,34.0
C0X300,鹿寮,23.386047,120.477331,2.0,128.0,103.0,62.0,31.0,60.0,101.5,80.6,62.8,30.5
G2AI50,關渡,25.11575,121.492,8.0,24.0,46.0,49.0,28.0,3.5714285714285716,7.3,89.6,51.6,36.5
C0K590,雲林東勢,23.674192,120.255721,1.0,124.0,62.0,64.0,31.0,49.0,22.6,86.3,82.0,30.5
C0A570,桶後,24.848222,121.597992,20.0,112.0,126.0,67.0,26.0,54.42857142857143,118.0,92.4,101.8,26.0
C1S800,華源,22.657883,121.02325,32.0,0.0,68.0,47.0,26.0,0.0,0.0,35.5,63.0,28.0
C0G720,溪州,23.851589,120.499093,3.0,62.0,87.0,71.0,30.0,49.0,76.5,80.8,87.6,30.0
C1V160,達卡努瓦,23.279811,120.705319,30.0,0.0,129.0,0.0,31.0,0.0,0.0,64.5,0.0,30.5
C2M410,馬頭山,23.324361,120.582017,3.0,129.0,110.0,57.0,31.0,7.571428571428571,12.5,50.4,54.2,30.5
C0V850,蚵仔寮,22.7256,120.2527,3.0,104.0,66.0,20.0,31.0,36.42857142857143,23.3,73.3,54.8,28.5
C0S740,池上,23.119628,121.209469,45.0,127.0,80.0,65.0,26.0,72.85714285714286,67.5,97.0,92.8,28.5
C1V390,尖山,22.813153,120.367789,2.0,0.0,84.0,55.0,29.0,0.0,0.0,40.9,84.4,29.0
C0AH70,松山,25.04871,121.55042,11.0,53.0,94.0,42.0,27.0,33.714285714285715,9.9,90.1,58.4,34.0
C0N010,鯤鯓國小,23.1879,120.0889,10.0,128.0,61.0,26.0,32.0,45.285714285714285,25.1,77.8,53.6,30.5
C0R550,新埤,22.467947,120.582894,7.0,114.0,71.0,52.0,31.0,39.57142857142857,111.8,77.6,45.8,28.5
C0SA60,知本（水試所）,22.702394,121.082761,25.0,124.0,55.0,45.0,26.0,41.142857142857146,50.1,69.3,50.6,28.0
C0T9I0,豐濱,23.583897,121.514806,36.0,129.0,101.0,56.0,22.0,66.85714285714286,91.9,96.6,80.4,26.0
C0UB00,淡江大學蘭陽校園,24.823239,121.730383,26.0,127.0,126.0,66.0,27.0,61.714285714285715,30.8,111.4,101.6,28.0
C0W240,九宮,24.423753,118.240186,0.0,84.0,85.0,30.0,93.0,0.0,0.0,28.8,34.0,0.0
C0T9N0,富里,23.171639,121.249378,39.0,104.0,95.0,51.0,26.0,88.42857142857143,57.5,99.8,88.8,28.5
U2HA50,臺大竹山,23.756972,120.681556,8.0,117.0,46.0,53.0,30.0,69.57142857142857,67.8,97.2,40.8,30.0
C0V840,鳳鼻頭,22.5083,120.3591,2.0,110.0,70.0,59.0,31.0,38.42857142857143,22.8,71.0,65.8,28.5
C0X140,西港,23.125608,120.203108,0.0,102.0,84.0,64.0,32.0,39.142857142857146,83.2,80.7,76.4,30.5
72D080,桃改五峰分場,24.612194,121.157167,53.0,118.0,116.0,0.0,26.0,0.0,111.1,61.8,3.6,29.5
C2H9P0,伊拿谷,23.963211,121.088264,36.0,117.0,121.0,0.0,25.0,0.0,0.0,38.6,0.6,0.0
C2H9F0,柑林,24.018658,120.847072,0.0,114.0,105.0,64.0,25.0,0.0,0.0,29.5,30.6,0.0
C0TA20,加灣,24.082025,121.608944,66.0,82.0,93.0,8.0,23.0,0.0,0.0,32.3,38.0,0.0
C0V530,阿蓮,22.883208,120.327508,7.0,121.0,70.0,50.0,29.0,38.142857142857146,71.9,80.0,69.2,29.0
C0FB30,八仙山苗圃,24.192719,121.001366,57.0,117.0,118.0,0.0,25.0,0.0,0.0,0.0,0.0,0.0
C1O880,關山,23.173397,120.594092,8.0,0.0,121.0,52.0,29.0,0.0,0.0,54.1,58.0,29.0
C0E791,卓蘭,24.3126,120.8244,20.0,115.0,81.0,61.0,26.0,80.28571428571429,23.6,99.4,72.0,29.5
C1I030,武界,23.913225,121.052483,35.0,0.0,123.0,0.0,25.0,0.0,0.0,63.0,1.4,28.5
C0R520,崁頂,22.514781,120.506914,6.0,121.0,56.0,52.0,31.0,41.0,105.8,65.8,50.2,28.5
C0R341,牡丹,22.130036,120.792639,8.0,130.0,113.0,63.0,28.0,54.285714285714285,64.4,94.1,71.2,32.5
C0R930,萬丹,22.5885,120.4851,2.0,54.0,69.0,67.0,31.0,36.42857142857143,15.2,74.1,72.8,28.5
C0S760,紅石,23.069131,121.126219,23.0,111.0,114.0,0.0,26.0,0.0,57.7,62.1,0.0,28.5
C2C410,中央大學,24.967652,121.185165,11.0,50.0,54.0,33.0,28.0,0.0,0.0,0.0,0.0,0.0
C1M610,石磐龍,23.496606,120.663506,50.0,0.0,118.0,0.0,31.0,0.0,0.0,65.0,0.0,30.5
C0C790,東眼山,24.8284,121.40888,47.0,116.0,118.0,39.0,26.0,0.0,0.0,0.0,0.0,0.0
C0UA10,鴛鴦湖,24.590269,121.412228,12.0,103.0,119.0,0.0,23.0,0.0,55.0,63.3,0.4,21.0
V2C260,八德蔬果,24.978508,121.281819,13.0,23.0,73.0,51.0,27.0,4.857142857142857,6.0,100.1,68.4,35.5
C0R800,丹路,22.204481,120.750989,12.0,104.0,117.0,49.0,28.0,42.42857142857143,52.7,83.3,51.8,32.5
C0G920,永靖,23.924703,120.547533,3.0,51.0,88.0,67.0,30.0,57.57142857142857,13.7,89.8,84.8,30.0
C2M950,太和,23.538372,120.702961,36.0,121.0,129.0,0.0,31.0,0.0,0.0,39.0,0.0,0.0
C1A630,下盆,24.771003,121.538622,48.0,0.0,118.0,27.0,26.0,0.0,0.0,52.4,64.0,26.0
B2N890,畜產試驗所,23.058972,120.336406,1.0,129.0,79.0,71.0,29.0,48.57142857142857,115.8,129.9,186.4,29.0
C0UA30,白嶺,24.527819,121.519031,50.0,111.0,121.0,0.0,23.0,0.0,57.4,64.5,0.6,21.0
C1V580,溪南(特生中心),23.084972,120.788475,25.0,0.0,130.0,0.0,26.0,0.0,0.0,64.9,0.0,28.5
C1T970,大農,23.615233,121.413331,42.0,0.0,105.0,53.0,22.0,0.0,0.0,47.5,81.4,26.0
C0R650,竹田,22.58486,120.54344,11.0,119.0,47.0,43.0,31.0,38.0,72.1,69.9,51.6,28.5
C1H900,清流,24.080775,120.962997,26.0,0.0,72.0,0.0,25.0,0.0,0.0,60.6,1.4,28.5
C1C510,水尾,24.940081,121.087161,13.0,0.0,63.0,37.0,28.0,0.0,0.0,48.2,52.8,35.5
C0F9X0,大雅(中科園區),24.21528,120.62445,9.0,93.0,75.0,53.0,30.0,75.28571428571429,56.3,102.7,79.2,30.0
C0SB60,白守蓮,23.126769,121.401914,31.0,64.0,79.0,58.0,29.0,0.0,0.0,16.0,27.6,0.0
C0O970,虎頭埤,23.021375,120.347878,3.0,130.0,103.0,56.0,29.0,46.857142857142854,119.5,90.1,83.0,29.0
C0C730,中大臨海站,24.966126,121.008581,12.0,60.0,61.0,45.0,27.0,37.0,20.1,69.1,55.2,35.0
C0X250,新營,23.310689,120.316681,5.0,94.0,65.0,51.0,31.0,46.57142857142857,73.1,87.3,75.4,30.5
C0V700,三民,22.645017,120.311233,7.0,60.0,43.0,10.0,31.0,41.857142857142854,38.1,71.5,45.2,28.5
C0U870,大礁溪,24.791042,121.675047,47.0,124.0,123.0,45.0,26.0,62.42857142857143,80.8,114.6,85.4,26.0
C0E870,高鐵苗栗,24.60725,120.826094,16.0,108.0,43.0,50.0,26.0,69.57142857142857,58.4,80.8,63.6,29.5
A2K570,古坑花卉中心,23.63353,120.55239,7.0,0.0,54.0,27.0,31.0,60.142857142857146,66.7,79.8,52.0,30.5
C0TA30,鹽寮,23.845606,121.592664,37.0,64.0,73.0,37.0,23.0,0.0,0.0,0.0,0.0,0.0
C0M860,新美,23.338017,120.683169,40.0,130.0,63.0,17.0,31.0,0.0,63.5,50.1,38.0,30.5
C1E701,八卦,24.491756,120.927619,48.0,0.0,105.0,0.0,26.0,0.0,0.0,51.0,32.0,29.5
C0I420,國姓,24.037803,120.855072,1.0,107.0,102.0,63.0,25.0,83.0,82.5,94.6,62.2,28.5
C2D720,關西工作站,24.757275,121.184792,11.0,118.0,87.0,69.0,27.0,0.0,0.0,30.6,43.8,0.0
C0S960,香蘭,22.587569,120.993375,25.0,33.0,55.0,24.0,26.0,37.857142857142854,41.4,73.9,54.2,28.0
467620,蘭嶼,22.0369,121.55843,38.0,130.0,130.0,45.0,27.0,104.28571428571429,38.9,130.0,53.2,33.5
C0R260,春日,22.370361,120.628306,8.0,92.0,52.0,17.0,31.0,37.857142857142854,113.3,56.4,33.0,28.5
72G600,臺中農改場,24.003028,120.534389,5.0,92.0,67.0,57.0,30.0,52.285714285714285,95.0,124.6,153.2,30.0
C0Z210,瑞穗,23.5239,121.39021,32.0,130.0,101.0,58.0,22.0,64.28571428571429,77.1,95.8,82.2,26.0
C0M820,達邦,23.453994,120.749517,46.0,129.0,98.0,0.0,31.0,0.0,97.5,64.8,0.0,30.5
C0V860,南寮,22.7616,120.2339,3.0,127.0,66.0,20.0,32.0,32.142857142857146,24.8,67.6,56.0,30.5
C0G740,大城,23.852487,120.320935,15.0,120.0,53.0,12.0,30.0,50.857142857142854,79.4,82.0,41.0,30.0
C0R920,塭仔,22.4169,120.5197,8.0,119.0,49.0,13.0,31.0,39.714285714285715,23.9,64.6,43.4,28.5
C0R470,高樹,22.826389,120.600806,15.0,31.0,105.0,63.0,29.0,41.714285714285715,80.7,74.7,61.4,29.0
C0R680,佳樂水,21.993578,120.861633,7.0,126.0,125.0,27.0,28.0,52.57142857142857,57.2,109.5,47.0,32.5
C1O870,大棟山,23.31157,120.52226,60.0,0.0,115.0,0.0,31.0,0.0,0.0,65.0,0.0,30.5
C0D360,梅花,24.678347,121.208558,32.0,116.0,88.0,52.0,26.0,0.0,113.9,55.7,73.8,29.5
C0Z190,富世,24.14743,121.6297,63.0,92.0,123.0,10.0,23.0,70.14285714285714,59.4,110.8,57.6,23.5
C0AI10,屈尺,24.92184,121.54475,13.0,79.0,55.0,24.0,26.0,37.142857142857146,43.6,87.2,51.2,26.0
B2U990,畜試東區分所,24.669039,121.832561,17.0,129.0,93.0,46.0,18.0,30.0,52.4,73.8,44.4,22.5
C0SB80,長濱漁港,23.313644,121.459994,25.0,87.0,119.0,60.0,22.0,0.0,0.0,22.8,45.6,0.0
C0TA50,和仁,24.241394,121.712472,55.0,48.0,121.0,41.0,23.0,0.0,0.0,0.0,0.0,0.0
C0R240,來義,22.527306,120.625111,27.0,34.0,33.0,23.0,31.0,38.57142857142857,120.7,61.7,40.2,28.5
C0V910,大樹,22.684645,120.432803,3.0,109.0,81.0,55.0,31.0,0.0,0.0,15.7,54.8,0.0
C1R610,西大武山,22.617719,120.7322,24.0,0.0,113.0,0.0,31.0,0.0,0.0,61.5,0.0,28.5
C0G900,線西,24.143358,120.443536,11.0,106.0,64.0,39.0,30.0,58.714285714285715,47.4,93.9,51.0,30.0
C0M700,竹崎,23.526178,120.555508,8.0,121.0,81.0,63.0,31.0,74.0,104.6,88.8,54.2,30.5
C2E880,三義,24.405478,120.749819,49.0,128.0,118.0,50.0,26.0,0.0,12.2,56.8,50.8,30.5
C0C720,竹圍,25.112692,121.239824,8.0,69.0,46.0,49.0,30.0,34.57142857142857,17.3,86.5,42.6,37.5
C0F9P0,清水,24.312297,120.562242,11.0,95.0,65.0,32.0,26.0,52.142857142857146,89.1,90.7,48.8,30.5
C0Z150,吉安光華,23.930925,121.595153,35.0,129.0,52.0,25.0,23.0,48.42857142857143,80.7,91.4,55.4,23.5
C0FA80,小雪山天池,24.28025,121.02627,0.0,0.0,29.0,0.0,26.0,0.0,0.0,0.0,0.0,0.0
467300,東吉島,23.25727,119.66762,25.0,127.0,96.0,15.0,38.0,87.85714285714286,36.1,111.8,48.6,43.5
C1D640,外坪(五指山),24.644447,121.090961,31.0,0.0,83.0,40.0,26.0,0.0,0.0,49.3,50.2,29.5
C0F9O0,潭子,24.213106,120.703933,11.0,76.0,74.0,50.0,30.0,80.71428571428571,43.0,99.9,77.6,30.0
C2H9R0,卓社,23.887894,121.000086,51.0,110.0,130.0,0.0,25.0,0.0,0.0,38.8,0.2,0.0
72T250,花蓮農改場,23.975222,121.563889,33.0,104.0,64.0,14.0,23.0,73.71428571428571,102.7,141.1,122.8,23.5
C0E780,銅鑼,24.489681,120.790853,16.0,93.0,91.0,45.0,26.0,70.71428571428571,87.4,87.8,71.6,29.5
C1T950,太安,23.666719,121.370128,50.0,0.0,129.0,0.0,22.0,0.0,0.0,61.4,2.0,26.0
C0E830,苑裡,24.439714,120.653053,16.0,76.0,73.0,42.0,26.0,61.285714285714285,72.8,93.6,47.6,30.5
467270,田中,23.873803,120.581286,5.0,91.0,62.0,76.0,30.0,52.57142857142857,44.5,85.7,85.2,30.0
C0SA10,檳榔四格山,22.810031,121.109308,66.0,129.0,89.0,36.0,26.0,83.71428571428571,61.2,104.3,65.2,28.5
C1T830,布洛灣,24.17184,121.57127,34.0,0.0,127.0,55.0,23.0,0.0,0.0,55.5,104.2,23.5
C0F970,大坑,24.173142,120.722289,10.0,78.0,76.0,65.0,30.0,81.42857142857143,42.5,102.8,77.4,30.0
C1U920,思源,24.393125,121.347214,12.0,0.0,96.0,0.0,23.0,0.0,0.0,59.8,0.0,21.0
C0A931,三和,25.233153,121.595236,8.0,127.0,110.0,61.0,31.0,42.714285714285715,115.0,96.7,88.4,38.5
C0I010,廬山,24.033311,121.181808,24.0,71.0,130.0,0.0,25.0,0.0,85.0,64.3,0.0,28.5
C2M940,日野賀,23.434056,120.727169,49.0,128.0,128.0,0.0,31.0,0.0,0.0,39.0,0.0,0.0
C0R860,鼻頭,22.1043,120.8979,2.0,124.0,113.0,44.0,28.0,57.57142857142857,22.3,114.4,48.2,32.5
C0UB20,壯圍,24.7359,121.8163,24.0,127.0,98.0,34.0,18.0,29.285714285714285,23.8,74.8,30.4,22.5
C0R790,九棚,22.14195,120.889281,7.0,124.0,113.0,59.0,28.0,52.857142857142854,53.4,97.6,59.6,32.5
C0W110,東莒,25.9652,119.98069,15.0,118.0,96.0,38.0,67.0,0.0,79.0,61.6,57.6,73.5
C1U930,粉鳥林,24.497088,121.842479,31.0,0.0,102.0,54.0,18.0,0.0,0.0,50.4,75.8,22.5
C1I211,蘆竹湳,23.934019,120.811994,46.0,0.0,89.0,49.0,25.0,0.0,0.0,49.6,33.4,28.5
C0S830,長濱,23.286817,121.411975,46.0,109.0,123.0,57.0,22.0,83.14285714285714,60.4,93.9,90.0,26.0
C1F9F1,伯公龍,24.272392,120.849047,31.0,0.0,109.0,50.0,26.0,0.0,0.0,51.2,54.4,29.5
C0UB90,太平山莊,24.494171,121.536209,2.0,85.0,96.0,0.0,23.0,0.0,0.0,0.0,0.0,0.0
C0E810,西湖,24.562947,120.7485,16.0,120.0,71.0,58.0,26.0,71.28571428571429,110.9,93.9,58.2,30.5
C1I440,新高口,23.478744,120.878939,0.0,0.0,37.0,0.0,26.0,0.0,0.0,37.3,0.0,27.0
C0O840,王爺宮,23.222064,120.40085,3.0,127.0,106.0,65.0,29.0,87.42857142857143,111.5,100.6,83.0,29.0
C0T9G0,鳳林山,23.735269,121.420131,53.0,127.0,109.0,25.0,22.0,0.0,92.1,59.2,58.4,26.0
C0X080,佳里,23.173039,120.145086,10.0,103.0,61.0,26.0,32.0,40.857142857142854,108.1,79.2,55.2,30.5
C0FB70,大甲溪埔,24.370625,120.620067,14.0,74.0,64.0,34.0,26.0,0.0,0.0,29.7,31.0,0.0
C0Z310,清水斷崖,24.218294,121.689142,51.0,110.0,124.0,26.0,23.0,52.857142857142854,59.6,102.9,66.4,23.5
C0M680,太保,23.455062,120.331455,4.0,69.0,101.0,72.0,31.0,49.42857142857143,84.8,79.8,80.0,30.5
C1S820,金峰,22.590969,120.933236,32.0,0.0,66.0,37.0,26.0,0.0,0.0,39.1,63.0,28.0
C0AD10,八里,25.150211,121.403947,8.0,65.0,46.0,49.0,31.0,34.42857142857143,56.7,86.5,42.6,38.5
C2K240,草嶺,23.59555,120.693461,55.0,125.0,130.0,0.0,31.0,0.0,12.0,64.5,0.0,30.5
C1SA70,都蘭,22.87794,121.226881,30.0,0.0,75.0,45.0,26.0,0.0,0.0,39.2,62.4,28.5
C0K440,二崙,23.772797,120.408944,0.0,107.0,90.0,71.0,30.0,43.42857142857143,72.3,79.3,86.8,30.0
C1A760,坪林交控,24.94284,121.713442,20.0,0.0,113.0,75.0,27.0,0.0,0.0,50.6,107.6,28.0
C0F9N0,大里,24.092464,120.701378,8.0,43.0,86.0,63.0,30.0,64.42857142857143,27.6,98.4,88.8,30.0
C0SA90,達仁林場,22.264347,120.823972,42.0,130.0,111.0,70.0,26.0,79.0,63.5,110.2,72.4,28.0
C1R290,石門山,22.112611,120.756597,12.0,0.0,114.0,67.0,28.0,0.0,0.0,61.1,68.2,32.5
42HA10,萬大發電廠,23.978875,121.139639,22.0,96.0,125.0,0.0,25.0,0.0,70.6,64.2,1.8,28.5
C0R890,山海,21.9878,120.7091,7.0,108.0,119.0,35.0,31.0,49.857142857142854,23.1,107.8,50.0,30.5
C0T9A0,月眉山,23.809928,121.539828,58.0,127.0,119.0,47.0,23.0,95.14285714285714,98.3,118.9,67.2,23.5
C0AC70,信義,25.037822,121.564597,11.0,26.0,94.0,42.0,27.0,33.57142857142857,51.2,90.1,58.4,34.0
C0K560,棋山,23.68645,120.603417,7.0,128.0,54.0,29.0,31.0,55.57142857142857,76.3,79.5,60.6,30.5
C2FB50,出雲,24.206469,120.902794,48.0,119.0,127.0,0.0,25.0,0.0,0.0,38.1,1.0,0.0
C1Z240,中平林道,23.42115,121.26763,50.0,0.0,127.0,0.0,22.0,0.0,0.0,61.4,1.2,26.0
U2H480,溪頭,23.670306,120.798194,55.0,125.0,130.0,0.0,26.0,0.0,112.4,130.0,0.0,27.0
C0M880,好美里,23.3364,120.138,5.0,126.0,67.0,27.0,33.0,41.285714285714285,24.4,77.9,48.8,35.5
C0T9E0,大坑,23.880628,121.581981,59.0,128.0,130.0,53.0,23.0,91.14285714285714,96.5,118.5,84.0,23.5
C0K530,臺西,23.701547,120.197559,13.0,119.0,67.0,40.0,33.0,50.285714285714285,100.0,82.1,48.4,35.5
C1E900,國一N128K,24.560997,120.844186,16.0,0.0,47.0,49.0,26.0,0.0,0.0,36.7,65.0,29.5
C0AJ50,水湳洞,25.123695,121.862238,8.0,71.0,89.0,23.0,25.0,32.142857142857146,17.1,83.7,48.8,34.5
C0AI20,白沙灣,25.283128,121.519058,6.0,117.0,67.0,25.0,31.0,38.42857142857143,53.1,89.3,34.2,40.0
C2V310,美濃,22.898792,120.51907,2.0,126.0,110.0,69.0,29.0,0.0,0.0,0.0,0.0,0.0
C0A860,大坪,25.165914,121.632969,11.0,123.0,113.0,64.0,28.0,55.42857142857143,110.6,107.1,91.4,36.5
C1U850,觀音海岸,24.38319,121.77856,38.0,0.0,130.0,5.0,18.0,0.0,0.0,57.4,45.0,22.5
C2K610,草嶺石壁,23.602469,120.707731,52.0,124.0,130.0,0.0,31.0,0.0,0.0,38.5,0.0,0.0
C0U950,鶯子嶺,24.89754,121.79244,33.0,111.0,123.0,18.0,24.0,0.0,71.4,60.0,23.8,28.5
C0O900,善化,23.112883,120.297219,1.0,127.0,75.0,69.0,29.0,39.714285714285715,110.6,85.9,92.0,29.0
C0K550,蔦松,23.514319,120.229736,5.0,114.0,65.0,25.0,33.0,48.0,81.3,80.1,62.0,35.5
E2P980,林試六龜中心,22.991703,120.645722,14.0,130.0,115.0,66.0,29.0,62.0,61.0,83.7,80.4,29.0
C0E590,通霄,24.471892,120.704622,16.0,118.0,79.0,6.0,26.0,67.0,92.2,95.7,43.0,30.5
C1I310,西巒,23.754486,120.883956,38.0,0.0,130.0,0.0,25.0,0.0,0.0,64.3,1.0,28.5
C0A550,泰平,24.971197,121.823711,17.0,119.0,124.0,74.0,24.0,54.714285714285715,123.3,105.3,94.8,28.5
C0I360,水里,23.812553,120.849792,8.0,72.0,100.0,58.0,25.0,77.28571428571429,76.5,110.2,30.0,28.5
C0R830,高士,22.121825,120.836781,23.0,130.0,116.0,66.0,28.0,71.14285714285714,64.2,123.0,70.0,32.5
C1I101,溪頭,23.661789,120.807647,12.0,0.0,115.0,0.0,26.0,0.0,0.0,61.4,0.0,27.0
C0AJ20,野柳,25.20703,121.690021,8.0,118.0,78.0,22.0,28.0,32.0,25.8,84.4,50.4,36.5
C0B060,暖暖,25.0957,121.7403,11.0,101.0,96.0,28.0,27.0,35.0,0.0,92.3,52.0,34.0
C1H920,長豐,24.102039,120.879897,43.0,0.0,42.0,0.0,25.0,0.0,0.0,52.1,2.6,28.5
C0V360,內門,22.975481,120.466769,4.0,129.0,110.0,53.0,29.0,72.71428571428571,126.6,103.8,81.6,29.0
C0R850,林邊,22.4634,120.5339,7.0,129.0,70.0,52.0,31.0,41.857142857142854,23.3,72.4,39.8,28.5
C0E930,龍鳳,24.700034,120.859125,17.0,102.0,69.0,67.0,26.0,60.714285714285715,20.0,65.7,63.0,29.5
C0U910,冬山,24.63373,121.7937,17.0,76.0,93.0,46.0,18.0,30.857142857142858,65.6,73.8,44.4,22.5
C1E721,泰安,24.489017,120.968036,50.0,0.0,130.0,0.0,26.0,0.0,0.0,64.8,1.6,29.5
82H320,茶改中部分場,23.875611,120.913583,47.0,127.0,104.0,0.0,25.0,0.0,124.5,58.3,0.6,28.5
C0M750,布袋,23.380878,120.167789,8.0,64.0,63.0,28.0,33.0,48.285714285714285,90.6,79.1,56.0,35.5
C1S860,利嘉,22.809417,121.050528,63.0,0.0,100.0,8.0,26.0,0.0,0.0,56.6,55.4,28.5
E2S980,林試太麻里1,22.598922,120.980044,27.0,107.0,63.0,32.0,26.0,38.714285714285715,40.9,79.8,59.4,28.0
C0X170,關廟,22.963017,120.327797,5.0,87.0,101.0,60.0,29.0,41.42857142857143,89.3,84.1,86.4,29.0
C0V720,林園,22.507747,120.394511,2.0,53.0,72.0,60.0,31.0,39.42857142857143,63.3,71.4,66.6,28.5
C1I510,線浸林道,23.761508,120.832956,29.0,0.0,130.0,0.0,25.0,0.0,0.0,64.8,0.0,28.5
C0D690,外湖,24.917735,120.968711,12.0,115.0,50.0,35.0,27.0,37.0,27.1,66.2,52.8,35.0
C0C750,新興坑尾,25.0061,121.0971,14.0,55.0,66.0,46.0,30.0,58.857142857142854,18.0,93.6,53.4,37.5
B2Q810,畜試南區分所,21.945583,120.802167,7.0,100.0,124.0,26.0,28.0,46.57142857142857,93.1,109.5,48.0,32.5
C0S790,金崙,22.538122,120.966875,35.0,123.0,94.0,51.0,26.0,54.57142857142857,64.6,94.7,68.2,28.0
C0AH90,福山植物園,24.760717,121.58135,59.0,123.0,124.0,23.0,26.0,0.0,70.4,47.4,60.4,26.0
C0I540,奇萊稜線,24.109231,121.326456,3.0,0.0,0.0,0.0,23.0,0.0,0.0,0.0,0.0,23.5
C0M850,表湖,23.24186,120.64166,48.0,126.0,96.0,8.0,29.0,0.0,77.3,59.1,18.2,29.0
C0S770,大溪山,22.478475,120.943325,43.0,128.0,109.0,67.0,26.0,75.42857142857143,70.9,108.6,79.4,28.0
C0AG80,中和,24.991622,121.491792,13.0,50.0,87.0,46.0,26.0,31.857142857142858,15.9,84.8,59.2,26.0
C0T790,大禹嶺,24.186117,121.316086,0.0,6.0,17.0,0.0,23.0,0.0,35.3,7.6,0.0,23.5
C0T9B0,水源,23.991861,121.537169,56.0,127.0,130.0,31.0,23.0,0.0,93.6,62.2,58.0,23.5
C0R840,牡丹池山,22.168389,120.841225,41.0,130.0,119.0,66.0,28.0,0.0,64.3,57.3,67.4,32.5
C1I131,桶頭,23.641944,120.654117,16.0,0.0,82.0,58.0,31.0,0.0,0.0,44.5,51.2,30.5
CAL110,布袋國中,23.35893,120.18026,8.0,124.0,63.0,28.0,33.0,38.57142857142857,30.9,82.1,56.6,35.5
467571,新竹,24.827853,121.014219,12.0,45.0,66.0,42.0,27.0,49.57142857142857,40.8,84.3,50.8,35.0
C0Z290,赤柯山,23.36893,121.38293,37.0,123.0,97.0,0.0,22.0,0.0,79.3,54.8,8.2,26.0
C0X280,將軍,23.214999,120.13577,5.0,119.0,72.0,28.0,32.0,41.0,91.9,77.1,50.2,30.5
C0S690,太麻里,22.60902,120.98533,52.0,127.0,70.0,34.0,26.0,0.0,70.0,47.4,60.0,28.0
C0U880,北關,24.9072,121.8734,17.0,125.0,116.0,76.0,24.0,39.42857142857143,24.9,93.7,93.8,28.5
C0G810,埔心,23.947633,120.525456,3.0,69.0,88.0,67.0,30.0,57.0,68.0,89.5,84.8,30.0
C0U970,大福,24.80064,121.81389,25.0,127.0,87.0,30.0,20.0,34.857142857142854,77.4,91.6,62.6,24.5
C2H9N0,仁愛東眼,24.026875,121.1205,38.0,100.0,129.0,0.0,25.0,0.0,0.0,37.7,1.0,0.0
C1E670,南礦,24.538278,121.002836,60.0,0.0,130.0,0.0,26.0,0.0,0.0,64.9,2.6,29.5
C0M520,東後寮,23.369908,120.248065,8.0,119.0,64.0,28.0,33.0,43.42857142857143,96.1,82.3,57.4,35.5
C1E461,松安,24.397972,120.986022,48.0,0.0,130.0,0.0,26.0,0.0,0.0,65.0,1.4,29.5
C2N160,西拉雅風管處,23.189481,120.335297,1.0,95.0,86.0,63.0,29.0,5.857142857142857,0.0,41.2,81.2,29.0
C2M970,碧湖,23.568632,120.624165,59.0,129.0,119.0,0.0,31.0,0.0,0.0,37.8,0.0,0.0
C0A640,石碇,24.993969,121.662917,13.0,104.0,116.0,48.0,27.0,37.857142857142854,119.9,90.0,60.2,28.0
E2S960,林試太麻里2,22.598,120.99775,25.0,96.0,54.0,24.0,26.0,42.0,40.8,107.1,108.6,28.0
C0F9Y0,桃山,24.432739,121.303808,0.0,8.0,0.0,0.0,23.0,0.0,3.5,0.3,0.0,21.0
C1I020,萬大,23.979817,121.132261,50.0,0.0,119.0,0.0,25.0,0.0,0.0,63.7,0.2,28.5
C0U940,羅東,24.68184,121.74934,24.0,93.0,106.0,34.0,23.0,29.714285714285715,52.3,75.4,31.2,21.0
C0M650,朴子,23.43463,120.23902,7.0,120.0,73.0,51.0,33.0,48.285714285714285,97.6,81.5,68.8,35.5
C1I500,大尖山,23.858572,120.994889,0.0,0.0,111.0,0.0,25.0,0.0,0.0,57.4,0.0,28.5
C0FB40,中橫21.6k,24.2499,121.1455,38.0,59.0,116.0,0.0,25.0,0.0,0.0,0.0,0.0,0.0
C0G820,田尾,23.901669,120.509389,3.0,119.0,88.0,67.0,30.0,57.57142857142857,99.4,89.8,84.8,30.0
E2K600,四湖植物園,23.676986,120.163433,12.0,130.0,83.0,42.0,33.0,45.42857142857143,66.9,81.7,51.4,35.5
C0S730,綠島,22.6672,121.47533,39.0,129.0,108.0,26.0,25.0,49.57142857142857,76.0,74.8,31.8,28.0
12Q970,東港工作站,22.479997,120.466058,7.0,20.0,69.0,52.0,31.0,36.42857142857143,14.1,71.1,39.2,28.5
C0E430,南庄,24.601775,121.000214,17.0,117.0,74.0,61.0,26.0,72.71428571428571,116.8,82.0,81.8,29.5
C1TA00,太魯閣,24.15773,121.6236,61.0,0.0,125.0,9.0,23.0,0.0,0.0,54.5,52.4,23.5
466920,臺北,25.037658,121.514853,11.0,37.0,94.0,42.0,28.0,33.714285714285715,43.1,90.1,58.4,36.5
C0R600,舊泰武,22.588194,120.664944,60.0,128.0,119.0,0.0,31.0,0.0,125.8,57.6,39.0,28.5
C1I260,北坑,23.9246,121.006903,51.0,0.0,87.0,37.0,25.0,0.0,0.0,48.4,24.2,28.5
466910,鞍部,25.182586,121.529731,15.0,117.0,130.0,53.0,31.0,0.0,108.8,59.7,54.4,38.5
C1I230,九份二山,23.961944,120.845,38.0,0.0,115.0,0.0,25.0,0.0,0.0,60.9,0.8,28.5
C2A660,瑞芳,25.113169,121.801147,8.0,79.0,102.0,38.0,25.0,5.714285714285714,0.0,46.7,66.8,34.5
C0R270,琉球嶼,22.332244,120.362236,18.0,116.0,80.0,2.0,31.0,42.285714285714285,119.0,71.0,28.8,28.5
C1T990,高寮,23.394239,121.356808,32.0,0.0,121.0,63.0,22.0,0.0,0.0,54.1,84.6,26.0
C0G620,芬園,24.015678,120.6213,5.0,128.0,94.0,70.0,30.0,63.857142857142854,113.4,103.5,95.0,30.0
C1Z140,荖溪,23.890575,121.45964,45.0,0.0,130.0,0.0,23.0,0.0,0.0,63.2,2.6,23.5
C1I201,中心崙,23.728722,120.712097,39.0,0.0,109.0,22.0,31.0,0.0,0.0,59.4,10.4,30.5
C1I400,凌霄,24.018778,121.004456,40.0,0.0,128.0,0.0,25.0,0.0,0.0,63.4,1.2,28.5
C1M640,十字,23.492153,120.753683,26.0,0.0,130.0,0.0,26.0,0.0,0.0,65.0,0.0,27.0
G2P820,農試鳳山分所,22.646611,120.356083,8.0,100.0,43.0,10.0,31.0,39.714285714285715,93.1,72.7,45.8,28.5
C0Z270,蕃薯寮,23.73835,121.540108,63.0,129.0,114.0,51.0,22.0,72.28571428571429,83.4,106.7,85.8,26.0
C0FB10,出雲山苗圃,24.23105,120.90475,53.0,127.0,120.0,0.0,25.0,0.0,0.0,0.0,0.0,0.0
C0F9Q0,外埔,24.347817,120.705686,16.0,123.0,84.0,56.0,26.0,77.0,95.3,96.7,73.4,30.5
C0K580,高鐵雲林,23.737456,120.417944,0.0,121.0,72.0,64.0,31.0,44.285714285714285,71.5,82.5,90.2,30.5
C2I090,鳳凰,23.728081,120.787347,49.0,124.0,120.0,0.0,26.0,0.0,12.2,61.9,1.0,27.0
C0U990,員山,24.74435,121.72247,24.0,123.0,102.0,33.0,23.0,29.714285714285715,66.9,75.2,30.4,21.0
C0V770,大社,22.730306,120.346639,3.0,69.0,68.0,23.0,31.0,37.285714285714285,78.2,75.2,57.2,28.5
C0X120,麻豆,23.183289,120.248611,0.0,110.0,81.0,68.0,32.0,40.285714285714285,86.4,82.9,80.4,30.5
C0C670,龍潭,24.870056,121.221389,12.0,57.0,89.0,58.0,28.0,69.42857142857143,55.2,105.0,70.4,35.5
C0D680,香山濕地,24.783581,120.914988,16.0,113.0,64.0,52.0,27.0,51.285714285714285,22.8,76.2,54.6,35.0
C0S980,勝林山,22.430439,120.8938,31.0,128.0,81.0,12.0,26.0,0.0,58.6,55.3,52.2,28.0
C0V730,大寮,22.605614,120.395717,6.0,90.0,66.0,27.0,31.0,36.142857142857146,77.4,67.6,53.8,28.5
C0R570,麟洛,22.65078,120.52719,4.0,119.0,73.0,59.0,31.0,45.285714285714285,87.5,74.2,68.6,28.5
C2M930,石卓,23.478744,120.702264,17.0,118.0,130.0,0.0,31.0,0.0,0.0,39.0,0.0,0.0
C0G9B0,和美,24.105169,120.492131,11.0,42.0,66.0,33.0,30.0,0.0,0.0,23.1,28.6,0.0
CAG100,王功漁港,23.96824,120.32586,11.0,115.0,73.0,8.0,30.0,54.142857142857146,29.0,85.9,42.8,30.0
C0X290,北門,23.267772,120.125481,5.0,128.0,72.0,28.0,33.0,41.0,82.9,77.1,50.2,35.5
C2F930,大甲,24.347667,120.640403,14.0,106.0,73.0,39.0,26.0,10.0,8.3,49.6,53.8,30.5
C0D650,湖口,24.904794,121.043628,13.0,40.0,61.0,38.0,27.0,44.714285714285715,46.9,74.1,53.2,35.0
C0E420,竹南,24.708978,120.888897,17.0,81.0,72.0,64.0,26.0,58.57142857142857,71.5,76.6,60.6,29.5
C0U780,五結,24.68637,121.79794,24.0,104.0,98.0,34.0,18.0,29.428571428571427,53.8,75.1,30.4,22.5
C1I250,鯉潭,23.961922,120.991131,42.0,0.0,98.0,0.0,25.0,0.0,0.0,58.1,8.8,28.5
C0R130,阿禮,22.742908,120.743678,49.0,105.0,126.0,0.0,31.0,0.0,104.7,63.5,4.6,28.5
C0X100,臺南市北區,23.010394,120.194228,2.0,88.0,58.0,40.0,32.0,34.285714285714285,56.3,72.0,70.0,30.5
C0S920,金峰嘉蘭,22.594789,120.960825,27.0,89.0,62.0,33.0,26.0,42.857142857142854,50.5,80.7,59.2,28.0
C0V490,新興,22.627422,120.298803,6.0,51.0,66.0,28.0,31.0,40.142857142857146,54.3,71.5,55.2,28.5
C0F9K0,大安,24.345061,120.588025,14.0,110.0,63.0,33.0,26.0,56.714285714285715,94.1,93.2,48.6,30.5
467290,古坑,23.633639,120.551889,7.0,128.0,54.0,27.0,31.0,3.5714285714285716,3.5,33.0,52.0,30.5
C2E970,八甲,24.535811,120.795983,17.0,105.0,77.0,54.0,26.0,0.0,0.0,26.8,45.4,0.0
C0V440,鳳山,22.646653,120.356122,8.0,121.0,43.0,10.0,31.0,43.42857142857143,89.6,72.7,45.8,28.5
C1T940,大觀,23.714206,121.373133,58.0,0.0,111.0,41.0,22.0,0.0,0.0,59.4,76.0,26.0
C0E740,造橋,24.637056,120.864778,16.0,107.0,43.0,50.0,26.0,61.285714285714285,86.0,66.4,58.6,29.5
C0R100,尾寮山,22.833111,120.683889,52.0,36.0,102.0,0.0,29.0,0.0,128.0,62.4,5.2,29.0
A2K630,臺大雲林校區,23.730628,120.423903,0.0,116.0,72.0,64.0,31.0,40.285714285714285,53.4,82.5,90.2,30.5
467990,馬祖,26.169467,119.923158,13.0,120.0,97.0,26.0,70.0,0.0,108.0,57.8,70.2,76.0
C0D580,寶山,24.735006,121.025192,13.0,116.0,60.0,63.0,26.0,62.42857142857143,111.6,86.6,60.8,29.5
E2P990,林試扇平站,22.9677,120.6857,38.0,0.0,119.0,1.0,29.0,0.0,54.4,48.2,63.2,29.0
C0AI30,三重,25.057328,121.500629,11.0,51.0,93.0,41.0,28.0,36.714285714285715,26.1,92.8,58.6,36.5
C0AH00,汐止,25.066881,121.658778,11.0,63.0,94.0,42.0,27.0,30.142857142857142,82.4,84.3,45.4,34.0
C1Z040,立山,23.443356,121.327375,64.0,0.0,120.0,51.0,22.0,0.0,0.0,60.9,87.0,26.0
466881,新北,24.959207,121.525196,13.0,73.0,87.0,45.0,26.0,33.42857142857143,19.1,86.2,60.0,26.0
C0W130,花嶼,23.40007,119.32276,22.0,123.0,108.0,13.0,38.0,0.0,92.5,54.8,53.6,43.5
C0A950,鼻頭角,25.129036,121.923372,15.0,124.0,123.0,50.0,25.0,33.0,107.1,93.2,67.0,34.5
C0K470,林內,23.748675,120.609642,8.0,110.0,44.0,43.0,31.0,53.714285714285715,88.7,79.4,53.0,30.5
C2F990,摩天嶺,24.322458,120.936819,57.0,107.0,120.0,0.0,26.0,0.0,0.0,37.8,1.4,0.0
82C160,茶改場,24.908472,121.185333,11.0,52.0,85.0,47.0,28.0,55.857142857142854,77.6,106.3,76.0,35.5
C0Z320,清水林道,23.27125,121.188272,54.0,105.0,109.0,28.0,26.0,0.0,60.2,56.3,41.8,27.0
C0R760,南仁湖,22.084681,120.863353,12.0,130.0,114.0,67.0,28.0,66.85714285714286,64.4,122.2,68.4,32.5
C0M670,大林,23.600616,120.45841,6.0,57.0,70.0,60.0,31.0,70.28571428571429,76.3,87.8,68.4,30.5
C0M800,茶山,23.299075,120.664767,25.0,130.0,83.0,43.0,31.0,77.71428571428571,101.8,94.5,73.2,30.5
C0A9C0,天母,25.117494,121.537169,8.0,33.0,63.0,26.0,28.0,37.714285714285715,42.2,96.9,59.0,36.5
72K220,南改斗南分場,23.634556,120.477333,5.0,119.0,49.0,51.0,31.0,46.857142857142854,101.8,75.2,69.2,30.5
72AI40,桃改樹林分場,24.944503,121.386972,10.0,39.0,56.0,57.0,27.0,35.0,31.9,91.9,62.8,35.5
C0S910,蘭嶼燈塔,22.081197,121.503117,25.0,130.0,129.0,57.0,27.0,88.57142857142857,74.3,127.5,51.4,33.5
C0B050,八斗子,25.144754,121.79167,8.0,83.0,88.0,22.0,25.0,30.714285714285715,21.2,82.1,43.8,34.5
C0U900,內城,24.71813,121.68766,25.0,112.0,114.0,32.0,23.0,34.714285714285715,66.8,92.1,57.2,21.0
C0X320,柳營,23.253328,120.375253,1.0,73.0,94.0,55.0,31.0,64.71428571428571,51.8,88.6,81.0,30.5
C0M790,新港,23.553269,120.345728,0.0,70.0,83.0,68.0,31.0,48.57142857142857,72.3,84.0,88.2,30.5
C0F9T0,西屯,24.179494,120.641275,9.0,45.0,78.0,52.0,30.0,67.0,42.4,99.0,78.2,30.0
C0E950,松安,24.39792,120.98599,48.0,122.0,130.0,0.0,26.0,0.0,0.0,0.0,0.0,0.0
C0SA30,都歷,23.020333,121.323642,32.0,62.0,119.0,60.0,29.0,43.42857142857143,51.7,70.2,68.6,27.5
C0C620,蘆竹,25.084275,121.265767,11.0,51.0,67.0,52.0,30.0,34.714285714285715,78.0,90.7,47.2,37.5
C0R730,大坪頂,22.024633,120.69355,9.0,130.0,119.0,37.0,31.0,59.0,60.7,114.6,51.0,30.5
C0AJ40,石門,25.273672,121.601198,7.0,123.0,92.0,21.0,31.0,53.714285714285715,29.0,103.4,42.0,40.0
C0E750,苗栗,24.564569,120.824575,16.0,24.0,47.0,48.0,26.0,72.71428571428571,36.3,83.4,63.8,29.5
C0T870,鯉魚潭,23.935639,121.508944,48.0,130.0,73.0,49.0,23.0,62.142857142857146,103.4,99.9,76.4,23.5
C1V170,排雲,23.463619,120.954147,0.0,0.0,0.0,0.0,26.0,0.0,0.0,0.0,0.0,27.0
C2H950,中寮,23.884447,120.766406,1.0,127.0,90.0,63.0,25.0,7.428571428571429,12.4,47.6,49.4,28.5
C0R350,貓鼻頭,21.921774,120.7358,13.0,117.0,124.0,59.0,31.0,55.285714285714285,60.4,109.6,62.4,30.5
C0V660,岡山,22.797078,120.294958,7.0,67.0,55.0,26.0,29.0,36.57142857142857,72.7,69.3,49.2,29.0
C1H941,雙冬,23.967378,120.802189,51.0,0.0,87.0,29.0,25.0,0.0,0.0,48.9,20.0,28.5
C0AJ70,田寮,25.2698,121.4886,6.0,101.0,67.0,25.0,31.0,38.0,22.1,88.3,34.0,40.0
C0AI00,五股,25.07445,121.42728,13.0,71.0,67.0,50.0,28.0,50.857142857142854,54.3,101.7,57.8,36.5
C0Z280,德武,23.47426,121.41071,41.0,129.0,116.0,65.0,22.0,71.14285714285714,82.8,107.6,90.8,26.0
C0R700,枋山,22.246844,120.661086,8.0,84.0,69.0,1.0,31.0,34.57142857142857,39.0,61.6,37.2,30.5
C0C460,復興,24.820208,121.352281,16.0,81.0,97.0,47.0,26.0,61.142857142857146,93.2,97.4,74.0,26.0
E2H360,蓮華池,23.918333,120.885278,47.0,130.0,84.0,14.0,25.0,0.0,83.1,50.6,6.8,28.5
C0M640,中埔,23.42538,120.5229,6.0,68.0,106.0,68.0,31.0,72.57142857142857,79.1,88.5,64.0,30.5
C0W140,金沙,24.488292,118.408778,2.0,82.0,77.0,23.0,76.0,0.0,61.9,52.6,41.8,78.0
C2A540,四堵,24.8926,121.745736,25.0,123.0,111.0,73.0,27.0,7.857142857142857,0.0,45.7,97.6,28.0
C0ACA0,新莊,25.051478,121.446756,10.0,32.0,81.0,37.0,27.0,32.57142857142857,35.7,86.3,48.6,35.5
C0R220,潮州,22.534361,120.54,6.0,101.0,57.0,53.0,31.0,37.142857142857146,84.5,64.5,45.2,28.5
U2HA40,臺大內茅埔,23.689722,120.851117,44.0,127.0,103.0,58.0,26.0,0.0,75.2,49.1,57.6,27.0
467490,臺中,24.145736,120.684075,10.0,53.0,73.0,58.0,30.0,81.28571428571429,50.0,102.1,75.2,30.0
C0UB60,明池,24.650688,121.475277,41.0,109.0,73.0,0.0,23.0,0.0,0.0,0.0,0.0,0.0
C0U960,翠峰湖,24.510856,121.608044,10.0,99.0,85.0,0.0,23.0,0.0,54.8,58.6,0.0,21.0
E2HA20,林試畢祿溪站,24.226944,121.308522,0.0,78.0,51.0,0.0,23.0,0.0,41.3,47.6,0.0,23.5
C0V890,前鎮,22.5718,120.3117,6.0,87.0,65.0,26.0,31.0,39.42857142857143,17.2,71.1,54.4,28.5
C1F941,雪嶺,24.280586,121.026642,0.0,0.0,29.0,0.0,26.0,0.0,0.0,19.0,0.0,29.5
C2H9E0,國姓南港,23.911108,120.846556,29.0,126.0,129.0,0.0,25.0,0.0,0.0,38.8,0.0,0.0
C0AC80,文山,25.00235,121.575728,14.0,71.0,91.0,45.0,27.0,35.57142857142857,82.1,88.7,61.4,34.0
C0F9R0,龍井,24.184536,120.528972,11.0,82.0,67.0,41.0,30.0,53.42857142857143,73.7,92.4,48.0,30.0
C0M760,民雄,23.551754,120.428457,6.0,70.0,66.0,60.0,31.0,63.42857142857143,81.1,85.1,66.4,30.5
C0UA40,西德山,24.560647,121.752608,54.0,115.0,113.0,0.0,18.0,0.0,61.0,59.5,1.6,22.5
C1T920,中興,23.769503,121.498653,45.0,0.0,97.0,58.0,23.0,0.0,0.0,47.9,72.2,23.5
C0D550,雪霸,24.526972,121.11605,1.0,79.0,112.0,0.0,26.0,0.0,75.0,60.4,0.6,29.5
C2F860,梨山,24.247522,121.243669,0.0,52.0,51.0,0.0,25.0,0.0,8.8,45.4,0.0,28.5
C0R320,車城,22.0744,120.716247,3.0,109.0,112.0,10.0,31.0,48.857142857142854,50.0,105.2,36.0,30.5
C1S870,南美山,23.15025,121.382333,37.0,0.0,96.0,52.0,29.0,0.0,0.0,43.9,66.4,27.5
C0B020,基隆嶼,25.19141,121.78391,10.0,127.0,93.0,47.0,25.0,32.285714285714285,67.2,84.6,45.2,34.5
C1U501,牛鬥,24.637836,121.573656,24.0,0.0,127.0,53.0,23.0,0.0,0.0,53.6,94.2,21.0
C0M730,嘉義市東區,23.457673,120.460531,1.0,86.0,95.0,68.0,31.0,79.42857142857143,64.7,94.0,56.6,30.5
C0S700,知本,22.684866,121.005642,57.0,128.0,73.0,27.0,26.0,0.0,73.7,46.2,54.6,28.0
C1N001,沙崙,22.935472,120.309406,3.0,0.0,100.0,59.0,29.0,0.0,0.0,38.7,85.8,29.0
C0V760,橋頭,22.757806,120.30575,3.0,19.0,68.0,21.0,29.0,36.714285714285715,85.4,70.7,62.0,29.0
C0G960,福寶,24.0443,120.3814,11.0,124.0,66.0,31.0,30.0,41.57142857142857,24.1,81.0,46.8,30.0
C0X210,白河,23.347466,120.414427,2.0,109.0,99.0,57.0,31.0,66.71428571428571,93.3,83.8,65.0,30.5
C0S810,東河,22.972672,121.303986,17.0,129.0,102.0,49.0,29.0,47.42857142857143,71.5,87.7,66.6,27.5
C2R170,屏東,22.66027,120.49403,4.0,112.0,73.0,59.0,31.0,0.0,0.0,20.9,42.0,0.0
C0R670,楓港,22.190131,120.692156,3.0,60.0,114.0,18.0,31.0,32.714285714285715,31.9,66.0,37.6,30.5
C0FA50,霧峰,24.0419,120.6995,5.0,106.0,89.0,69.0,30.0,75.71428571428571,20.6,107.6,94.6,30.0
C0UB10,蘇澳,24.5969,121.8571,15.0,85.0,123.0,71.0,18.0,31.285714285714285,20.8,45.7,64.8,22.5
C0G950,防潮門,24.1835,120.4871,11.0,116.0,67.0,41.0,30.0,52.42857142857143,21.1,92.2,47.4,30.0
C0M740,六腳,23.492871,120.290625,1.0,95.0,82.0,61.0,31.0,48.714285714285715,90.6,85.5,84.2,30.5
C1R250,力里,22.428117,120.629228,15.0,0.0,79.0,14.0,31.0,0.0,0.0,30.3,28.0,28.5
C0K330,虎尾,23.719183,120.442036,0.0,116.0,72.0,66.0,31.0,45.0,81.9,83.9,90.4,30.5
C2FA00,烏石坑,24.273503,120.947617,57.0,128.0,118.0,0.0,26.0,0.0,12.0,62.8,1.4,29.5
C0V620,永安,22.82315,120.236856,7.0,108.0,55.0,26.0,32.0,33.142857142857146,102.6,67.1,44.8,30.5
C1I330,楓樹林,23.986803,121.076117,48.0,0.0,121.0,0.0,25.0,0.0,0.0,64.4,0.2,28.5
C0W200,湖西,23.596314,119.67275,27.0,129.0,104.0,14.0,38.0,14.285714285714286,12.7,58.9,51.0,43.5
72Q010,高雄農改場,22.709333,120.525889,9.0,114.0,81.0,64.0,31.0,48.42857142857143,103.5,112.7,123.6,28.5
C0SA40,瑞和,22.974361,121.156697,47.0,114.0,99.0,58.0,26.0,52.142857142857146,57.3,75.4,64.4,28.5
C0C680,龜山,25.02846,121.38656,13.0,40.0,73.0,53.0,27.0,43.42857142857143,48.2,102.6,80.4,35.5
C2V260,月眉,22.971003,120.539853,5.0,125.0,111.0,69.0,29.0,7.571428571428571,11.3,45.9,74.8,29.0
C0V450,鳳森,22.545064,120.392592,2.0,121.0,87.0,64.0,31.0,37.857142857142854,106.0,71.7,65.8,28.5
C0FA90,小雪山林道,24.29515,121.03651,0.0,7.0,4.0,0.0,26.0,0.0,0.0,0.0,0.0,0.0
C0U720,南山,24.43742,121.38167,48.0,106.0,105.0,0.0,23.0,0.0,57.9,60.0,3.2,21.0
A2N290,臺南蘭花園區,23.340258,120.379661,5.0,128.0,96.0,61.0,31.0,58.857142857142854,56.9,86.6,76.8,30.5
C0R560,新園,22.5434,120.461558,2.0,45.0,72.0,60.0,31.0,40.57142857142857,91.5,69.2,62.6,28.5
C0U890,三星,24.66812,121.65302,19.0,84.0,125.0,64.0,23.0,38.714285714285715,69.2,97.1,85.4,21.0
C1V300,御油山,23.001983,120.715364,28.0,0.0,130.0,0.0,29.0,0.0,0.0,64.9,0.0,29.0
C0U600,礁溪,24.817539,121.765608,20.0,101.0,118.0,72.0,24.0,34.714285714285715,73.8,95.5,94.2,28.5
C1T980,龍澗,24.023289,121.411328,34.0,0.0,129.0,0.0,23.0,0.0,0.0,63.8,0.6,23.5
C0D670,海天一線,24.831986,120.914438,24.0,110.0,73.0,13.0,27.0,56.142857142857146,24.4,87.3,43.4,35.0
C0SA00,歷坵,22.520969,120.89185,57.0,129.0,104.0,49.0,26.0,86.85714285714286,58.0,105.9,76.2,28.0
C0M710,東石,23.458927,120.15385,9.0,87.0,73.0,23.0,33.0,48.42857142857143,92.2,78.7,53.6,35.5
C0M780,鹿草,23.41134,120.30835,7.0,71.0,76.0,53.0,31.0,52.0,81.8,87.9,73.0,30.5
C0U520,雙連埤,24.753033,121.641303,47.0,124.0,122.0,42.0,26.0,0.0,83.6,55.8,84.2,26.0
C0B010,七堵,25.094819,121.71713,10.0,83.0,90.0,19.0,27.0,32.0,63.0,87.4,45.6,34.0
C0R480,長治,22.693128,120.542622,3.0,79.0,82.0,57.0,31.0,40.142857142857146,104.8,80.2,85.8,28.5
C1V830,國三S383K,22.781967,120.426475,1.0,0.0,101.0,70.0,29.0,0.0,0.0,41.8,96.2,29.0
12Q980,恆春工作站,22.079678,120.714425,3.0,64.0,112.0,10.0,31.0,43.0,26.6,105.2,36.0,30.5
C1O940,東山服務區,23.286016,120.398472,0.0,0.0,75.0,46.0,31.0,0.0,0.0,40.5,68.2,30.5
C1U840,東澳嶺,24.5378,121.8485,55.0,0.0,117.0,0.0,18.0,0.0,0.0,54.7,45.0,22.5
C1D630,飛鳳山,24.766464,121.119178,35.0,0.0,94.0,66.0,27.0,0.0,0.0,61.9,70.6,35.0
C0S940,石寧山,23.223772,121.406639,28.0,125.0,108.0,63.0,29.0,65.0,55.8,86.7,93.4,27.5
C0K410,北港,23.573957,120.292802,2.0,81.0,63.0,51.0,31.0,48.714285714285715,84.7,84.8,77.2,30.5
C2M620,瑞里,23.545133,120.675197,45.0,116.0,128.0,0.0,31.0,0.0,0.0,65.0,0.0,30.5
C0SB70,小港漁港,23.158558,121.400431,30.0,85.0,86.0,37.0,29.0,0.0,0.0,19.6,50.8,0.0
C2O950,安南,23.076694,120.144861,5.0,107.0,66.0,15.0,32.0,7.142857142857143,11.0,34.5,42.2,30.5
C0F0E0,南湖圈谷,24.363714,121.444667,0.0,0.0,0.0,0.0,23.0,0.0,0.0,0.0,0.0,21.0
467610,成功,23.097486,121.373428,31.0,109.0,82.0,60.0,29.0,39.42857142857143,99.3,59.6,55.2,27.5
C0G890,伸港,24.148933,120.484403,11.0,89.0,64.0,39.0,30.0,54.57142857142857,84.6,92.1,48.8,30.0
C2E540,龍溪,24.606489,120.783933,16.0,111.0,42.0,50.0,26.0,22.571428571428573,8.2,72.2,126.4,29.5
C1V200,梅山,23.268447,120.823556,59.0,0.0,113.0,0.0,26.0,0.0,0.0,60.5,17.0,27.0
C0T9H0,加路蘭山,23.682947,121.5274,43.0,108.0,120.0,1.0,22.0,0.0,90.9,60.7,47.2,26.0
C2O930,玉井,23.126042,120.46055,0.0,130.0,108.0,56.0,29.0,7.0,12.3,47.0,65.0,29.0
C1F911,新伯公,24.221361,120.841069,26.0,0.0,101.0,53.0,25.0,0.0,0.0,48.3,56.0,28.5
C0R490,九如,22.7405,120.490503,9.0,111.0,80.0,63.0,31.0,46.285714285714285,102.9,74.2,61.4,28.5
C0X200,左鎮,23.056758,120.408522,3.0,129.0,102.0,56.0,29.0,62.714285714285715,117.5,96.1,79.6,29.0
C0FA60,鞍馬山工作站,24.267064,121.000793,0.0,72.0,80.0,0.0,26.0,0.0,0.0,0.0,0.0,0.0
C0SB50,叭嗡嗡,23.047062,121.343223,27.0,65.0,105.0,62.0,29.0,0.0,0.0,24.7,42.6,0.0
C1F891,稍來,24.265689,121.001142,0.0,0.0,85.0,0.0,26.0,0.0,0.0,56.0,0.0,29.5
72N240,七股研究中心,23.081672,120.062894,5.0,123.0,64.0,14.0,32.0,33.57142857142857,63.8,71.5,42.8,30.5
C0C700,中壢,24.977661,121.256375,13.0,32.0,74.0,55.0,27.0,51.42857142857143,37.0,101.3,69.8,35.5
C0M690,水上,23.419734,120.388909,4.0,83.0,103.0,72.0,31.0,76.57142857142857,88.8,92.0,76.4,30.5
C0V690,鼓山,22.623325,120.275575,6.0,107.0,66.0,28.0,31.0,40.142857142857146,94.8,71.4,55.0,28.5
C0O860,大內,23.11885,120.36083,1.0,126.0,77.0,71.0,29.0,54.57142857142857,113.6,90.9,90.6,29.0
C0Z200,萬榮,23.709219,121.420106,52.0,104.0,108.0,52.0,22.0,63.285714285714285,71.5,104.9,78.4,26.0
C0T9D0,和中,24.26676,121.74103,31.0,122.0,84.0,37.0,23.0,40.142857142857146,80.1,85.2,77.6,21.0
C1O921,楠西,23.183511,120.484083,1.0,0.0,103.0,50.0,29.0,0.0,0.0,46.9,56.4,29.0
C0AJ30,淡水觀海,25.184591,121.408616,6.0,63.0,42.0,20.0,31.0,37.142857142857146,18.2,89.2,41.4,38.5
C0V810,左營,22.67491,120.28491,7.0,101.0,43.0,10.0,31.0,37.142857142857146,83.4,74.1,43.0,28.5
C0UA70,桃源谷,24.962606,121.888875,22.0,118.0,128.0,72.0,24.0,0.0,72.6,53.6,91.8,28.5
C0X130,官田,23.193217,120.315422,1.0,129.0,82.0,63.0,29.0,43.714285714285715,96.0,86.9,80.8,29.0
C1H000,翠峰,24.109397,121.205211,14.0,0.0,37.0,0.0,25.0,0.0,0.0,38.0,0.0,28.5
C0UA90,石城,24.980444,121.951214,13.0,119.0,110.0,76.0,24.0,36.285714285714285,25.9,87.4,81.6,28.5
C1E681,南勢山,24.421669,120.923831,26.0,0.0,118.0,0.0,26.0,0.0,0.0,62.6,3.8,29.5
C0A9F0,內湖,25.079422,121.57545,11.0,41.0,94.0,42.0,28.0,33.57142857142857,53.5,90.1,58.4,36.5
C0K291,宜梧,23.536281,120.169329,5.0,119.0,65.0,25.0,33.0,47.857142857142854,109.8,79.8,61.8,35.5
C1K540,口湖,23.585344,120.180517,14.0,0.0,95.0,26.0,33.0,0.0,0.0,39.2,51.6,35.5
C0R780,滿州,22.024403,120.839892,11.0,130.0,125.0,21.0,28.0,53.285714285714285,59.4,109.5,40.8,32.5
C0V870,文安,22.8025,120.2164,7.0,120.0,51.0,25.0,32.0,32.57142857142857,22.9,66.7,43.8,30.5
C0U650,玉蘭,24.675286,121.587061,51.0,108.0,111.0,43.0,23.0,79.14285714285714,72.9,104.8,84.6,21.0
C0R640,東港,22.46247,120.44074,7.0,103.0,69.0,52.0,31.0,39.857142857142854,68.1,73.8,43.6,28.5
C0AJ80,板橋,25.0107,121.4489,12.0,31.0,86.0,46.0,27.0,35.285714285714285,8.6,87.8,58.6,35.5
C0S660,下馬,23.150427,121.070312,43.0,124.0,123.0,0.0,26.0,0.0,51.2,56.6,15.4,28.5
C1H9B1,阿眉,24.1263,120.994672,1.0,0.0,110.0,0.0,25.0,0.0,0.0,63.7,0.0,28.5
C0UA20,多加屯,24.368614,121.373189,0.0,21.0,22.0,0.0,23.0,0.0,17.1,21.7,0.0,21.0
C0E730,頭份,24.688247,120.912206,17.0,43.0,72.0,65.0,26.0,58.57142857142857,45.1,76.3,60.6,29.5
72V140,高改旗南分場,22.857861,120.516667,2.0,125.0,110.0,69.0,29.0,44.285714285714285,98.5,93.3,79.0,29.0
C0K480,莿桐,23.761192,120.502372,5.0,91.0,55.0,62.0,30.0,50.57142857142857,57.0,81.2,77.6,30.0
C0U980,坪林石牌,24.86478,121.77396,40.0,123.0,124.0,54.0,24.0,0.0,85.1,53.1,81.0,28.5
C0T900,西林,23.8119,121.441458,57.0,117.0,107.0,54.0,23.0,66.85714285714286,59.2,106.5,86.2,23.5
C1I150,青雲,23.793361,120.949378,37.0,0.0,96.0,51.0,25.0,0.0,0.0,57.0,40.6,28.5
467350,澎湖,23.565503,119.563094,24.0,127.0,105.0,13.0,38.0,84.85714285714286,107.7,117.6,56.0,43.5
C0G800,埔鹽,24.000394,120.431683,10.0,87.0,66.0,21.0,30.0,42.857142857142854,98.4,82.1,49.4,30.0
C0H960,草屯,23.973672,120.68085,5.0,57.0,93.0,70.0,30.0,64.42857142857143,69.5,99.3,88.6,30.0
C1V780,多納林道,22.888028,120.737917,57.0,0.0,108.0,0.0,29.0,0.0,0.0,63.4,4.4,29.0
C0E920,通霄漁港,24.498589,120.673876,16.0,110.0,73.0,9.0,26.0,63.857142857142854,23.8,91.4,41.4,30.5
C0Z330,安通山,23.290728,121.348528,63.0,130.0,111.0,41.0,22.0,95.0,70.9,97.2,70.0,26.0
C0AH10,永和,25.01125,121.508111,12.0,38.0,86.0,46.0,28.0,31.285714285714285,45.4,84.6,57.8,36.5
C0AK10,太平里,25.134937,121.364899,8.0,28.0,46.0,49.0,30.0,0.0,0.0,28.1,23.8,0.0
C2G640,鹿港,24.0753,120.430481,11.0,119.0,66.0,31.0,30.0,6.142857142857143,9.8,36.9,47.4,30.0
C1E890,國三N149K,24.463414,120.680019,16.0,0.0,77.0,44.0,26.0,0.0,0.0,49.8,49.2,30.5
C1R110,口社,22.770111,120.645222,17.0,0.0,81.0,34.0,29.0,0.0,0.0,40.4,47.4,29.0
C1M870,國三N285K,23.550319,120.505833,6.0,0.0,54.0,39.0,31.0,0.0,0.0,34.4,56.4,30.5
C1E480,鳳美,24.554803,121.034747,40.0,0.0,123.0,52.0,26.0,0.0,0.0,52.0,65.6,29.5
C0M530,奮起湖,23.493903,120.699253,34.0,58.0,129.0,0.0,31.0,0.0,110.2,65.0,0.0,30.5
C0C590,觀音,25.027072,121.153317,15.0,62.0,88.0,64.0,30.0,50.714285714285715,86.1,100.9,57.8,37.5
C0T9M0,靜浦,23.455167,121.495028,29.0,128.0,106.0,69.0,22.0,60.714285714285715,74.1,99.3,79.4,26.0
C2H9M0,發祥,24.154094,121.164517,31.0,73.0,91.0,0.0,25.0,0.0,0.0,39.0,1.0,0.0
C0AI40,石牌,25.115597,121.513139,8.0,42.0,62.0,24.0,28.0,37.142857142857146,17.6,96.1,58.2,36.5
C1F871,上谷關,24.203483,121.018644,51.0,0.0,121.0,0.0,25.0,0.0,0.0,62.9,1.4,28.5
C2H9G0,百勝,24.051142,120.909361,30.0,119.0,73.0,31.0,25.0,0.0,0.0,28.6,21.8,0.0
C0G880,二水,23.810742,120.6173,7.0,96.0,55.0,53.0,30.0,59.142857142857146,92.2,84.8,52.2,30.0
C0R940,加祿堂,22.3363,120.6217,10.0,80.0,81.0,27.0,31.0,31.857142857142858,14.7,59.8,36.4,28.5
C0W220,北竿,26.220358,119.974881,14.0,120.0,93.0,34.0,70.0,0.0,12.1,59.0,47.2,76.0
C0O960,崎頂,22.959547,120.369317,5.0,120.0,107.0,61.0,29.0,55.285714285714285,122.2,79.2,84.4,29.0
C0TA40,秀林,24.302864,121.731144,49.0,111.0,124.0,0.0,23.0,0.0,0.0,0.0,0.0,0.0
C0S750,向陽,23.248397,120.986133,7.0,74.0,37.0,0.0,26.0,0.0,33.7,42.9,0.0,28.5
C0T9F0,水璉,23.797131,121.542514,64.0,130.0,111.0,51.0,23.0,79.28571428571429,91.5,111.4,86.8,23.5
C1M600,頭凍,23.406364,120.603339,37.0,0.0,125.0,0.0,31.0,0.0,0.0,64.9,0.4,30.5
467660,臺東,22.752211,121.154586,34.0,75.0,57.0,3.0,26.0,46.57142857142857,63.8,74.2,42.8,28.5
C1D380,新埔,24.84745,121.03834,12.0,0.0,69.0,43.0,27.0,0.0,0.0,47.8,54.4,35.0
C2G980,田頭村,23.8263,120.444175,0.0,118.0,90.0,71.0,30.0,0.0,0.0,22.6,54.6,0.0
C0V750,路竹,22.854997,120.259439,11.0,62.0,71.0,22.0,29.0,35.857142857142854,69.8,71.4,52.6,29.0
C0N050,蚵寮,23.301,120.1104,5.0,129.0,67.0,27.0,33.0,45.714285714285715,24.9,76.5,47.4,35.5
72M700,南改鹿草分場,23.416869,120.283061,7.0,116.0,73.0,51.0,31.0,44.857142857142854,64.5,87.6,72.8,30.5
C1SA50,利嘉林道,22.82325,121.009389,42.0,0.0,103.0,0.0,26.0,0.0,0.0,62.2,1.4,28.5
C0UB70,太平山中間站,24.542003,121.513453,55.0,117.0,90.0,11.0,23.0,0.0,0.0,0.0,0.0,0.0
C0A940,金山,25.223628,121.643967,8.0,75.0,85.0,23.0,31.0,40.0,94.4,90.6,57.6,38.5
C1V340,大津,22.888322,120.645986,16.0,0.0,120.0,63.0,29.0,0.0,0.0,39.5,76.0,29.0
C0W180,七美,23.219333,119.444892,23.0,129.0,92.0,15.0,39.0,0.0,13.0,58.2,52.4,36.0
C1F9C1,白冷,24.182844,120.929889,53.0,0.0,113.0,41.0,25.0,0.0,0.0,55.0,19.8,28.5
K2E710,苗改生物防治研究中心,24.422861,120.871833,17.0,128.0,123.0,62.0,26.0,78.85714285714286,79.2,102.5,88.6,29.5
C0N040,蘆竹溝,23.2344,120.0961,5.0,128.0,72.0,28.0,32.0,45.42857142857143,25.5,75.7,48.8,30.5
C0D760,大坪苗圃,24.5362,121.1108,52.0,104.0,130.0,0.0,26.0,0.0,0.0,0.0,0.0,0.0
C2W230,畜試所澎湖,23.628342,119.513206,18.0,127.0,106.0,14.0,38.0,13.285714285714286,12.7,57.7,57.4,43.5
C0R880,後壁湖,21.9457,120.7457,7.0,119.0,119.0,36.0,31.0,49.42857142857143,24.4,107.3,50.4,30.5
C1I280,埔中,23.820778,120.642594,25.0,0.0,97.0,49.0,30.0,0.0,0.0,49.0,34.4,30.0
467790,墾丁雷達站,21.948235,120.808028,7.0,0.0,125.0,26.0,28.0,56.57142857142857,0.0,111.4,46.0,32.5
C0W190,望安,23.380564,119.494075,26.0,128.0,104.0,15.0,38.0,0.0,12.8,58.8,54.6,43.5
C0Z170,卓溪,23.3443,121.3029,39.0,74.0,124.0,59.0,22.0,64.0,62.5,85.0,87.4,26.0
C0F850,東勢,24.246428,120.833047,27.0,80.0,83.0,68.0,25.0,84.14285714285714,90.4,105.2,72.8,28.5
466900,淡水,25.164889,121.448906,8.0,63.0,46.0,49.0,31.0,34.57142857142857,69.6,86.5,42.6,38.5
C0I370,魚池,23.895703,120.94135,50.0,114.0,97.0,18.0,25.0,0.0,98.9,54.7,15.8,28.5
C0C630,大溪,24.882853,121.265547,12.0,58.0,83.0,56.0,27.0,52.714285714285715,62.2,99.9,66.8,35.5
C0A520,山佳,24.974944,121.402008,14.0,64.0,86.0,44.0,27.0,36.0,59.6,92.9,63.4,35.5
C0I110,竹山,23.761225,120.688156,7.0,124.0,64.0,55.0,30.0,75.0,100.8,97.5,40.2,30.0
82H840,茶改南部分場,23.762528,120.7405,20.0,130.0,93.0,54.0,30.0,82.0,115.6,118.8,14.4,30.0
C0G660,溪湖,23.94835,120.479122,3.0,64.0,84.0,65.0,30.0,56.285714285714285,104.8,89.0,84.0,30.0
C1T800,洛韶,24.204558,121.453956,44.0,0.0,130.0,0.0,23.0,0.0,0.0,64.7,0.0,23.5
C1T810,慈恩,24.192044,121.388386,17.0,0.0,106.0,0.0,23.0,0.0,0.0,59.2,0.0,23.5
C1E451,象鼻,24.368617,120.940228,29.0,0.0,125.0,0.0,26.0,0.0,0.0,63.1,3.8,29.5
C0AC60,三峽,24.939025,121.369728,11.0,56.0,56.0,58.0,27.0,34.714285714285715,59.3,90.2,64.0,35.5
C0I490,萬大林道,23.928228,121.091411,31.0,84.0,130.0,0.0,25.0,0.0,88.2,62.7,0.4,28.5
C1I290,豐丘,23.668178,120.887417,54.0,0.0,130.0,0.0,26.0,0.0,0.0,65.0,0.0,27.0
C1I320,奧萬大,23.952956,121.178556,51.0,0.0,122.0,0.0,25.0,0.0,0.0,64.3,0.2,28.5
C2M910,嘉義大學,23.471325,120.485903,1.0,114.0,101.0,68.0,31.0,0.0,0.0,23.8,44.0,0.0
C0U770,南澳,24.44935,121.81022,50.0,127.0,113.0,37.0,18.0,36.857142857142854,74.0,101.0,69.4,22.5
C0A980,社子,25.109508,121.469681,7.0,42.0,46.0,50.0,28.0,34.285714285714285,51.8,89.5,51.4,36.5
C0V800,六龜,22.997889,120.633583,11.0,128.0,114.0,66.0,29.0,66.71428571428571,113.7,82.6,80.6,29.0
C1G9D0,國一S218K,23.890641,120.493253,3.0,0.0,86.0,71.0,30.0,0.0,0.0,38.5,86.8,30.0
C0E570,白沙屯,24.549447,120.696803,16.0,105.0,67.0,57.0,26.0,0.0,0.0,29.2,35.0,0.0
C2F9A0,中竹林,24.103556,120.751061,14.0,123.0,97.0,57.0,25.0,10.857142857142858,11.0,43.8,33.8,28.5
C0FA40,臺中電廠,24.2146,120.4907,11.0,102.0,67.0,41.0,30.0,53.42857142857143,17.9,92.4,48.0,30.0
C2G9A0,畜試所彰化,23.86045,120.557964,5.0,78.0,62.0,76.0,30.0,0.0,0.0,22.9,54.2,0.0
C0H9C0,合歡山,24.143442,121.272547,0.0,0.0,0.0,0.0,23.0,0.0,2.1,0.0,0.0,23.5
C0X060,下營,23.22695,120.256261,0.0,40.0,78.0,59.0,29.0,44.714285714285715,91.4,87.6,78.2,29.0
G2M350,農試溪口農場,23.58565,120.408111,6.0,106.0,66.0,60.0,31.0,55.57142857142857,65.5,83.7,66.6,30.5
C0U860,頭城,24.85323,121.8308,20.0,124.0,118.0,72.0,24.0,34.714285714285715,76.9,95.3,93.4,28.5
C0R580,南州,22.48591,120.50274,7.0,129.0,69.0,52.0,31.0,40.714285714285715,108.3,71.1,39.2,28.5
C0D430,峨眉,24.6905,121.017189,17.0,124.0,44.0,51.0,26.0,56.42857142857143,111.8,81.5,67.2,29.5
C0G780,秀水,24.03405,120.503869,5.0,105.0,67.0,57.0,30.0,44.714285714285715,81.1,85.6,76.8,30.0
72N100,臺南農改場,23.0605,120.342194,1.0,129.0,79.0,71.0,29.0,48.57142857142857,84.4,129.9,186.4,29.0
C0S900,蘭嶼高中,22.04909,121.51214,16.0,130.0,130.0,62.0,27.0,78.0,67.7,122.9,54.2,33.5
C1F9W0,德基,24.254783,121.190261,0.0,0.0,110.0,0.0,26.0,0.0,0.0,62.2,0.0,29.5
C1Z120,壽豐,23.870853,121.508081,38.0,0.0,77.0,43.0,23.0,0.0,0.0,41.2,59.0,23.5
C0W160,烏坵,24.9944,119.44956,19.0,92.0,118.0,25.0,66.0,0.0,53.2,60.7,51.2,69.0
C1I240,外大坪,23.958697,120.917931,41.0,0.0,100.0,0.0,25.0,0.0,0.0,58.4,7.6,28.5
C1I550,國六W023K,23.979067,120.867742,2.0,0.0,103.0,53.0,25.0,0.0,0.0,39.0,40.2,28.5
C0R870,興海,21.9752,120.8439,7.0,126.0,124.0,26.0,28.0,52.57142857142857,24.1,109.5,48.0,32.5
C0R140,瑪家,22.682903,120.686639,59.0,129.0,108.0,2.0,31.0,0.0,125.3,48.8,51.2,28.5
C0A530,坪林,24.938183,121.70975,22.0,122.0,112.0,74.0,27.0,54.285714285714285,123.0,98.4,112.0,28.0
C0X260,後壁,23.366358,120.362326,5.0,69.0,96.0,61.0,31.0,54.285714285714285,92.2,87.6,78.6,30.5
C0Z230,和平,24.30717,121.77007,31.0,67.0,82.0,38.0,18.0,40.0,41.4,84.9,76.8,22.5
C0G770,福興,24.041289,120.437669,10.0,58.0,66.0,21.0,30.0,43.0,69.2,82.0,49.4,30.0
C0H9A0,神木村,23.532742,120.843667,24.0,121.0,130.0,0.0,26.0,0.0,111.6,65.0,0.0,27.0
C0I460,南投,23.911469,120.687331,3.0,102.0,107.0,66.0,30.0,68.28571428571429,64.7,100.5,72.4,30.0
C0I480,梅峰,24.085272,121.173572,0.0,76.0,63.0,0.0,25.0,0.0,50.9,49.7,0.0,28.5
C1V570,吉東,22.85422,120.5454,3.0,0.0,110.0,70.0,29.0,0.0,0.0,49.3,80.0,29.0
C2D740,屯原,24.067969,121.209389,3.0,43.0,72.0,0.0,25.0,0.0,0.0,32.2,0.0,0.0
C2A560,福山,24.776203,121.502811,30.0,122.0,129.0,68.0,26.0,6.142857142857143,0.0,54.6,97.4,26.0
C0AH30,五分山,25.07125,121.780794,31.0,119.0,124.0,58.0,25.0,0.0,90.5,55.2,67.6,34.5
C0FA10,松柏,24.429115,120.617482,16.0,102.0,71.0,40.0,26.0,58.857142857142854,24.5,91.8,44.8,30.5
72S200,東改班鳩分場,22.829528,121.077694,67.0,108.0,87.0,50.0,26.0,61.285714285714285,103.6,93.9,59.4,28.5
72HA00,中改埔里分場,23.903208,120.963364,49.0,130.0,87.0,19.0,25.0,0.0,77.1,49.4,14.0,28.5
C2H9W0,大坪頂農水,24.043122,120.932781,41.0,123.0,45.0,0.0,25.0,0.0,0.0,35.8,2.2,0.0
C0C650,平鎮,24.897503,121.214636,11.0,74.0,78.0,58.0,28.0,61.57142857142857,72.9,106.7,76.8,35.5
C0S930,延平,22.902581,121.084058,63.0,102.0,79.0,53.0,26.0,66.71428571428571,42.4,95.4,72.4,28.5
C0UA60,樟樹山,24.41393,121.78325,50.0,124.0,105.0,18.0,18.0,0.0,72.8,51.1,86.4,22.5
C1S670,摩天,23.199503,121.027,24.0,0.0,106.0,0.0,26.0,0.0,0.0,60.8,0.2,28.5
C0V630,茄萣,22.906642,120.182608,10.0,113.0,71.0,22.0,32.0,33.857142857142854,82.9,71.6,45.8,30.5
466940,基隆,25.133314,121.740475,8.0,63.0,88.0,23.0,27.0,30.857142857142858,62.1,83.2,45.8,34.0
C0X050,東河,23.296598,120.385608,0.0,49.0,74.0,41.0,31.0,65.42857142857143,89.6,85.4,67.2,30.5
C0R770,保力,22.071122,120.764111,3.0,130.0,118.0,26.0,28.0,55.714285714285715,61.1,111.8,46.8,32.5
G2L020,農試嘉義分所,23.485028,120.473806,5.0,114.0,70.0,54.0,31.0,58.0,97.8,80.0,55.2,30.5
C0X240,關子嶺,23.331169,120.508025,7.0,130.0,105.0,51.0,31.0,89.0,113.1,110.0,45.4,30.5
C0I380,集集,23.828206,120.801467,8.0,94.0,101.0,58.0,25.0,76.57142857142857,84.3,109.3,30.8,28.5
466990,花蓮,23.975128,121.613275,33.0,100.0,58.0,11.0,23.0,62.857142857142854,78.0,96.6,58.6,23.5
C1V220,小關山,23.154217,120.813603,11.0,0.0,130.0,0.0,26.0,0.0,0.0,64.0,0.0,28.5
C1F9G1,慶福山,24.180853,120.848378,46.0,0.0,75.0,0.0,25.0,0.0,0.0,55.2,4.4,28.5
C0FB20,雪山橋,24.23192,120.9786,0.0,84.0,85.0,0.0,25.0,0.0,0.0,0.0,0.0,0.0
C0Z250,瑞穗林道,23.49284,121.30688,52.0,121.0,126.0,0.0,22.0,0.0,78.3,62.6,0.0,26.0
C0D590,新豐,24.87068,120.97721,41.0,111.0,103.0,12.0,27.0,62.142857142857146,98.9,78.1,43.8,35.0
C0A870,五指山,25.132153,121.608692,20.0,124.0,117.0,61.0,28.0,0.0,112.5,53.0,74.2,36.5
C0UA50,西帽山,24.555361,121.802628,62.0,114.0,88.0,6.0,18.0,0.0,66.7,50.8,50.2,22.5
C0X160,仁德,22.968258,120.257689,10.0,76.0,64.0,45.0,29.0,40.142857142857146,88.5,79.0,70.2,29.0
C1H971,六分寮,23.92507,120.6378,11.0,0.0,94.0,59.0,30.0,0.0,0.0,52.2,29.6,30.0
C0W120,西嶼,23.5626,119.468436,21.0,128.0,107.0,14.0,38.0,0.0,94.7,57.2,58.6,43.5
C0G650,員林,23.946503,120.585597,6.0,71.0,80.0,73.0,30.0,61.142857142857146,86.5,92.7,86.4,30.0
C0AD50,鶯歌,24.951533,121.346294,11.0,70.0,60.0,58.0,27.0,41.0,76.6,95.3,62.8,35.5
C2H9Q0,北東眼山,24.120939,121.189303,0.0,72.0,93.0,0.0,25.0,0.0,0.0,32.4,0.0,0.0
C2H9T0,名間竹圍,23.859914,120.637572,2.0,113.0,97.0,60.0,30.0,0.0,0.0,34.2,18.6,0.0
C0S990,山豬窟,22.318619,120.857372,32.0,122.0,123.0,72.0,26.0,80.0,54.4,112.3,68.8,28.0
C0X190,安平,22.993161,120.152181,2.0,38.0,58.0,40.0,32.0,34.285714285714285,83.9,72.0,70.0,30.5
C0K400,斗六,23.720583,120.541127,4.0,64.0,49.0,51.0,31.0,51.57142857142857,77.7,81.4,72.2,30.5
12J990,口湖工作站,23.589978,120.180394,14.0,42.0,95.0,26.0,33.0,39.714285714285715,39.9,78.5,51.8,35.5
C0O830,北寮,23.079561,120.495008,0.0,130.0,122.0,56.0,29.0,64.28571428571429,125.1,81.6,65.0,29.0
C1D410,白蘭,24.579364,121.079947,55.0,0.0,130.0,0.0,26.0,0.0,0.0,64.8,0.8,29.5
C0S970,加津林,22.416211,120.926942,15.0,104.0,107.0,57.0,26.0,32.0,45.9,69.3,44.2,28.0
C0D700,關西,24.7977,121.1732,11.0,100.0,86.0,69.0,27.0,56.57142857142857,17.2,47.9,70.6,35.0
C0M810,里佳,23.389125,120.716647,35.0,76.0,130.0,0.0,31.0,0.0,95.7,65.0,0.0,30.5
C0U750,龜山島,24.841667,121.953133,49.0,124.0,130.0,58.0,20.0,55.714285714285715,85.9,108.5,73.2,24.5
C0R810,內獅,22.305064,120.642986,10.0,128.0,81.0,27.0,31.0,31.571428571428573,56.7,59.7,36.2,28.5
C1M390,龍美,23.406728,120.654417,37.0,0.0,130.0,0.0,31.0,0.0,0.0,65.0,0.0,30.5
C2FB60,頭櫃山,24.129842,120.858925,32.0,123.0,127.0,0.0,25.0,0.0,0.0,38.9,1.0,0.0
C1H840,國三N238K,23.841008,120.707711,2.0,0.0,98.0,60.0,30.0,0.0,0.0,50.4,38.6,30.0
CAQ030,崎峰國小,22.42565,120.49521,7.0,129.0,69.0,52.0,31.0,36.42857142857143,29.0,71.1,39.2,28.5
C2E520,大湖,24.414939,120.870872,17.0,128.0,121.0,59.0,26.0,11.142857142857142,12.5,49.6,84.8,29.5
467530,阿里山,23.508208,120.813242,0.0,4.0,85.0,0.0,26.0,0.0,10.8,39.6,0.0,27.0
C1E691,南湖,24.40135,120.837533,44.0,0.0,100.0,0.0,26.0,0.0,0.0,58.2,15.2,29.5
C0FA30,梧棲,24.256003,120.523381,11.0,123.0,65.0,32.0,26.0,53.285714285714285,22.9,92.8,49.4,30.5
C1V231,高中,23.134911,120.716711,47.0,0.0,107.0,10.0,29.0,0.0,0.0,54.3,19.6,29.0
C0AK30,硬漢嶺,25.136097,121.426372,13.0,118.0,117.0,65.0,31.0,0.0,0.0,0.0,0.0,0.0
C0F9V0,新社,24.200172,120.815806,45.0,110.0,111.0,48.0,25.0,0.0,116.4,52.5,30.4,28.5
C0H890,埔里,23.972169,120.952425,16.0,102.0,102.0,44.0,25.0,85.28571428571429,80.2,91.3,36.6,28.5
C0R690,墾丁,21.966756,120.810269,27.0,130.0,126.0,25.0,28.0,66.42857142857143,61.9,124.0,42.0,32.5
C0F0D0,審馬陣,24.381675,121.4203,0.0,0.0,0.0,0.0,23.0,0.0,1.1,9.9,0.0,21.0
C2W030,金門農試所,24.448431,118.451786,0.0,92.0,84.0,31.0,76.0,0.0,0.0,0.0,0.0,0.0
C0R820,白鷺,22.454275,120.666219,53.0,127.0,71.0,13.0,31.0,0.0,62.4,49.9,61.0,28.5
C0FB00,大雪山,24.254668,121.007374,0.0,16.0,59.0,0.0,26.0,0.0,0.0,0.0,0.0,0.0
C1V190,南天池,23.27403,120.91176,8.0,0.0,31.0,0.0,26.0,0.0,0.0,34.1,0.0,27.0
C0E940,雪見,24.42595,121.01347,1.0,35.0,113.0,0.0,26.0,0.0,0.0,0.0,0.0,0.0
K2E360,苗栗農改場,24.495722,120.829111,16.0,103.0,79.0,41.0,26.0,75.0,93.3,116.0,136.0,29.5
CAJ050,海口故事園區,23.57543,120.14121,14.0,126.0,95.0,26.0,33.0,39.714285714285715,27.3,78.4,51.6,35.5
C2H9D0,三隻寮,24.093078,120.861578,40.0,126.0,46.0,0.0,25.0,0.0,0.0,36.0,1.6,0.0
C0O990,媽廟,22.99175,120.293525,5.0,116.0,69.0,58.0,29.0,41.0,112.1,85.9,88.2,29.0
C0D480,打鐵坑,24.849664,121.150789,12.0,107.0,89.0,58.0,28.0,69.42857142857143,116.3,106.5,71.8,35.5
C0Z220,和平林道,24.343922,121.656317,46.0,118.0,129.0,16.0,23.0,0.0,65.6,55.6,70.6,21.0
C0TA10,花蓮漁港,23.995322,121.638331,33.0,49.0,58.0,8.0,23.0,0.0,0.0,28.9,40.0,0.0
72C440,桃園農改場,24.950944,121.030583,12.0,83.0,53.0,37.0,27.0,46.142857142857146,70.0,110.9,106.4,35.0
C1E711,馬拉邦山,24.367306,120.901656,28.0,0.0,125.0,0.0,26.0,0.0,0.0,62.4,7.0,29.5
C0SB20,富岡,22.792467,121.192669,33.0,67.0,65.0,26.0,26.0,0.0,0.0,21.3,35.6,0.0
C0D560,竹東,24.767147,121.057881,11.0,46.0,84.0,67.0,27.0,53.142857142857146,46.8,93.9,72.0,35.0
C0F9U0,南屯,24.137006,120.637969,9.0,41.0,75.0,43.0,30.0,64.85714285714286,33.2,99.5,79.8,30.0
C0M720,番路,23.464657,120.554156,8.0,99.0,109.0,69.0,31.0,80.85714285714286,89.5,101.4,63.6,30.5
C0F0A0,雪山圈谷,24.388594,121.236339,0.0,0.0,0.0,0.0,26.0,0.0,0.1,0.0,0.0,29.5
C1A9N0,四十份,24.934158,121.593283,17.0,0.0,120.0,68.0,27.0,0.0,0.0,49.4,83.4,28.0
C0U760,東澳,24.52196,121.83318,31.0,110.0,101.0,57.0,18.0,36.0,80.4,101.7,77.4,22.5
C0X230,鹽水,23.272621,120.247641,6.0,114.0,69.0,29.0,33.0,42.142857142857146,93.9,81.8,51.2,35.5
C2H9H0,苗改南投蜂場,23.852589,120.693481,1.0,99.0,87.0,63.0,30.0,0.0,0.0,29.3,28.0,0.0
C0R950,萬隆國小,22.507667,120.587817,6.0,106.0,62.0,55.0,31.0,0.0,0.0,18.3,34.8,0.0
467540,大武,22.35572,120.90374,15.0,90.0,101.0,53.0,26.0,31.285714285714285,68.6,67.7,41.4,28.0
C0V370,古亭坑,22.893178,120.401947,3.0,130.0,92.0,59.0,29.0,53.57142857142857,123.6,91.6,89.8,29.0
C1I340,新興橋,23.563333,120.868728,66.0,0.0,102.0,0.0,26.0,0.0,0.0,62.0,1.4,27.0
C0SA80,土坂,22.453108,120.887572,21.0,124.0,92.0,59.0,26.0,44.142857142857146,51.4,88.1,61.6,28.0
C0R160,鹽埔,22.739558,120.530778,9.0,130.0,81.0,64.0,31.0,40.57142857142857,124.3,79.4,63.6,28.5
C0AC40,大屯山,25.175675,121.522408,14.0,118.0,127.0,25.0,31.0,0.0,104.9,59.9,27.4,38.5
466850,五分山雷達站,25.071182,121.781205,31.0,0.0,124.0,58.0,25.0,0.0,0.0,55.5,66.2,34.5
C2H9L0,馬烈霸,24.1512,121.201772,0.0,53.0,93.0,0.0,25.0,0.0,0.0,33.1,0.0,0.0
C1AI50,國三N016K,25.034164,121.619664,11.0,0.0,95.0,44.0,27.0,0.0,0.0,48.2,62.4,34.0
C1V600,藤枝,23.071961,120.757042,34.0,0.0,130.0,0.0,26.0,0.0,0.0,65.0,0.0,28.5
C1E601,南勢,24.572486,120.734842,19.0,0.0,80.0,60.0,26.0,0.0,0.0,50.9,55.8,30.5
C0O980,新市,23.061614,120.298197,1.0,116.0,75.0,69.0,29.0,39.714285714285715,102.3,85.9,92.0,29.0
C0K420,西螺,23.800407,120.467394,0.0,79.0,90.0,71.0,30.0,52.0,76.0,86.3,89.8,30.0
C0Z050,佳心,23.34567,121.21316,43.0,125.0,95.0,0.0,26.0,0.0,71.3,55.6,14.2,27.0
C0AD30,蘆洲,25.086594,121.472331,11.0,39.0,93.0,40.0,28.0,36.57142857142857,29.2,92.8,58.6,36.5
C0V610,梓官,22.760558,120.267211,3.0,97.0,68.0,21.0,29.0,36.285714285714285,93.6,70.4,62.0,29.0
K2F750,種苗改良場,24.225972,120.800917,31.0,114.0,106.0,52.0,25.0,97.85714285714286,96.3,159.4,88.4,28.5
C0UA80,大溪漁港,24.941801,121.902955,17.0,125.0,116.0,76.0,24.0,35.57142857142857,27.6,92.8,99.8,28.5
C1AI60,國一39K邊坡,25.064361,121.383836,13.0,0.0,71.0,52.0,27.0,0.0,0.0,52.8,65.4,35.5
C0W150,金寧,24.457703,118.328989,0.0,77.0,85.0,31.0,76.0,0.0,54.7,51.4,51.4,78.0
C0R960,內埔,22.608483,120.570714,13.0,87.0,51.0,44.0,31.0,0.0,0.0,18.0,36.0,0.0
V2C250,八德合作社,24.93775,121.266389,11.0,65.0,69.0,56.0,27.0,6.714285714285714,22.2,99.7,70.8,35.5
C2H9S0,龍南,23.953536,120.833183,25.0,126.0,113.0,0.0,25.0,0.0,0.0,38.4,0.0,0.0
C0AH40,平等,25.129142,121.577086,11.0,83.0,117.0,64.0,28.0,52.0,85.4,101.7,94.8,36.5
C0R540,佳冬,22.419456,120.552375,8.0,124.0,49.0,13.0,31.0,40.285714285714285,98.0,65.4,44.8,28.5
466950,彭佳嶼,25.627975,122.079744,19.0,127.0,130.0,66.0,32.0,0.0,36.3,63.5,82.8,44.0
C0A890,雙溪,25.036003,121.864242,13.0,128.0,114.0,46.0,25.0,35.142857142857146,118.8,94.4,64.2,29.5
C0C480,桃園,24.992425,121.323172,13.0,29.0,73.0,51.0,27.0,48.0,38.7,99.5,68.4,35.5
C0AH50,林口,25.072181,121.38084,13.0,97.0,73.0,55.0,30.0,41.142857142857146,66.1,96.1,62.2,37.5
A2K360,水試臺西試驗場,23.717231,120.190522,13.0,125.0,67.0,37.0,33.0,44.857142857142854,54.2,81.4,47.6,35.5
C2M960,外寮,23.562643,120.665688,60.0,123.0,128.0,0.0,31.0,0.0,0.0,38.2,0.0,0.0
C0F9S0,烏日,24.107058,120.624103,8.0,39.0,81.0,61.0,30.0,47.0,38.5,88.5,85.0,30.0
C0C490,八德,24.928708,121.283289,11.0,34.0,70.0,56.0,27.0,47.42857142857143,46.9,97.5,71.6,35.5
C0R190,赤山,22.592333,120.614306,14.0,130.0,52.0,47.0,31.0,39.42857142857143,117.7,71.8,53.4,28.5
C0T820,天祥,24.179597,121.495639,53.0,117.0,124.0,27.0,23.0,0.0,68.9,55.0,90.6,23.5
C1F9E1,龍安,24.1605,120.831961,49.0,0.0,105.0,49.0,25.0,0.0,0.0,49.8,19.2,28.5
C0V820,小林,23.148408,120.63325,29.0,128.0,119.0,45.0,29.0,85.85714285714286,74.5,103.3,50.2,29.0
C2G870,芳苑,23.922303,120.320025,11.0,119.0,73.0,8.0,30.0,11.571428571428571,10.7,42.2,39.4,30.0
C0E850,大河,24.618069,120.948578,17.0,93.0,32.0,42.0,26.0,68.85714285714286,90.4,77.9,66.4,29.5
C1U670,寒溪,24.634,121.71691,19.0,0.0,105.0,54.0,23.0,0.0,0.0,44.9,54.2,21.0
C0N020,城西,23.0568,120.0956,2.0,128.0,58.0,40.0,32.0,37.142857142857146,24.9,69.7,64.4,30.5
C1Z110,三棧,24.11557,121.60501,54.0,0.0,121.0,0.0,23.0,0.0,0.0,58.3,45.0,23.5
C0R280,檳榔,22.076078,120.836777,8.0,0.0,113.0,63.0,28.0,64.0,0.0,120.5,63.6,32.5
C2H9J0,中台,23.9996,120.938739,45.0,114.0,86.0,27.0,25.0,0.0,0.0,31.3,18.4,0.0
C0F9L0,后里,24.310436,120.729725,16.0,97.0,74.0,58.0,26.0,88.71428571428571,84.6,103.5,79.4,30.5
467441,高雄,22.730432,120.312516,3.0,122.0,68.0,23.0,31.0,36.57142857142857,34.9,74.5,56.6,28.5
C0Z180,新城,24.040486,121.604878,33.0,95.0,60.0,12.0,23.0,65.28571428571429,72.2,97.2,59.6,23.5
C0D540,橫山,24.71116,121.11693,13.0,126.0,77.0,65.0,26.0,72.28571428571429,110.6,96.6,68.8,29.5
C1D420,太閣南,24.632808,121.160575,52.0,0.0,125.0,0.0,26.0,0.0,0.0,62.6,4.0,29.5
C1E770,公館,24.526914,120.830806,16.0,0.0,75.0,38.0,26.0,0.0,0.0,40.0,64.6,29.5
CAN130,水試所海水繁養殖中心,23.120802,120.07968,5.0,127.0,64.0,14.0,32.0,33.57142857142857,33.9,71.6,42.8,30.5
C1I430,翠華,24.191961,121.224339,0.0,0.0,32.0,0.0,25.0,0.0,0.0,35.0,0.0,28.5
C1M400,菜瓜坪,23.251928,120.576103,24.0,0.0,118.0,49.0,31.0,0.0,0.0,48.7,69.2,30.5
C0G730,二林,23.903325,120.376081,12.0,125.0,64.0,19.0,30.0,46.285714285714285,107.2,84.6,54.2,30.0
72M360,南改義竹分場,23.360694,120.279361,8.0,91.0,64.0,28.0,31.0,41.42857142857143,100.1,86.5,62.6,30.5
V2K620,麥寮合作社,23.753836,120.294783,3.0,97.0,67.0,61.0,30.0,45.142857142857146,14.6,84.0,79.6,30.0
C0Z070,舞鶴,23.46811,121.37407,49.0,127.0,120.0,58.0,22.0,75.85714285714286,84.8,109.8,90.8,26.0
C0B040,大武崙,25.166676,121.706993,8.0,102.0,94.0,26.0,27.0,33.142857142857146,26.2,85.1,51.2,34.0
C1Z030,紅葉,23.493119,121.338806,46.0,0.0,108.0,56.0,22.0,0.0,0.0,51.8,88.4,26.0
C1I050,丹大,23.753747,121.141147,10.0,0.0,40.0,0.0,25.0,0.0,0.0,30.7,0.0,28.5
C0I080,信義,23.689694,120.851036,44.0,127.0,103.0,58.0,26.0,0.0,99.5,49.1,57.6,27.0
C0D750,樂山林道6k,24.49999,121.08773,0.0,40.0,91.0,0.0,26.0,0.0,0.0,0.0,0.0,0.0
C2M920,朴子農改,23.469889,120.259383,7.0,90.0,73.0,51.0,31.0,0.0,0.0,27.7,45.2,0.0
C2A880,福隆,25.017842,121.942083,13.0,124.0,110.0,76.0,25.0,6.428571428571429,0.0,49.9,82.4,29.5
C0Z160,鳳林,23.746114,121.453411,44.0,79.0,105.0,53.0,22.0,64.0,80.6,99.8,72.2,26.0
C0UB80,翠峰林道6K,24.49773,121.568625,1.0,63.0,88.0,0.0,23.0,0.0,0.0,0.0,0.0,0.0
C0V210,復興,23.222403,120.806089,55.0,128.0,104.0,1.0,26.0,0.0,101.8,51.6,45.4,28.5
C0H990,昆陽,24.121322,121.273642,3.0,2.0,1.0,0.0,23.0,0.0,2.5,1.1,0.0,23.5
C0R741,獅子,22.202308,120.705236,8.0,77.0,118.0,36.0,31.0,0.0,0.0,24.6,26.2,0.0
C0S710,鹿野,22.917711,121.122994,57.0,128.0,97.0,35.0,26.0,90.0,64.5,104.3,73.0,28.5
C0I530,小奇萊,24.131764,121.295717,3.0,1.0,0.0,0.0,23.0,0.0,0.2,0.3,0.0,23.5
C0FA70,大雪山埡口,24.26867,121.03062,0.0,40.0,30.0,0.0,26.0,0.0,0.0,0.0,0.0,0.0
C2K630,荷苞,23.657717,120.595144,7.0,129.0,59.0,38.0,31.0,0.0,0.0,24.4,41.6,0.0
C0Z080,富源,23.587642,121.378225,45.0,127.0,129.0,54.0,22.0,77.57142857142857,85.5,106.7,86.8,26.0
C0SB10,美和,22.682078,121.060236,25.0,58.0,55.0,45.0,26.0,0.0,0.0,17.8,28.8,0.0
C2K620,馬光農場,23.721453,120.378864,0.0,118.0,70.0,63.0,31.0,0.0,0.0,22.6,55.6,0.0
C1I140,卡奈托灣,23.754364,121.087872,23.0,0.0,104.0,0.0,25.0,0.0,0.0,63.9,0.0,28.5
C0I520,玉山風口,23.470489,120.955994,0.0,0.0,0.0,0.0,26.0,0.0,0.0,0.0,0.0,27.0
C1G691,下水埔,23.816114,120.5676,5.0,0.0,56.0,63.0,30.0,0.0,0.0,36.3,79.8,30.0
C0X110,臺南市南區,22.961189,120.188378,10.0,96.0,64.0,45.0,32.0,35.857142857142854,76.1,72.3,60.2,30.5
C0V680,仁武,22.701083,120.347722,7.0,72.0,43.0,10.0,31.0,37.857142857142854,85.9,74.8,43.6,28.5
C2G840,北斗,23.877586,120.514222,3.0,101.0,87.0,71.0,30.0,5.714285714285714,8.7,38.9,87.2,30.0
C0R900,竹坑,22.1385,120.7022,3.0,49.0,112.0,10.0,31.0,36.0,13.8,64.6,30.6,30.5
C0K250,崙背,23.75555,120.318925,3.0,49.0,67.0,61.0,30.0,50.285714285714285,89.8,84.4,80.0,30.0
C0G860,社頭,23.897647,120.5862,5.0,117.0,62.0,75.0,30.0,62.142857142857146,63.3,91.6,82.8,30.0
C0X150,安定,23.102614,120.227839,0.0,119.0,84.0,64.0,32.0,35.57142857142857,97.1,78.4,76.0,30.5
C0R590,里港,22.77919,120.49459,1.0,129.0,96.0,70.0,29.0,40.285714285714285,111.2,88.3,90.2,29.0
C0E610,馬都安,24.451272,120.930192,40.0,120.0,105.0,0.0,26.0,0.0,114.2,56.7,23.0,29.5
C0E550,明德,24.583486,120.885411,16.0,87.0,50.0,49.0,26.0,69.28571428571429,79.1,75.9,64.0,29.5
C0R150,三地門,22.709889,120.639944,16.0,73.0,81.0,33.0,31.0,41.57142857142857,87.0,79.2,47.2,28.5
C0G910,花壇,24.032076,120.549461,6.0,125.0,69.0,58.0,30.0,46.714285714285715,27.8,87.2,78.8,30.0
C1D400,鳥嘴山,24.71909,121.28387,49.0,0.0,92.0,17.0,23.0,0.0,0.0,55.4,29.2,21.0
C0K500,元長,23.64981,120.315024,1.0,100.0,62.0,61.0,31.0,51.714285714285715,70.0,87.0,80.2,30.5
C0F0B0,石岡,24.276061,120.777644,16.0,126.0,80.0,61.0,26.0,76.0,87.7,92.8,74.2,29.5
C2V250,甲仙,23.080106,120.591758,4.0,130.0,123.0,46.0,29.0,9.285714285714286,12.7,51.8,58.2,29.0
C0SA20,金崙山,22.567419,120.959667,46.0,125.0,121.0,2.0,26.0,0.0,58.2,57.9,21.0,28.0
C0V350,溪埔,22.738578,120.446797,1.0,105.0,88.0,61.0,31.0,39.42857142857143,115.8,77.1,92.8,28.5
C0M660,溪口,23.604131,120.403569,6.0,91.0,66.0,60.0,31.0,61.714285714285715,92.2,83.7,66.8,30.5
C1S880,壽卡,22.238911,120.858903,39.0,0.0,111.0,70.0,28.0,0.0,0.0,56.8,72.4,32.5
72D680,桃改新埔分場,24.834444,121.066111,12.0,94.0,70.0,43.0,27.0,47.57142857142857,37.9,91.3,57.0,35.0
C2H9K0,屯原,24.067969,121.209389,3.0,65.0,61.0,0.0,25.0,0.0,0.0,0.0,0.0,0.0
