站號,站名,lat,lon,BlastGRU-TW_this_year,BlastDT2_this_year,BlastLSTLS_this_year,BLBTSLS_this_year,planthopper_this_year,BlastGRU-TW_avg,BlastDT2_avg,BlastLSTLS_avg,BLBTSLS_avg,planthopper_avg
C2K300,鹿南,23.63855,120.3636,6.0,0.0,9.0,1.0,3.0,0.0,0.0,2.0,0.0,0.5
C1R110,口社,22.770111,120.645222,6.0,0.0,1.0,3.0,3.0,0.125,0.0,27.6,22.4,21.25
467790,墾丁雷達站,21.948235,120.808028,11.0,0.0,21.0,12.0,23.0,38.875,0.0,80.1,17.4,34.75
466850,五分山雷達站,25.071182,121.781205,37.0,0.0,29.0,26.0,18.0,0.125,0.0,41.9,37.2,23.0
C2M9E0,旺來山,23.555153,120.486463,34.0,0.0,73.0,83.0,27.0,0.0,0.0,0.0,0.0,0.0
C0K500,元長,23.64981,120.315024,25.0,72.0,63.0,47.0,27.0,26.5,61.2,56.3,45.2,33.75
C0V790,萬山,22.905944,120.688056,37.0,97.0,97.0,53.0,31.0,50.875,91.4,71.5,48.8,34.0
C0R780,滿州,22.024403,120.839892,28.0,96.0,73.0,10.0,29.0,36.625,56.7,78.2,18.8,34.75
C0W140,金沙,24.488292,118.408778,23.0,79.0,80.0,28.0,71.0,0.125,65.4,35.1,11.6,73.75
C0O860,大內,23.11885,120.36083,17.0,98.0,91.0,56.0,31.0,32.375,87.0,61.8,58.8,34.0
C0Z190,富世,24.14743,121.6297,12.0,68.0,81.0,66.0,19.0,40.375,49.0,84.6,25.2,26.25
467620,蘭嶼,22.0369,121.55843,51.0,97.0,98.0,28.0,29.0,74.375,39.2,98.0,22.6,34.0
C0R640,東港,22.46247,120.44074,18.0,63.0,85.0,54.0,27.0,20.75,61.3,49.7,23.2,35.25
C0G620,芬園,24.015678,120.6213,20.0,91.0,86.0,54.0,26.0,39.25,89.9,74.7,57.0,34.25
C0X260,後壁,23.366358,120.362326,17.0,63.0,67.0,44.0,27.0,30.75,78.2,61.2,42.2,33.75
C0FA40,臺中電廠,24.2146,120.4907,23.0,70.0,59.0,27.0,26.0,30.25,21.1,57.6,15.2,34.25
C0SD20,富山,22.822383,121.190825,32.0,84.0,30.0,28.0,26.0,0.0,0.0,2.5,0.0,0.5
C0I520,玉山風口,23.470489,120.955994,0.0,0.0,0.0,0.0,24.0,0.0,0.0,0.0,0.0,28.0
C0T790,大禹嶺,24.186117,121.316086,0.0,0.0,10.0,0.0,19.0,0.0,30.9,7.0,0.0,26.25
C0T9A0,月眉山,23.809928,121.539828,54.0,95.0,89.0,47.0,19.0,62.375,84.7,91.0,48.6,26.25
C0C650,平鎮,24.897503,121.214636,25.0,60.0,60.0,34.0,27.0,43.625,53.7,70.9,41.0,36.25
C0U960,翠峰湖,24.510856,121.608044,22.0,77.0,91.0,0.0,19.0,0.0,58.7,44.0,0.0,25.25
C0V800,六龜,22.997889,120.633583,25.0,79.0,97.0,63.0,31.0,38.875,88.1,56.8,54.8,34.0
C0V770,大社,22.730306,120.346639,22.0,60.0,73.0,45.0,27.0,20.0,63.2,53.8,29.0,35.25
C0TA40,秀林,24.302864,121.731144,58.0,87.0,79.0,0.0,19.0,0.125,9.0,9.6,0.0,5.75
C0A931,三和,25.233153,121.595236,23.0,96.0,54.0,53.0,29.0,18.75,89.3,66.3,49.8,39.0
12J990,口湖工作站,23.589978,120.180394,25.0,92.0,69.0,19.0,32.0,19.75,36.8,52.6,21.2,37.5
C0R670,楓港,22.190131,120.692156,25.0,62.0,54.0,16.0,26.0,18.25,34.5,47.9,21.8,35.75
C2H9T0,名間竹圍,23.859914,120.637572,28.0,90.0,70.0,41.0,26.0,0.0,8.5,22.3,11.8,7.5
C0G730,二林,23.903325,120.376081,23.0,94.0,59.0,38.0,26.0,25.625,93.9,53.1,20.2,34.25
C0G950,防潮門,24.1835,120.4871,22.0,81.0,54.0,28.0,26.0,29.625,25.2,57.4,14.6,34.25
C2E970,八甲,24.535811,120.795983,34.0,80.0,71.0,30.0,21.0,0.0,8.1,15.3,19.0,6.5
C0F0E0,南湖圈谷,24.363714,121.444667,0.0,0.0,0.0,0.0,19.0,0.0,0.0,0.0,0.0,25.25
C0AD10,八里,25.150211,121.403947,8.0,82.0,27.0,13.0,29.0,21.125,42.6,50.0,15.4,39.0
C0W150,金寧,24.457703,118.328989,23.0,76.0,78.0,28.0,71.0,0.0,58.7,33.9,18.4,73.75
C0H9C0,合歡山,24.143442,121.272547,0.0,0.0,0.0,0.0,19.0,0.0,0.4,0.0,0.0,26.25
U2HA50,臺大竹山,23.756972,120.681556,25.0,97.0,56.0,42.0,26.0,45.125,62.7,62.1,19.8,34.25
C0X170,關廟,22.963017,120.327797,17.0,62.0,79.0,57.0,31.0,22.75,72.1,63.2,53.4,34.0
C0S750,向陽,23.248397,120.986133,14.0,52.0,55.0,0.0,26.0,0.0,37.7,29.6,0.0,32.5
467571,新竹,24.828575,121.01455,30.0,42.0,57.0,27.0,27.0,36.875,27.8,48.5,23.8,35.5
C2M920,朴子農改,23.469889,120.259383,17.0,66.0,64.0,46.0,27.0,0.0,6.9,18.5,20.6,7.75
C0SB50,叭嗡嗡,23.047062,121.343223,25.0,65.0,65.0,34.0,23.0,0.125,5.4,19.7,21.8,7.25
C0R930,萬丹,22.5885,120.4851,17.0,66.0,76.0,56.0,27.0,18.875,16.0,47.8,42.2,35.25
C0X130,官田,23.193217,120.315422,17.0,94.0,91.0,56.0,31.0,24.75,79.3,61.9,47.4,34.0
C0V440,鳳山,22.646653,120.356122,20.0,86.0,75.0,54.0,27.0,22.875,70.6,48.3,24.0,35.25
C0D680,香山濕地,24.783581,120.914988,41.0,89.0,83.0,15.0,27.0,37.875,25.8,41.4,26.8,35.5
C0X160,仁德,22.968258,120.257689,21.0,64.0,73.0,34.0,31.0,21.875,73.0,53.5,37.0,34.0
C2V260,月眉,22.971003,120.539853,19.0,85.0,84.0,64.0,31.0,3.375,17.5,33.0,47.2,21.25
C0G940,竹塘,23.848253,120.386764,23.0,81.0,59.0,38.0,26.0,22.375,28.2,51.4,29.8,34.25
C2M910,嘉義大學,23.471325,120.485903,19.0,72.0,72.0,54.0,27.0,0.0,8.9,16.1,20.2,7.75
C0SB70,小港漁港,23.158558,121.400431,24.0,63.0,55.0,32.0,23.0,0.0,7.1,13.9,25.2,7.25
C2H9E0,國姓南港,23.911108,120.846556,60.0,96.0,95.0,0.0,23.0,0.125,9.4,29.3,0.0,6.25
E2S960,林試太麻里2,22.598,120.99775,21.0,80.0,59.0,49.0,28.0,19.625,39.3,62.9,59.2,33.25
C0R880,後壁湖,21.9457,120.7457,24.0,80.0,68.0,23.0,26.0,34.375,29.2,75.8,20.2,35.75
C0AH80,深坑,25.002703,121.628328,4.0,97.0,52.0,20.0,25.0,17.875,61.9,57.5,27.4,35.0
C2M950,太和,23.538372,120.702961,55.0,95.0,98.0,0.0,27.0,0.125,9.2,29.3,0.0,7.75
467550,玉山,23.48718,120.95943,0.0,2.0,0.0,0.0,24.0,0.0,3.3,0.0,0.0,30.0
C0FB70,大甲溪埔,24.370625,120.620067,29.0,54.0,85.0,20.0,31.0,0.0,5.4,16.3,7.2,6.5
C0G920,永靖,23.924703,120.547533,21.0,38.0,56.0,43.0,26.0,33.5,13.1,61.3,45.8,34.25
C0UA50,西帽山,24.555361,121.802628,52.0,93.0,63.0,6.0,19.0,0.125,64.4,36.3,33.0,23.0
C0T960,光復,23.660694,121.424964,30.0,94.0,65.0,50.0,21.0,34.5,81.4,77.9,39.2,28.75
C0T9M0,靜浦,23.455167,121.495028,25.0,96.0,46.0,35.0,21.0,32.375,65.6,72.6,46.2,28.75
82H320,茶改中部分場,23.875611,120.913583,40.0,97.0,83.0,3.0,23.0,0.125,95.6,40.2,0.6,30.5
C0M680,太保,23.455062,120.331455,17.0,52.0,67.0,42.0,27.0,25.75,72.4,55.3,43.2,33.75
C0K410,北港,23.573957,120.292802,20.0,66.0,65.0,44.0,27.0,25.125,74.5,56.7,41.4,33.75
G2P820,農試鳳山分所,22.646611,120.356083,20.0,66.0,75.0,54.0,27.0,19.625,75.4,48.3,24.0,35.25
72D680,桃改新埔分場,24.834444,121.066111,30.0,51.0,57.0,27.0,27.0,33.25,36.7,55.7,26.6,35.5
C0X250,新營,23.310689,120.316681,17.0,53.0,67.0,52.0,27.0,24.875,66.3,60.3,41.4,33.75
C0M640,中埔,23.42538,120.5229,20.0,47.0,76.0,60.0,27.0,46.5,63.7,60.2,32.4,33.75
C0SA30,都歷,23.020333,121.323642,27.0,47.0,59.0,21.0,23.0,19.375,45.7,46.8,50.6,31.25
C0R890,山海,21.9878,120.7091,24.0,86.0,68.0,23.0,26.0,34.625,28.3,76.3,20.2,35.75
C0X220,學甲,23.230367,120.182187,21.0,60.0,56.0,33.0,35.0,23.125,67.8,53.3,24.2,35.25
C0N040,蘆竹溝,23.2344,120.0961,21.0,96.0,56.0,33.0,35.0,24.875,29.0,51.1,22.8,35.25
C0R280,檳榔,22.076078,120.836777,29.0,0.0,66.0,31.0,29.0,43.625,0.0,87.5,37.6,34.75
C0R860,鼻頭,22.1043,120.8979,25.0,88.0,63.0,11.0,29.0,40.625,25.5,80.9,26.0,34.75
C0K460,斗南,23.678734,120.478359,19.0,72.0,43.0,45.0,27.0,29.25,62.6,51.3,32.0,33.75
C0AH00,汐止,25.066881,121.658778,4.0,68.0,52.0,34.0,25.0,14.625,55.9,52.7,19.6,35.0
K2F750,種苗改良場,24.225972,120.800917,35.0,83.0,80.0,32.0,23.0,65.375,78.3,107.7,60.0,30.5
C0E590,通霄,24.471892,120.704622,39.0,77.0,72.0,18.0,31.0,44.875,76.0,61.6,15.0,33.0
C0AH30,五分山,25.07125,121.780794,51.0,98.0,65.0,20.0,25.0,0.125,86.2,41.7,38.0,34.25
82H840,茶改南部分場,23.762528,120.7405,27.0,82.0,61.0,27.0,26.0,56.875,91.2,86.5,11.4,34.25
C0U760,東澳,24.52196,121.83318,14.0,76.0,36.0,38.0,19.0,13.5,69.0,72.4,48.6,23.0
C0I490,萬大林道,23.928228,121.091411,42.0,85.0,98.0,0.0,23.0,0.125,76.0,48.6,0.4,30.5
C0M790,新港,23.553269,120.345728,19.0,75.0,67.0,55.0,27.0,24.875,62.9,58.7,50.8,33.75
82S580,茶改東部分場,22.907694,121.130139,41.0,75.0,71.0,52.0,26.0,26.875,84.4,70.2,46.6,32.5
CAL110,布袋國中,23.35893,120.18026,21.0,92.0,58.0,26.0,32.0,19.5,34.2,55.1,25.4,37.5
C0FA20,溫寮,24.372177,120.583125,29.0,82.0,85.0,20.0,31.0,33.375,25.5,58.0,13.8,33.0
C0W240,九宮,24.423753,118.240186,27.0,77.0,82.0,30.0,79.0,0.0,7.5,18.1,12.8,22.0
C0V840,鳳鼻頭,22.5083,120.3591,18.0,92.0,85.0,54.0,27.0,19.875,25.6,49.1,36.6,35.25
C0UA00,土場,24.576533,121.495333,22.0,82.0,54.0,37.0,19.0,35.125,58.1,87.1,68.8,25.25
C0M690,水上,23.419734,120.388909,17.0,55.0,67.0,42.0,27.0,46.25,77.6,65.3,42.0,33.75
C0Z220,和平林道,24.343922,121.656317,50.0,85.0,81.0,30.0,19.0,0.125,57.3,44.7,43.8,25.25
467540,大武,22.35572,120.90374,23.0,65.0,47.0,41.0,28.0,18.875,60.3,41.5,22.2,33.25
C0E910,海埔,24.648767,120.772435,30.0,88.0,41.0,41.0,21.0,43.625,28.1,34.9,28.4,31.75
C0R190,赤山,22.592333,120.614306,23.0,80.0,68.0,26.0,27.0,20.625,90.4,43.1,24.2,35.25
C0Z250,瑞穗林道,23.49284,121.30688,62.0,92.0,93.0,0.0,21.0,0.125,74.7,47.0,0.0,28.75
C0M730,嘉義市東區,23.457673,120.460531,19.0,74.0,72.0,54.0,27.0,50.125,60.9,66.2,23.8,33.75
466910,鞍部,25.182586,121.529731,54.0,97.0,88.0,6.0,29.0,0.125,93.7,46.6,29.6,39.0
C0R540,佳冬,22.419456,120.552375,23.0,82.0,41.0,29.0,27.0,22.5,76.1,40.8,23.4,35.25
C0AJ60,六塊厝,25.24,121.4481,9.0,91.0,39.0,34.0,29.0,20.875,20.8,54.0,11.0,39.0
466990,花蓮,23.975128,121.613275,23.0,77.0,33.0,16.0,19.0,33.625,61.7,65.4,23.8,26.25
C0Z170,卓溪,23.3443,121.3029,30.0,61.0,80.0,63.0,21.0,35.125,49.3,65.4,54.6,28.75
C0V350,溪埔,22.738578,120.446797,18.0,86.0,81.0,63.0,27.0,20.75,88.2,56.8,58.6,35.25
C0R570,麟洛,22.65078,120.52719,17.0,83.0,63.0,38.0,27.0,23.375,69.6,47.9,38.8,35.25
C0V740,旗山,22.888614,120.483597,17.0,68.0,84.0,64.0,31.0,36.625,78.1,67.6,53.2,34.0
C0K440,二崙,23.772797,120.408944,20.0,82.0,62.0,58.0,26.0,22.5,62.3,56.0,51.0,34.25
C2E520,大湖,24.414939,120.870872,42.0,96.0,82.0,43.0,21.0,6.25,19.0,35.6,52.2,20.75
C0S690,太麻里,22.60902,120.98533,54.0,85.0,54.0,24.0,28.0,0.125,62.2,30.0,37.4,33.25
C0C750,新興坑尾,25.0061,121.0971,29.0,61.0,59.0,25.0,30.0,45.25,16.5,57.7,23.6,38.75
C0U940,羅東,24.68184,121.74934,20.0,72.0,61.0,10.0,19.0,9.5,40.3,48.9,18.4,25.25
467530,阿里山,23.508208,120.813242,5.0,5.0,46.0,0.0,24.0,0.0,8.8,34.7,0.0,30.0
C0AI20,白沙灣,25.283128,121.519058,8.0,98.0,36.0,12.0,30.0,22.5,48.4,54.4,10.0,40.0
C0Z270,蕃薯寮,23.73835,121.540108,40.0,96.0,88.0,67.0,21.0,40.75,72.9,80.7,58.2,28.75
C0R790,九棚,22.14195,120.889281,33.0,81.0,71.0,25.0,29.0,36.25,48.3,67.9,37.6,34.75
C0G910,花壇,24.032076,120.549461,20.0,73.0,56.0,42.0,26.0,26.375,30.9,55.4,40.4,34.25
C0B060,暖暖,25.0957,121.7403,10.0,96.0,44.0,44.0,25.0,17.5,7.1,60.2,24.0,35.0
C0R950,萬隆國小,22.507667,120.587817,33.0,75.0,49.0,21.0,27.0,0.125,8.1,9.8,15.2,7.75
466900,淡水,25.164889,121.448906,5.0,78.0,38.0,37.0,29.0,21.25,51.0,50.0,15.4,39.0
C0K430,褒忠,23.690938,120.303634,22.0,73.0,59.0,50.0,27.0,24.75,77.2,55.0,47.8,33.75
C0UB60,明池,24.650688,121.475277,50.0,91.0,80.0,0.0,19.0,0.125,9.1,6.2,0.0,5.75
C2E880,三義,24.405478,120.749819,57.0,96.0,98.0,22.0,31.0,0.125,18.7,42.2,36.8,21.25
C0V530,阿蓮,22.883208,120.327508,17.0,63.0,86.0,45.0,31.0,20.75,57.5,57.6,38.2,34.0
C2F000,大肚,24.15295,120.572117,23.0,93.0,93.0,39.0,26.0,5.125,17.3,30.9,42.8,22.0
CAG100,王功漁港,23.96824,120.32586,26.0,74.0,70.0,18.0,26.0,31.375,32.3,52.8,16.2,34.25
C0AJ90,澳底,25.0552,121.9253,8.0,94.0,46.0,42.0,23.0,10.75,27.1,38.0,31.8,31.0
C0AD50,鶯歌,24.951533,121.346294,7.0,78.0,40.0,14.0,27.0,24.875,57.2,59.2,30.2,35.5
C2E540,龍溪,24.606489,120.783933,34.0,86.0,71.0,30.0,21.0,13.75,14.2,28.5,60.4,20.75
C0G660,溪湖,23.94835,120.479122,21.0,31.0,56.0,43.0,26.0,32.25,79.4,60.2,45.2,34.25
466881,新北,24.959207,121.525196,5.0,76.0,41.0,4.0,22.0,16.25,19.4,54.8,27.2,29.75
12Q970,東港工作站,22.479997,120.466058,19.0,76.0,31.0,21.0,27.0,18.75,14.8,46.6,21.4,35.25
C0AH50,林口,25.072181,121.38084,21.0,95.0,61.0,48.0,29.0,21.875,55.2,63.4,26.8,38.25
467290,古坑,23.633536,120.551906,21.0,88.0,46.0,49.0,27.0,0.25,9.9,17.1,22.8,22.5
C0UB80,翠峰林道6K,24.49773,121.568625,9.0,60.0,83.0,0.0,19.0,0.0,5.7,8.4,0.0,5.75
C0K560,棋山,23.68645,120.603417,22.0,69.0,48.0,49.0,27.0,32.0,68.1,50.4,27.0,33.75
C0E780,銅鑼,24.489681,120.790853,31.0,60.0,78.0,24.0,21.0,48.875,65.9,56.2,35.8,31.75
C0O840,王爺宮,23.222064,120.40085,18.0,98.0,91.0,71.0,31.0,58.75,86.8,72.3,52.6,34.0
C2G640,鹿港,24.0753,120.430481,21.0,86.0,54.0,32.0,26.0,2.25,16.5,20.1,14.0,22.0
C0SA00,歷坵,22.520969,120.89185,60.0,94.0,56.0,38.0,28.0,58.125,52.7,75.4,47.4,33.25
C2V310,美濃,22.898792,120.51907,17.0,89.0,84.0,64.0,31.0,0.125,9.5,7.8,0.0,7.25
C0SA20,金崙山,22.567419,120.959667,56.0,83.0,93.0,0.0,28.0,0.125,53.7,44.4,10.4,33.25
C0SD30,東清國小,22.057128,121.564922,42.0,79.0,98.0,32.0,29.0,0.0,0.0,2.5,0.0,1.0
C0F0A0,雪山圈谷,24.388594,121.236339,4.0,0.0,0.0,0.0,21.0,0.0,0.0,0.0,0.0,31.75
C2G9A0,畜試所彰化,23.86045,120.557964,19.0,53.0,49.0,54.0,26.0,0.0,6.1,13.0,25.6,7.5
72AI40,桃改樹林分場,24.944503,121.386972,6.0,42.0,42.0,16.0,27.0,18.125,27.7,56.0,28.8,35.5
C0S700,知本,22.684866,121.005642,51.0,93.0,58.0,29.0,28.0,0.125,64.6,29.4,31.6,33.25
C0UB70,太平山中間站,24.542003,121.513453,52.0,91.0,53.0,1.0,19.0,0.125,9.6,7.2,0.0,5.75
C0X230,鹽水,23.272621,120.247641,21.0,80.0,58.0,26.0,32.0,23.25,85.3,55.8,23.4,37.5
467441,高雄,22.730432,120.312516,22.0,90.0,73.0,45.0,27.0,19.625,36.1,53.5,28.8,35.25
C0S930,延平,22.902581,121.084058,44.0,63.0,74.0,51.0,26.0,36.125,38.3,69.0,46.0,32.5
C0V910,大樹,22.684645,120.432803,18.0,75.0,72.0,63.0,27.0,0.125,8.6,14.0,31.6,7.75
C2FA00,烏石坑,24.273503,120.947617,54.0,95.0,98.0,0.0,21.0,0.125,18.6,46.3,0.0,20.75
C0V720,林園,22.507747,120.394511,18.0,73.0,83.0,55.0,27.0,20.5,52.8,49.4,37.2,35.25
C0M860,新美,23.338017,120.683169,35.0,94.0,65.0,19.0,27.0,0.125,57.5,32.4,30.2,33.75
C0U710,太平山,24.505486,121.525656,19.0,42.0,89.0,0.0,19.0,0.0,45.2,45.5,0.0,25.25
C0TB40,崇德,24.166144,121.657414,11.0,32.0,76.0,62.0,19.0,0.0,0.0,2.5,0.0,0.0
C2H9M0,發祥,24.154094,121.164517,45.0,71.0,97.0,0.0,23.0,0.125,6.4,27.8,0.0,6.25
C0W130,花嶼,23.40007,119.32276,37.0,95.0,89.0,34.0,44.0,0.0,85.5,37.9,24.6,43.5
E2P980,林試六龜中心,22.991703,120.645722,26.0,96.0,97.0,61.0,31.0,34.875,55.7,57.7,55.2,34.0
C0V900,汕尾,22.4782,120.4151,18.0,96.0,84.0,55.0,27.0,22.0,27.6,49.0,26.0,35.25
C0M800,茶山,23.299075,120.664767,23.0,95.0,70.0,44.0,27.0,48.375,86.4,65.4,54.4,33.75
C0R741,獅子,22.202308,120.705236,32.0,76.0,44.0,17.0,26.0,0.125,7.0,21.0,12.0,7.75
C0O980,新市,23.061614,120.298197,17.0,90.0,81.0,50.0,31.0,22.0,84.3,60.9,57.8,34.0
C0K420,西螺,23.800407,120.467394,20.0,49.0,62.0,58.0,26.0,29.625,65.4,61.3,52.8,34.25
C0C710,大溪永福,24.892936,121.324975,14.0,83.0,55.0,20.0,27.0,40.625,56.8,54.3,20.2,35.5
C0S950,七塊厝,22.954453,121.229922,49.0,70.0,84.0,52.0,26.0,60.5,56.3,79.9,45.2,32.5
C0UA80,大溪漁港,24.941801,121.902955,6.0,90.0,36.0,51.0,22.0,11.5,29.0,64.6,60.8,30.0
C0R840,牡丹池山,22.168389,120.841225,57.0,98.0,86.0,25.0,29.0,0.125,58.5,42.8,38.8,34.75
C0T820,天祥,24.179597,121.495639,33.0,67.0,70.0,59.0,19.0,0.125,59.2,44.0,63.4,26.25
C0I380,集集,23.828206,120.801467,21.0,94.0,55.0,37.0,23.0,47.0,71.4,80.2,15.6,30.5
C0Z280,德武,23.47426,121.41071,29.0,87.0,76.0,56.0,21.0,41.25,71.4,79.6,54.0,28.75
C2K240,草嶺,23.59555,120.693461,53.0,98.0,98.0,0.0,27.0,0.125,18.6,48.5,0.0,22.5
C0G650,員林,23.946503,120.585597,21.0,62.0,77.0,56.0,26.0,36.625,67.3,64.3,48.2,34.25
C0M650,朴子,23.43463,120.23902,17.0,93.0,64.0,46.0,32.0,25.625,86.8,55.7,35.2,37.5
C2C410,中央大學,24.967652,121.185165,12.0,50.0,53.0,19.0,27.0,0.0,3.5,2.2,0.0,7.0
C0U870,大礁溪,24.791042,121.675047,37.0,85.0,56.0,30.0,22.0,35.75,72.9,86.2,60.4,29.75
C0SA10,檳榔四格山,22.810031,121.109308,50.0,93.0,85.0,40.0,26.0,57.25,55.2,73.9,37.0,32.5
C0TA30,鹽寮,23.845606,121.592664,27.0,68.0,33.0,25.0,19.0,0.125,5.0,5.0,0.0,5.75
C0U950,鶯子嶺,24.89754,121.79244,52.0,85.0,77.0,7.0,22.0,0.125,73.4,45.4,16.4,30.0
C0R440,大漢山,22.405264,120.753181,36.0,40.0,96.0,0.0,28.0,0.125,27.2,43.5,0.2,33.25
C0I010,廬山,24.033311,121.181808,37.0,80.0,98.0,0.0,23.0,0.125,73.9,49.0,0.0,30.5
C2H9W0,大坪頂農水,24.043122,120.932781,42.0,96.0,73.0,4.0,23.0,0.125,9.2,18.4,1.4,6.25
C0G900,線西,24.143358,120.443536,22.0,78.0,54.0,28.0,26.0,34.75,43.2,59.1,14.8,34.25
C2M970,碧湖,23.568632,120.624165,57.0,98.0,91.0,0.0,27.0,0.125,9.8,27.4,0.0,7.75
82A750,茶改北部分場,24.955778,121.631222,33.0,93.0,35.0,46.0,22.0,21.5,86.8,80.5,64.0,31.0
C0F970,大坑,24.173142,120.722289,20.0,53.0,88.0,49.0,26.0,51.875,36.9,69.1,39.8,34.25
C0AK10,太平里,25.134937,121.364899,17.0,49.0,39.0,20.0,29.0,0.0,1.5,14.0,4.8,7.5
C0D690,外湖,24.917735,120.968711,41.0,95.0,83.0,15.0,27.0,26.625,28.8,31.6,24.2,35.5
C0V450,鳳森,22.545064,120.392592,18.0,92.0,83.0,55.0,27.0,19.5,82.7,48.6,37.4,35.25
C0X290,北門,23.267772,120.125481,21.0,98.0,56.0,33.0,32.0,22.625,75.5,52.6,23.6,37.5
C0W200,湖西,23.596314,119.67275,34.0,98.0,78.0,36.0,44.0,9.5,19.4,41.6,19.0,30.75
C0D660,新竹市東區,24.798681,120.986942,30.0,39.0,44.0,34.0,27.0,37.875,32.5,47.3,29.6,35.5
C0T9G0,鳳林山,23.735269,121.420131,49.0,90.0,93.0,40.0,21.0,0.125,80.5,46.7,35.6,28.75
C0C730,中大臨海站,24.966126,121.008581,21.0,77.0,52.0,24.0,27.0,26.75,17.8,35.6,25.4,35.5
C0M780,鹿草,23.41134,120.30835,17.0,41.0,64.0,46.0,27.0,27.0,71.6,60.2,38.6,33.75
C0F9I0,神岡,24.272481,120.658314,22.0,64.0,86.0,45.0,31.0,53.125,59.3,68.6,40.8,33.0
C0S810,東河,22.972672,121.303986,30.0,93.0,60.0,22.0,23.0,19.75,66.0,60.6,43.2,31.25
C2H9D0,三隻寮,24.093078,120.861578,55.0,96.0,62.0,0.0,23.0,0.125,9.4,18.7,1.0,6.25
C0UA40,西德山,24.560647,121.752608,62.0,87.0,83.0,0.0,19.0,0.125,63.2,43.5,0.6,23.0
C0A950,鼻頭角,25.129036,121.923372,8.0,95.0,46.0,42.0,26.0,10.75,82.6,63.5,37.0,34.25
C0E791,卓蘭,24.3126,120.8244,40.0,80.0,85.0,43.0,21.0,55.0,25.4,67.6,45.6,31.75
C0AH70,松山,25.04871,121.55042,5.0,56.0,50.0,34.0,25.0,15.125,7.4,59.5,24.4,35.0
C0S660,下馬,23.150427,121.070312,51.0,65.0,81.0,8.0,26.0,0.125,46.7,43.3,10.6,32.5
C2H9K0,屯原,24.067969,121.209389,20.0,62.0,96.0,0.0,23.0,0.0,4.8,6.1,0.0,6.25
C0R341,牡丹,22.130036,120.792639,29.0,97.0,66.0,31.0,29.0,34.125,58.5,65.0,40.6,34.75
C0F9O0,潭子,24.213106,120.703933,21.0,59.0,97.0,49.0,26.0,55.0,34.8,67.5,39.4,34.25
C2H9Q0,北東眼山,24.120939,121.189303,21.0,69.0,98.0,0.0,23.0,0.0,5.5,27.7,0.0,6.25
C0W160,烏坵,24.9944,119.44956,35.0,95.0,92.0,34.0,64.0,0.125,50.9,44.3,18.8,67.25
C0B020,基隆嶼,25.19141,121.78391,4.0,91.0,40.0,37.0,25.0,16.0,61.7,52.5,18.8,34.25
C0N050,蚵寮,23.301,120.1104,21.0,98.0,56.0,33.0,32.0,25.25,28.6,50.7,20.8,37.5
C0Z050,佳心,23.34567,121.21316,55.0,77.0,79.0,11.0,24.0,0.125,65.3,40.0,11.8,30.0
CAQ030,崎峰國小,22.42565,120.49521,19.0,94.0,31.0,21.0,27.0,18.75,31.4,46.6,21.4,35.25
72S200,東改班鳩分場,22.829528,121.077694,47.0,76.0,72.0,36.0,26.0,35.5,82.0,65.5,30.8,32.5
C0C790,東眼山,24.8284,121.40888,34.0,92.0,69.0,5.0,22.0,0.125,9.7,8.6,0.0,6.5
C0AJ70,田寮,25.2698,121.4886,8.0,93.0,36.0,12.0,30.0,21.875,23.9,53.4,10.4,40.0
C0AJ80,板橋,25.0107,121.4489,5.0,30.0,41.0,4.0,27.0,19.25,7.3,55.8,27.0,36.25
C0G770,福興,24.041289,120.437669,22.0,41.0,59.0,29.0,26.0,24.0,54.3,50.8,14.8,34.25
C0U990,員山,24.74435,121.72247,20.0,79.0,61.0,10.0,19.0,9.5,57.1,48.3,17.6,25.25
C0U600,礁溪,24.817539,121.765608,11.0,75.0,50.0,24.0,22.0,11.5,61.2,67.9,58.2,30.0
C0E930,龍鳳,24.700034,120.859125,37.0,82.0,39.0,53.0,21.0,43.25,21.4,34.3,32.6,31.75
C2D730,寶山農場,24.732444,120.976153,30.0,71.0,47.0,38.0,21.0,0.0,8.5,10.7,18.0,6.5
C0C460,復興,24.820208,121.352281,24.0,74.0,36.0,33.0,22.0,36.5,74.8,71.3,40.0,29.75
C0Z290,赤柯山,23.36893,121.38293,58.0,92.0,79.0,11.0,21.0,0.125,72.9,39.8,5.6,28.75
G2F820,農試所(霧峰),24.031261,120.688133,20.0,78.0,65.0,54.0,26.0,49.0,80.6,105.1,112.0,34.25
467050,新屋,25.006725,121.047492,20.0,90.0,55.0,26.0,30.0,28.5,73.4,37.7,25.4,38.75
C0I080,信義,23.689694,120.851036,31.0,92.0,43.0,27.0,24.0,0.0,85.1,34.9,48.6,30.0
C2H9L0,馬烈霸,24.1512,121.201772,21.0,62.0,98.0,0.0,23.0,0.0,4.2,28.0,0.0,6.25
C2G870,芳苑,23.922303,120.320025,26.0,90.0,70.0,18.0,26.0,7.25,17.4,25.3,15.0,22.0
C0E810,西湖,24.562947,120.7485,37.0,91.0,81.0,34.0,31.0,50.0,87.6,58.8,25.2,33.0
C0M820,達邦,23.453994,120.749517,59.0,96.0,94.0,0.0,27.0,0.125,84.3,46.1,0.0,33.75
C0E820,獅潭,24.539133,120.920042,37.0,75.0,64.0,49.0,21.0,49.5,78.6,47.9,44.6,31.75
C0SD40,牛頭山,22.676661,121.506944,34.0,83.0,82.0,32.0,27.0,0.0,0.0,1.5,0.0,0.25
U2H480,溪頭,23.670306,120.798194,54.0,98.0,98.0,0.0,24.0,0.125,96.1,88.2,0.0,30.0
C0V710,苓雅,22.622742,120.330669,20.0,72.0,75.0,54.0,27.0,21.25,43.8,51.0,30.2,35.25
C0E950,松安,24.39792,120.98599,51.0,93.0,98.0,0.0,21.0,0.125,9.3,9.8,0.0,6.5
C0A640,石碇,24.993969,121.662917,14.0,92.0,39.0,55.0,22.0,16.125,89.7,60.4,22.4,31.0
C0AC60,三峽,24.939025,121.369728,6.0,79.0,43.0,16.0,27.0,16.75,45.1,55.0,29.0,35.5
C0R720,旭海,22.205403,120.887614,45.0,94.0,76.0,16.0,29.0,40.625,56.7,70.7,33.4,34.75
C0TA10,花蓮漁港,23.995322,121.638331,22.0,50.0,31.0,13.0,19.0,0.0,4.1,16.3,15.0,5.75
C0R520,崁頂,22.514781,120.506914,21.0,64.0,49.0,17.0,27.0,23.25,80.6,41.2,24.4,35.25
C0Z310,清水斷崖,24.218294,121.689142,24.0,76.0,55.0,45.0,19.0,27.375,52.9,78.4,36.6,26.25
C0R750,四林格山,22.076989,120.802439,48.0,98.0,87.0,26.0,29.0,0.125,58.5,45.6,40.4,34.75
C0R130,阿禮,22.742908,120.743678,67.0,93.0,96.0,0.0,27.0,0.125,79.9,47.8,3.4,35.25
C2H9S0,龍南,23.953536,120.833183,51.0,97.0,94.0,0.0,23.0,0.125,9.4,27.1,0.0,6.25
C0G740,大城,23.852487,120.320935,25.0,67.0,68.0,18.0,26.0,27.75,74.3,48.6,16.0,34.25
C2H9H0,苗改南投蜂場,23.852589,120.693481,20.0,81.0,63.0,54.0,26.0,0.0,7.6,17.9,12.8,7.5
C0M760,民雄,23.551754,120.428457,19.0,51.0,54.0,44.0,27.0,35.25,67.9,55.1,31.0,33.75
C0R920,塭仔,22.4169,120.5197,23.0,46.0,38.0,29.0,27.0,22.125,26.4,40.4,23.4,35.25
C2A880,福隆,25.017842,121.942083,8.0,95.0,46.0,42.0,23.0,2.25,9.3,36.4,49.6,20.5
467110,金門,24.407306,118.289281,23.0,89.0,78.0,28.0,71.0,0.0,75.6,34.3,18.2,73.75
C0AI40,石牌,25.115597,121.513139,4.0,38.0,47.0,31.0,27.0,19.0,15.6,61.9,25.2,37.0
C0O990,媽廟,22.99175,120.293525,19.0,87.0,79.0,42.0,31.0,22.25,89.4,59.2,54.4,34.0
C0R100,尾寮山,22.833111,120.683889,67.0,97.0,97.0,0.0,31.0,0.125,91.0,46.4,3.6,34.0
C0UA20,多加屯,24.368614,121.373189,0.0,10.0,16.0,0.0,19.0,0.0,18.5,15.4,0.0,25.25
C0K450,大埤,23.646074,120.431537,19.0,33.0,43.0,45.0,27.0,25.125,68.4,49.6,30.0,33.75
C0N010,鯤鯓國小,23.1879,120.0889,20.0,94.0,53.0,32.0,35.0,25.125,28.7,51.6,24.8,35.25
C0Z160,鳳林,23.746114,121.453411,30.0,69.0,45.0,44.0,21.0,34.125,65.2,72.8,46.0,28.75
72G600,臺中農改場,24.003028,120.534389,20.0,51.0,56.0,42.0,26.0,25.375,74.2,72.1,76.8,34.25
E2K600,四湖植物園,23.676986,120.163433,24.0,90.0,63.0,23.0,32.0,21.75,63.4,52.4,22.4,37.5
467420,永康,23.038386,120.2367,19.0,49.0,79.0,42.0,35.0,21.0,55.8,53.9,46.4,35.25
C0V680,仁武,22.701083,120.347722,22.0,63.0,73.0,45.0,27.0,20.25,67.1,50.9,20.6,35.25
CAN130,水試所海水繁養殖中心,23.120802,120.07968,22.0,98.0,52.0,28.0,35.0,17.75,36.2,47.1,21.6,35.25
C0X110,臺南市南區,22.961189,120.188378,21.0,91.0,74.0,36.0,35.0,20.875,62.9,49.0,30.8,35.25
C0S830,長濱,23.286817,121.411975,37.0,87.0,89.0,71.0,21.0,51.25,53.4,72.8,60.6,28.75
467610,成功,23.097486,121.373428,25.0,84.0,65.0,37.0,23.0,17.625,81.9,33.7,39.4,31.25
C0E830,苑裡,24.439714,120.653053,35.0,53.0,77.0,21.0,31.0,37.625,57.4,59.3,16.2,33.0
C0W110,東莒,25.9652,119.98069,31.0,83.0,83.0,33.0,62.0,0.125,74.2,42.4,26.2,71.0
C0T9F0,水璉,23.797131,121.542514,38.0,95.0,78.0,59.0,19.0,47.125,78.6,85.8,60.2,26.25
C0D550,雪霸,24.526972,121.11605,39.0,59.0,97.0,0.0,21.0,0.125,66.6,48.5,0.0,31.75
C0FA80,小雪山天池,24.28025,121.02627,7.0,0.0,28.0,0.0,21.0,0.0,0.0,2.9,0.0,6.5
C0G830,埤頭,23.866003,120.452806,20.0,70.0,57.0,50.0,26.0,26.25,87.3,55.1,49.2,34.25
C0SA60,知本（水試所）,22.702394,121.082761,31.0,85.0,11.0,27.0,28.0,20.25,48.4,42.5,27.8,33.25
A2K630,臺大雲林校區,23.730628,120.423903,20.0,77.0,70.0,54.0,27.0,19.375,50.8,58.0,54.0,33.75
C0SB40,興隆,22.913661,121.257469,27.0,46.0,59.0,22.0,23.0,0.125,4.2,19.1,17.8,7.25
C0V610,梓官,22.760558,120.267211,24.0,69.0,78.0,34.0,31.0,18.875,73.6,50.0,33.0,34.0
C0V360,內門,22.975481,120.466769,17.0,98.0,68.0,60.0,31.0,45.5,96.3,73.5,51.6,34.0
467280,後龍,24.648563,120.831834,32.0,69.0,43.0,43.0,21.0,7.125,14.7,14.6,29.8,20.75
C0R820,白鷺,22.454275,120.666219,61.0,95.0,73.0,11.0,27.0,0.125,56.2,34.8,34.8,35.25
C0A9C0,天母,25.117494,121.537169,4.0,49.0,47.0,31.0,27.0,19.125,29.2,62.7,25.8,37.0
C2A540,四堵,24.8926,121.745736,22.0,97.0,45.0,45.0,22.0,3.0,9.8,34.1,62.8,20.25
C0X240,關子嶺,23.331169,120.508025,20.0,91.0,88.0,56.0,27.0,59.0,94.2,79.9,36.8,33.75
C0R850,林邊,22.4634,120.5339,19.0,93.0,31.0,21.0,27.0,23.125,26.6,47.6,22.0,35.25
C0V630,茄萣,22.906642,120.182608,27.0,83.0,69.0,23.0,35.0,18.75,69.3,49.1,21.0,35.25
C0H960,草屯,23.973672,120.68085,20.0,43.0,89.0,58.0,26.0,39.125,56.7,70.0,55.6,34.25
C0R470,高樹,22.826389,120.600806,21.0,83.0,83.0,56.0,31.0,20.375,59.9,47.7,30.6,34.0
C2FB60,頭櫃山,24.129842,120.858925,56.0,96.0,98.0,0.0,23.0,0.125,9.2,29.1,0.0,6.25
C0G820,田尾,23.901669,120.509389,21.0,72.0,56.0,43.0,26.0,33.5,78.7,61.3,45.8,34.25
C0FA60,鞍馬山工作站,24.267064,121.000793,10.0,51.0,98.0,0.0,21.0,0.0,5.6,8.0,0.0,6.5
C0X120,麻豆,23.183289,120.248611,17.0,78.0,73.0,54.0,35.0,22.75,68.1,57.7,49.8,35.25
466940,基隆,25.133314,121.740475,4.0,72.0,39.0,35.0,25.0,14.375,44.0,51.0,22.4,35.0
C0V730,大寮,22.605614,120.395717,20.0,50.0,75.0,54.0,27.0,19.125,65.1,46.0,27.4,35.25
C0X180,山上,23.0757,120.363253,21.0,97.0,87.0,60.0,31.0,39.75,87.9,68.8,38.2,34.0
C0R270,琉球嶼,22.332244,120.362236,39.0,93.0,80.0,15.0,27.0,22.875,89.9,50.9,20.0,35.25
C2H9N0,仁愛東眼,24.026875,121.1205,51.0,86.0,98.0,0.0,23.0,0.125,7.8,29.3,0.0,6.25
C2W030,金門農試所,24.448431,118.451786,23.0,80.0,81.0,29.0,71.0,0.0,8.2,5.3,0.0,18.5
B2E890,畜試北區分所,24.527806,120.770972,31.0,90.0,78.0,24.0,21.0,39.75,66.4,53.6,31.4,31.75
C0S970,加津林,22.416211,120.926942,27.0,75.0,49.0,46.0,28.0,19.375,46.6,43.5,24.0,33.25
C0O970,虎頭埤,23.021375,120.347878,17.0,96.0,84.0,61.0,31.0,24.5,92.8,66.8,51.0,34.0
C0R560,新園,22.5434,120.461558,18.0,56.0,83.0,55.0,27.0,22.375,67.9,46.7,35.8,35.25
12Q980,恆春工作站,22.079678,120.714425,25.0,79.0,54.0,16.0,26.0,29.5,30.7,73.0,14.6,35.75
C0R770,保力,22.071122,120.764111,27.0,98.0,63.0,17.0,29.0,38.375,58.1,79.6,26.2,34.75
C0C660,楊梅,24.912375,121.143047,17.0,43.0,63.0,28.0,27.0,43.0,39.2,65.2,39.0,36.25
C0C720,竹圍,25.112692,121.239824,6.0,85.0,35.0,23.0,30.0,21.25,15.5,50.0,15.4,38.75
72Q010,高雄農改場,22.709333,120.525889,21.0,63.0,51.0,43.0,27.0,22.5,80.1,67.9,68.8,35.25
C0FB10,出雲山苗圃,24.23105,120.90475,56.0,96.0,98.0,0.0,23.0,0.125,9.6,8.8,0.0,6.25
C2D720,關西工作站,24.757275,121.184792,20.0,90.0,60.0,45.0,27.0,0.0,9.2,18.6,19.4,6.75
C2O950,安南,23.076694,120.144861,23.0,79.0,55.0,29.0,35.0,3.625,16.3,24.7,21.4,22.75
B2N890,畜產試驗所,23.058972,120.336406,17.0,97.0,81.0,50.0,31.0,24.875,90.0,88.8,118.0,34.0
C0A940,金山,25.223628,121.643967,7.0,84.0,47.0,44.0,29.0,23.0,68.3,57.3,29.0,39.0
C0V870,文安,22.8025,120.2164,22.0,87.0,78.0,34.0,35.0,17.875,26.5,46.8,20.2,35.25
C0U970,大福,24.80064,121.81389,11.0,89.0,50.0,24.0,20.0,11.625,67.9,61.8,34.2,25.75
C0S740,池上,23.119628,121.209469,41.0,85.0,90.0,70.0,26.0,40.375,58.3,71.5,59.6,32.5
C0R810,內獅,22.305064,120.642986,31.0,94.0,42.0,19.0,27.0,17.25,52.1,38.9,20.6,35.25
C0F9Y0,桃山,24.432739,121.303808,0.0,5.0,0.0,0.0,19.0,0.0,4.2,0.3,0.0,25.25
C0F9L0,后里,24.310436,120.729725,27.0,49.0,94.0,49.0,31.0,62.0,65.0,72.0,42.2,33.0
C0I410,名間,23.837053,120.701447,20.0,92.0,63.0,54.0,26.0,44.875,64.5,67.1,27.4,34.25
C0F9S0,烏日,24.107058,120.624103,20.0,34.0,58.0,34.0,26.0,24.5,29.4,60.4,47.4,34.25
C0W190,望安,23.380564,119.494075,37.0,97.0,85.0,37.0,44.0,0.0,19.6,41.4,23.8,30.75
C0A970,三貂角,25.007606,122.002058,11.0,94.0,46.0,44.0,24.0,14.75,67.5,61.5,54.2,31.0
C0Z070,舞鶴,23.46811,121.37407,32.0,92.0,81.0,57.0,21.0,45.625,73.0,82.5,55.8,28.75
C0Z080,富源,23.587642,121.378225,37.0,93.0,89.0,71.0,21.0,45.75,73.6,80.7,58.0,28.75
C0R600,舊泰武,22.588194,120.664944,62.0,96.0,69.0,1.0,27.0,0.125,95.1,42.4,19.8,35.25
C0S790,金崙,22.538122,120.966875,32.0,84.0,60.0,49.0,28.0,28.25,55.9,64.1,37.8,33.25
C0M520,東後寮,23.369908,120.248065,18.0,94.0,62.0,35.0,32.0,23.625,86.6,55.3,26.0,37.5
C0R910,下寮,22.3929,120.5548,23.0,92.0,38.0,29.0,27.0,22.5,25.7,40.7,23.4,35.25
C0R830,高士,22.121825,120.836781,44.0,98.0,76.0,31.0,29.0,49.875,58.3,90.6,40.6,34.75
C0AJ30,淡水觀海,25.184591,121.408616,8.0,86.0,27.0,13.0,29.0,20.875,17.0,52.7,15.4,39.0
C0I460,南投,23.911469,120.687331,20.0,76.0,89.0,58.0,26.0,43.5,60.4,71.8,43.4,34.25
C0AD40,土城,24.973208,121.445169,5.0,72.0,41.0,4.0,27.0,19.125,52.1,56.1,27.8,35.5
C0UA10,鴛鴦湖,24.590269,121.412228,42.0,83.0,91.0,0.0,19.0,0.0,59.3,49.0,0.4,25.25
C2G840,北斗,23.877586,120.514222,20.0,78.0,57.0,50.0,26.0,1.875,13.4,25.3,48.8,22.0
C0SB60,白守蓮,23.126769,121.401914,23.0,52.0,54.0,32.0,23.0,0.0,5.4,10.1,17.4,7.25
C0E960,觀霧分站,24.505781,121.113921,27.0,41.0,92.0,0.0,21.0,0.0,5.3,9.8,0.0,6.5
C0R620,墾雷,21.900836,120.855269,27.0,98.0,65.0,14.0,29.0,40.625,84.6,82.4,26.8,34.75
72K220,南改斗南分場,23.634556,120.477333,19.0,76.0,43.0,45.0,27.0,25.25,83.2,47.7,32.2,33.75
C0AH40,平等,25.129142,121.577086,30.0,96.0,78.0,51.0,27.0,28.0,71.3,75.7,57.2,37.0
C0R580,南州,22.48591,120.50274,19.0,73.0,31.0,21.0,27.0,22.5,84.3,46.6,21.4,35.25
C2R970,屏科大,22.648275,120.619247,22.0,76.0,69.0,28.0,27.0,0.125,9.1,11.6,19.6,7.75
C2H9R0,卓社,23.887894,121.000086,54.0,95.0,98.0,0.0,23.0,0.125,8.2,29.4,0.0,6.25
K2E710,苗改生物防治研究中心,24.422861,120.871833,42.0,77.0,82.0,43.0,21.0,53.125,69.4,76.2,52.2,31.75
C0SB10,美和,22.682078,121.060236,31.0,64.0,12.0,27.0,28.0,0.125,5.2,10.1,12.6,6.5
C2H950,中寮,23.884447,120.766406,17.0,97.0,63.0,45.0,23.0,2.875,18.8,31.9,28.0,20.0
C0U780,五結,24.68637,121.79794,10.0,66.0,43.0,22.0,19.0,9.5,43.9,47.7,17.4,23.0
C0D590,新豐,24.87068,120.97721,42.0,82.0,86.0,15.0,27.0,46.125,78.8,49.4,17.2,35.5
466930,竹子湖,25.162078,121.544547,48.0,93.0,60.0,35.0,29.0,0.125,89.0,44.1,50.8,39.0
C0Z200,萬榮,23.709219,121.420106,34.0,67.0,73.0,60.0,21.0,33.5,58.0,78.6,53.0,28.75
467410,臺南,22.99328,120.20492,21.0,48.0,53.0,45.0,35.0,20.125,38.6,50.1,41.8,35.25
C0UA30,白嶺,24.527819,121.519031,52.0,87.0,97.0,0.0,19.0,0.125,61.4,48.7,0.6,25.25
42HA10,萬大發電廠,23.978875,121.139639,55.0,86.0,83.0,0.0,23.0,0.125,61.8,47.8,1.0,30.5
C0Z150,吉安光華,23.930925,121.595153,25.0,96.0,29.0,20.0,19.0,22.5,71.9,59.5,23.4,26.25
C0G890,伸港,24.148933,120.484403,22.0,49.0,54.0,28.0,26.0,31.75,66.4,57.5,13.4,34.25
C0R940,加祿堂,22.3363,120.6217,31.0,52.0,42.0,19.0,27.0,17.25,16.0,39.0,20.8,35.25
C0I530,小奇萊,24.131764,121.295717,0.0,0.0,0.0,0.0,19.0,0.0,0.3,0.3,0.0,26.25
C0T9H0,加路蘭山,23.682947,121.5274,54.0,90.0,80.0,31.0,21.0,0.125,78.2,46.5,31.8,28.75
C0Z020,明里,23.208717,121.262342,36.0,85.0,88.0,74.0,23.0,47.0,65.3,69.5,63.8,31.25
C0S840,南田,22.279725,120.889208,32.0,81.0,56.0,8.0,28.0,22.125,62.8,51.9,17.6,33.25
C2O810,曾文,23.219681,120.497328,20.0,87.0,86.0,60.0,31.0,3.5,18.3,37.3,28.4,21.25
C0T9N0,富里,23.171639,121.249378,38.0,67.0,90.0,74.0,26.0,56.125,49.8,74.8,57.8,32.5
C0SB30,新蘭,22.869214,121.223228,38.0,60.0,50.0,47.0,26.0,0.125,5.1,17.6,18.4,6.5
466920,臺北,25.037658,121.514853,5.0,39.0,50.0,34.0,27.0,15.125,27.4,59.5,24.4,37.0
C2W230,畜試所澎湖,23.628342,119.513206,35.0,98.0,81.0,38.0,44.0,8.75,19.5,40.2,25.4,30.75
C0A870,五指山,25.132153,121.608692,53.0,98.0,60.0,25.0,27.0,0.125,95.1,41.7,47.6,37.0
C0H890,埔里,23.972169,120.952425,32.0,58.0,76.0,37.0,23.0,56.625,73.5,64.4,25.4,30.5
72N100,臺南農改場,23.0605,120.342194,17.0,94.0,81.0,50.0,31.0,24.875,74.8,88.8,118.0,34.0
C0G970,三豐,23.882,120.2895,25.0,94.0,68.0,18.0,26.0,27.125,28.3,47.5,16.0,34.25
C2A920,富貴角,25.263783,121.565258,17.0,81.0,44.0,24.0,30.0,1.875,5.1,33.9,12.6,27.25
C0D650,湖口,24.904794,121.043628,33.0,63.0,64.0,22.0,27.0,33.25,31.2,39.5,25.0,35.5
C0R900,竹坑,22.1385,120.7022,25.0,57.0,54.0,16.0,26.0,20.375,17.2,45.8,14.6,35.75
C0Z180,新城,24.040486,121.604878,23.0,56.0,36.0,16.0,19.0,35.5,61.5,66.2,25.0,26.25
C0R150,三地門,22.709889,120.639944,26.0,60.0,74.0,29.0,27.0,20.25,67.8,52.1,22.6,35.25
C0R800,丹路,22.204481,120.750989,27.0,79.0,55.0,26.0,29.0,23.75,52.0,57.2,31.8,34.75
C0A9F0,內湖,25.079422,121.57545,4.0,31.0,47.0,31.0,27.0,15.0,35.2,59.5,24.4,37.0
C0M770,嘉義梅山,23.585398,120.555587,21.0,45.0,74.0,57.0,27.0,36.75,75.6,53.7,27.0,33.75
C0R140,瑪家,22.682903,120.686639,57.0,98.0,74.0,3.0,27.0,0.125,96.8,37.3,32.2,35.25
C0R870,興海,21.9752,120.8439,29.0,90.0,66.0,14.0,29.0,36.5,28.4,78.2,18.6,34.75
C0V210,復興,23.222403,120.806089,45.0,94.0,79.0,14.0,26.0,0.125,82.2,36.2,30.2,32.5
C0B050,八斗子,25.144754,121.79167,2.0,73.0,40.0,35.0,25.0,14.125,19.7,50.1,21.8,34.25
C0E940,雪見,24.42595,121.01347,20.0,17.0,98.0,0.0,21.0,0.125,3.1,9.8,0.0,6.5
C0AC80,文山,25.00235,121.575728,4.0,94.0,52.0,20.0,25.0,17.875,59.2,57.5,27.6,35.0
C0R730,大坪頂,22.024633,120.69355,29.0,98.0,65.0,20.0,26.0,39.625,57.6,82.2,30.4,35.75
C0U520,雙連埤,24.753033,121.641303,33.0,93.0,47.0,26.0,22.0,0.125,76.8,41.8,59.8,29.75
C0A860,大坪,25.165914,121.632969,30.0,94.0,68.0,53.0,27.0,31.625,85.6,77.6,54.4,37.0
C0Z210,瑞穗,23.5239,121.39021,26.0,91.0,49.0,40.0,21.0,35.375,65.7,69.2,48.4,28.75
C0X210,白河,23.347466,120.414427,19.0,71.0,83.0,62.0,27.0,40.0,80.6,58.0,29.2,33.75
C0Z300,東里,23.26853,121.30547,35.0,69.0,76.0,64.0,21.0,32.0,59.8,61.6,59.6,28.75
C0F9M0,豐原,24.254322,120.720692,21.0,26.0,97.0,49.0,31.0,58.125,35.5,68.8,40.6,33.0
C0D670,海天一線,24.831986,120.914438,42.0,78.0,86.0,15.0,27.0,41.625,27.1,53.7,15.6,35.5
B2Q810,畜試南區分所,21.945583,120.802167,29.0,75.0,66.0,14.0,29.0,31.25,82.8,78.2,18.6,34.75
C0C670,龍潭,24.870056,121.221389,25.0,62.0,60.0,34.0,27.0,51.625,39.7,71.3,38.4,36.25
B2U990,畜試東區分所,24.669039,121.832561,10.0,86.0,43.0,22.0,19.0,9.875,47.8,46.4,30.6,23.0
C0V750,路竹,22.854997,120.259439,24.0,53.0,78.0,34.0,31.0,18.625,57.1,49.4,25.8,34.0
A2C560,農工中心,24.985917,121.239833,12.0,38.0,53.0,19.0,27.0,35.125,20.6,60.6,29.6,36.25
C0T9D0,和中,24.26676,121.74103,19.0,88.0,42.0,35.0,19.0,16.625,71.1,59.6,42.0,25.25
C0Z100,東華,23.89525,121.549833,28.0,88.0,36.0,29.0,19.0,24.25,76.3,63.4,31.2,26.25
C0G960,福寶,24.0443,120.3814,21.0,95.0,59.0,28.0,26.0,22.875,28.2,49.6,14.0,34.25
C2H9P0,伊拿谷,23.963211,121.088264,52.0,90.0,87.0,0.0,23.0,0.125,9.0,28.1,0.0,6.25
C0E870,高鐵苗栗,24.60725,120.826094,32.0,73.0,43.0,43.0,21.0,48.375,53.3,43.7,30.8,31.75
C2M960,外寮,23.562643,120.665688,57.0,98.0,94.0,0.0,27.0,0.125,9.3,28.6,0.0,7.75
C0T870,鯉魚潭,23.935639,121.508944,29.0,97.0,46.0,36.0,19.0,32.75,87.6,69.4,42.8,26.25
C0X100,臺南市北區,23.010394,120.194228,21.0,65.0,53.0,45.0,35.0,19.75,49.8,49.2,40.2,35.25
C0SA80,土坂,22.453108,120.887572,32.0,78.0,57.0,57.0,28.0,22.5,48.0,57.5,32.4,33.25
C0TA50,和仁,24.241394,121.712472,19.0,46.0,42.0,35.0,19.0,0.125,3.7,8.9,0.0,5.75
C2H9U0,鳳鵬,23.763919,120.788061,27.0,98.0,61.0,26.0,23.0,0.125,9.7,23.3,8.2,6.25
C0SB80,長濱漁港,23.313644,121.459994,25.0,78.0,48.0,39.0,21.0,0.125,6.8,21.1,22.4,5.5
C0E730,頭份,24.688247,120.912206,37.0,41.0,39.0,53.0,21.0,43.75,32.6,41.7,32.6,31.75
C2N160,西拉雅風管處,23.189481,120.335297,17.0,73.0,91.0,56.0,31.0,3.0,7.5,30.1,47.6,21.25
C0R690,墾丁,21.966756,120.810269,40.0,98.0,83.0,17.0,29.0,45.75,58.4,92.1,18.6,34.75
C2H9F0,柑林,24.018658,120.847072,22.0,86.0,51.0,48.0,23.0,0.0,8.9,18.4,20.6,6.25
C0G860,社頭,23.897647,120.5862,19.0,76.0,49.0,54.0,26.0,37.375,52.1,61.0,44.0,34.25
72D080,桃改五峰分場,24.612194,121.157167,50.0,94.0,86.0,1.0,21.0,0.125,88.6,46.1,1.2,31.75
C0AD30,蘆洲,25.086594,121.472331,3.0,41.0,45.0,19.0,27.0,18.5,16.1,61.4,25.0,37.0
C0M720,番路,23.464657,120.554156,20.0,65.0,87.0,55.0,27.0,54.625,73.2,71.1,37.6,33.75
C0E570,白沙屯,24.549447,120.696803,37.0,61.0,81.0,34.0,31.0,0.0,8.2,16.6,12.8,6.5
C0UB00,淡江大學蘭陽校園,24.823239,121.730383,33.0,90.0,65.0,41.0,22.0,34.125,32.1,83.2,70.2,31.0
C0ACA0,新莊,25.051478,121.446756,3.0,34.0,45.0,24.0,27.0,19.125,23.1,54.1,20.6,36.25
C0S980,勝林山,22.430439,120.8938,61.0,76.0,89.0,0.0,28.0,0.125,54.8,40.7,27.4,33.25
C0R350,貓鼻頭,21.921774,120.7358,24.0,91.0,67.0,23.0,26.0,38.375,57.6,78.2,31.8,35.75
C0AK30,硬漢嶺,25.136097,121.426372,43.0,39.0,41.0,28.0,29.0,0.125,9.7,8.5,0.0,7.75
C0A520,山佳,24.974944,121.402008,4.0,68.0,42.0,16.0,27.0,19.875,44.5,61.0,29.8,35.5
72N240,七股研究中心,23.081672,120.062894,22.0,94.0,52.0,28.0,35.0,17.75,59.9,47.0,21.6,35.25
CAN140,六官養殖協會,23.22881,120.29962,17.0,67.0,68.0,56.0,31.0,20.0,28.5,62.3,45.2,34.0
K2E360,苗栗農改場,24.495722,120.829111,28.0,62.0,74.0,25.0,21.0,45.75,68.6,63.8,67.2,31.75
C0U770,南澳,24.44935,121.81022,13.0,86.0,36.0,37.0,19.0,14.75,67.6,71.8,47.6,23.0
466950,彭佳嶼,25.627975,122.079744,29.0,96.0,93.0,35.0,36.0,0.0,38.5,48.3,47.0,41.5
467350,澎湖,23.565503,119.563094,36.0,91.0,78.0,40.0,44.0,61.125,89.7,83.9,23.6,43.5
C0AI10,屈尺,24.92184,121.54475,6.0,81.0,42.0,7.0,22.0,18.375,38.3,52.2,15.6,29.75
E2S980,林試太麻里1,22.598922,120.980044,24.0,78.0,62.0,50.0,28.0,18.125,38.0,50.2,32.6,33.25
C0K470,林內,23.748675,120.609642,22.0,76.0,48.0,49.0,27.0,31.875,75.3,48.1,22.8,33.75
C0I360,水里,23.812553,120.849792,24.0,75.0,56.0,35.0,23.0,47.75,66.2,80.9,15.2,30.5
C0Z320,清水林道,23.27125,121.188272,50.0,72.0,77.0,39.0,24.0,0.125,51.0,42.5,33.8,30.0
C0SA90,達仁林場,22.264347,120.823972,54.0,97.0,81.0,30.0,28.0,56.125,57.5,80.8,41.0,33.25
C0R160,鹽埔,22.739558,120.530778,21.0,98.0,51.0,43.0,27.0,21.125,95.1,49.9,33.8,35.25
C2K620,馬光農場,23.721453,120.378864,20.0,84.0,70.0,54.0,27.0,0.0,8.9,16.7,29.4,7.75
C0R590,里港,22.77919,120.49459,18.0,97.0,84.0,64.0,31.0,21.25,86.9,60.0,57.6,34.0
C0V400,阿公店,22.804194,120.355528,18.0,97.0,63.0,67.0,31.0,21.5,82.8,55.6,54.2,34.0
C2F990,摩天嶺,24.322458,120.936819,54.0,88.0,98.0,0.0,21.0,0.125,8.2,27.8,0.0,6.5
C0F9N0,大里,24.092464,120.701378,21.0,46.0,84.0,54.0,26.0,38.0,25.1,67.4,50.6,34.25
C0F0D0,審馬陣,24.381675,121.4203,0.0,0.0,0.0,0.0,19.0,0.0,1.1,5.3,0.0,25.25
C0D560,竹東,24.767147,121.057881,23.0,50.0,52.0,43.0,27.0,36.875,33.7,59.6,40.4,35.5
C0I370,魚池,23.895703,120.94135,38.0,98.0,65.0,4.0,23.0,0.125,84.5,36.0,14.4,30.5
C0A530,坪林,24.938183,121.70975,18.0,98.0,38.0,52.0,22.0,27.375,95.0,70.4,71.6,31.0
C0A770,科教館,25.096356,121.516507,5.0,52.0,50.0,34.0,27.0,18.625,6.8,61.4,25.0,37.0
C0AI30,三重,25.057328,121.500629,5.0,59.0,50.0,34.0,27.0,18.625,19.8,61.4,25.0,37.0
C0Z061,玉里,23.3215,121.339656,33.0,64.0,75.0,61.0,21.0,31.0,51.5,64.2,58.4,28.75
C0R700,枋山,22.247814,120.660794,31.0,48.0,42.0,19.0,26.0,19.125,40.3,38.6,20.6,35.75
C0F9X0,大雅(中科園區),24.21528,120.62445,20.0,73.0,77.0,40.0,26.0,46.75,50.6,68.0,41.0,34.25
C0UB90,太平山莊,24.494171,121.536209,18.0,58.0,88.0,0.0,19.0,0.0,7.3,9.1,0.0,5.75
C0N020,城西,23.0568,120.0956,23.0,97.0,53.0,29.0,35.0,20.875,28.3,45.4,37.8,35.25
C0X050,東河,23.296598,120.385608,19.0,41.0,90.0,67.0,27.0,38.75,74.2,57.5,32.4,33.75
467270,田中,23.873803,120.581286,19.0,66.0,49.0,54.0,26.0,30.25,41.4,56.7,46.0,34.25
C0F9R0,龍井,24.184536,120.528972,24.0,42.0,61.0,24.0,26.0,30.25,58.4,57.6,15.2,34.25
C0S770,大溪山,22.478475,120.943325,57.0,90.0,57.0,46.0,28.0,48.5,62.4,76.8,47.0,33.25
C0UB10,蘇澳,24.5969,121.8571,9.0,70.0,40.0,22.0,19.0,11.5,20.8,36.0,47.2,23.0
C0V810,左營,22.67491,120.28491,30.0,77.0,74.0,40.0,27.0,19.875,71.8,50.6,20.4,35.25
C0S710,鹿野,22.917711,121.122994,51.0,89.0,84.0,50.0,26.0,56.875,56.8,80.2,50.4,32.5
82C160,茶改場,24.908472,121.185333,17.0,33.0,63.0,28.0,27.0,38.75,57.4,71.3,42.0,36.25
C0O830,北寮,23.079561,120.495008,19.0,96.0,62.0,52.0,31.0,37.75,95.1,57.3,38.8,34.0
C0TA80,立霧山,24.183258,121.641899,56.0,90.0,98.0,0.0,19.0,0.125,9.1,9.8,0.0,5.75
C0M740,六腳,23.492871,120.290625,17.0,61.0,71.0,52.0,27.0,24.875,80.1,58.8,47.0,33.75
C0X300,鹿寮,23.386047,120.477331,19.0,84.0,83.0,62.0,27.0,36.125,86.1,56.1,30.2,33.75
C0V660,岡山,22.797078,120.294958,24.0,76.0,78.0,34.0,31.0,19.375,60.5,47.4,24.4,34.0
72U480,花改蘭陽分場,24.686306,121.716583,20.0,57.0,61.0,10.0,19.0,8.875,69.2,49.5,18.6,25.25
C0X200,左鎮,23.056758,120.408522,21.0,83.0,87.0,60.0,31.0,37.875,92.3,69.0,49.4,34.0
C0S940,石寧山,23.223772,121.406639,30.0,92.0,63.0,30.0,23.0,35.5,50.9,64.5,59.8,31.25
C0SB20,富岡,22.792467,121.192669,34.0,63.0,33.0,27.0,26.0,0.125,6.0,15.1,12.6,6.5
C0K480,莿桐,23.761192,120.502372,20.0,61.0,39.0,44.0,26.0,29.25,49.6,53.5,41.0,34.25
C0I110,竹山,23.761225,120.688156,24.0,16.0,55.0,42.0,26.0,49.5,81.4,64.6,19.4,34.25
C0O900,善化,23.112883,120.297219,17.0,92.0,81.0,50.0,31.0,22.0,88.0,60.9,57.8,34.0
C0U900,內城,24.71813,121.68766,19.0,48.0,58.0,11.0,19.0,12.0,56.2,64.9,29.0,25.25
467480,嘉義,23.495925,120.432906,18.0,80.0,53.0,40.0,27.0,41.625,66.6,62.0,38.8,33.75
C2M620,瑞里,23.545133,120.675197,56.0,97.0,98.0,0.0,27.0,0.125,8.5,48.8,0.0,22.5
C0B010,七堵,25.094819,121.71713,4.0,86.0,40.0,36.0,25.0,15.375,51.2,55.0,19.6,35.0
C0FB00,大雪山,24.254668,121.007374,10.0,25.0,98.0,0.0,21.0,0.0,1.3,5.7,0.0,6.5
C2A650,火燒寮,25.002719,121.742892,20.0,98.0,45.0,54.0,25.0,3.0,9.2,41.0,58.2,23.25
C0E850,大河,24.618069,120.948578,31.0,67.0,48.0,34.0,21.0,49.0,76.7,41.2,32.0,31.75
C0K550,蔦松,23.514319,120.229736,20.0,74.0,62.0,36.0,32.0,25.125,74.4,52.7,29.2,37.5
467990,馬祖,26.169467,119.923158,30.0,92.0,82.0,35.0,63.0,0.125,89.9,41.5,30.2,72.0
C0A980,社子,25.109508,121.469681,5.0,49.0,38.0,35.0,27.0,18.75,36.3,53.9,19.4,37.0
C0C680,龜山,25.02846,121.38656,17.0,70.0,78.0,31.0,27.0,23.0,37.2,72.3,36.8,36.25
C0R680,佳樂水,21.993578,120.861633,29.0,85.0,66.0,14.0,29.0,36.5,56.0,78.3,17.8,34.75
467300,東吉島,23.25727,119.66762,33.0,96.0,79.0,30.0,44.0,58.625,37.6,78.1,21.0,43.5
C0K400,斗六,23.720583,120.541127,20.0,42.0,39.0,44.0,27.0,29.375,64.9,52.2,37.0,33.75
C0K580,高鐵雲林,23.737456,120.417944,20.0,76.0,70.0,54.0,27.0,22.875,65.6,58.0,54.0,33.75
G2L020,農試嘉義分所,23.485028,120.473806,19.0,72.0,72.0,54.0,27.0,33.875,74.4,49.9,24.0,33.75
467590,恆春,22.003897,120.746339,24.0,77.0,68.0,23.0,26.0,35.875,78.5,77.2,18.8,35.75
C0D580,寶山,24.735006,121.025192,23.0,86.0,61.0,42.0,21.0,44.75,88.2,51.0,30.2,31.75
C0C740,觀音工業區,25.064764,121.114856,25.0,81.0,57.0,33.0,30.0,39.75,15.3,54.0,21.2,38.75
C0S920,金峰嘉蘭,22.594789,120.960825,24.0,64.0,63.0,50.0,28.0,21.75,43.8,51.1,32.8,33.25
C0U890,三星,24.66812,121.65302,20.0,69.0,65.0,10.0,19.0,16.375,55.6,70.6,52.2,25.25
C0O960,崎頂,22.959547,120.369317,17.0,80.0,79.0,57.0,31.0,30.75,94.4,56.5,57.4,34.0
C0S760,紅石,23.069131,121.126219,40.0,81.0,98.0,0.0,26.0,0.125,58.3,47.7,0.0,32.5
C2G980,田頭村,23.8263,120.444175,20.0,91.0,62.0,58.0,26.0,0.0,9.1,17.9,29.0,7.5
467660,臺東,22.752211,121.154586,31.0,62.0,12.0,27.0,26.0,21.375,49.4,45.2,19.8,32.5
C2K630,荷苞,23.657717,120.595144,21.0,93.0,46.0,49.0,27.0,0.0,9.7,12.0,17.8,7.75
C0X280,將軍,23.214999,120.13577,21.0,97.0,56.0,33.0,35.0,22.625,82.1,52.6,23.6,35.25
C0C630,大溪,24.882853,121.265547,13.0,49.0,53.0,27.0,27.0,35.125,46.9,65.5,33.6,35.5
72M360,南改義竹分場,23.360694,120.279361,18.0,64.0,62.0,35.0,27.0,20.25,79.7,58.6,29.6,33.75
A2K360,水試臺西試驗場,23.717231,120.190522,24.0,74.0,61.0,29.0,32.0,21.5,52.8,49.2,19.4,37.5
C0FA50,霧峰,24.0419,120.6995,21.0,72.0,84.0,54.0,26.0,46.875,23.5,75.4,56.6,34.25
C0FA30,梧棲,24.256003,120.523381,24.0,96.0,61.0,24.0,31.0,30.625,25.1,58.3,16.0,33.0
C0W180,七美,23.219333,119.444892,39.0,97.0,77.0,37.0,37.0,0.0,19.6,39.8,22.2,27.25
C0D700,關西,24.7977,121.1732,20.0,86.0,55.0,47.0,27.0,39.125,21.0,29.4,40.4,35.5
C0AJ50,水湳洞,25.123695,121.862238,10.0,76.0,46.0,42.0,25.0,15.0,14.7,51.5,23.8,34.25
C2M930,石卓,23.478744,120.702264,39.0,86.0,98.0,0.0,27.0,0.125,8.8,29.4,0.0,7.75
C0A550,泰平,24.971197,121.823711,26.0,98.0,42.0,38.0,22.0,28.125,97.9,76.4,55.8,30.0
A2K570,古坑(花卉中心),23.633531,120.552392,21.0,92.0,46.0,49.0,27.0,35.875,59.2,48.2,22.8,33.75
C0K510,水林,23.572924,120.24597,20.0,71.0,65.0,44.0,32.0,24.875,73.9,52.3,34.6,37.5
C0S960,香蘭,22.587569,120.993375,22.0,28.0,60.0,50.0,28.0,19.5,34.2,45.1,29.6,33.25
C0C700,中壢,24.977661,121.256375,8.0,36.0,41.0,24.0,27.0,36.125,28.7,65.8,37.8,35.5
C2F930,大甲,24.347667,120.640403,29.0,80.0,85.0,20.0,31.0,5.375,14.0,31.1,18.4,21.25
C0R650,竹田,22.58486,120.54344,22.0,87.0,61.0,22.0,27.0,19.625,63.5,41.1,22.8,35.25
C0M880,好美里,23.3364,120.138,21.0,95.0,58.0,26.0,32.0,23.0,28.1,52.2,21.6,37.5
C0S900,蘭嶼高中,22.04909,121.51214,42.0,94.0,98.0,32.0,29.0,57.0,65.5,90.9,22.2,34.0
C0Z330,安通山,23.290728,121.348528,47.0,81.0,85.0,57.0,21.0,61.0,62.6,74.3,48.0,28.75
C0F0C0,中坑,24.248517,120.903319,56.0,96.0,98.0,0.0,23.0,0.125,76.9,46.3,0.4,30.5
C2F860,梨山,24.247522,121.243669,12.0,62.0,67.0,0.0,23.0,0.0,11.6,34.9,0.0,20.0
C0R320,車城,22.0744,120.716247,25.0,88.0,54.0,16.0,26.0,34.625,52.9,73.0,14.6,35.75
C0UB20,壯圍,24.7359,121.8163,8.0,88.0,50.0,19.0,19.0,9.5,27.1,47.4,17.4,23.0
C0H990,昆陽,24.121322,121.273642,0.0,3.0,0.0,0.0,19.0,0.0,2.6,1.2,0.0,26.25
C0X140,西港,23.125608,120.203108,19.0,58.0,64.0,50.0,35.0,21.75,66.8,56.4,46.8,35.25
C0UA90,石城,24.980444,121.951214,10.0,90.0,46.0,42.0,22.0,12.25,26.6,58.2,50.2,30.0
C0I390,仁愛,24.022122,121.132206,59.0,87.0,89.0,0.0,23.0,0.125,80.0,46.5,0.0,30.5
C0FB20,雪山橋,24.23192,120.9786,23.0,76.0,98.0,0.0,23.0,0.0,6.6,8.5,0.0,6.25
C0E750,苗栗,24.564569,120.824575,34.0,28.0,71.0,30.0,21.0,50.375,24.2,46.1,31.0,31.75
E2H360,蓮華池,23.918333,120.885278,39.0,98.0,71.0,12.0,23.0,0.125,67.0,30.8,6.0,30.5
C0F9Q0,外埔,24.347817,120.705686,26.0,69.0,76.0,42.0,31.0,49.375,73.0,64.6,33.4,33.0
C0T900,西林,23.8119,121.441458,31.0,87.0,52.0,47.0,19.0,36.25,47.8,80.6,59.6,26.25
U2HA30,臺大和社,23.590856,120.888864,44.0,96.0,57.0,1.0,24.0,0.125,66.9,34.0,40.4,30.0
C0R480,長治,22.693128,120.542622,21.0,75.0,57.0,25.0,27.0,21.125,77.1,54.6,54.0,35.25
C2A560,福山,24.776203,121.502811,24.0,94.0,51.0,27.0,22.0,3.125,9.4,41.2,68.8,19.0
C0AJ20,野柳,25.20703,121.690021,4.0,67.0,40.0,37.0,27.0,14.625,26.8,51.0,24.6,37.0
C0M660,溪口,23.604131,120.403569,19.0,55.0,54.0,44.0,27.0,34.0,78.8,53.8,31.2,33.75
C0R220,潮州,22.534361,120.54,21.0,67.0,49.0,17.0,27.0,20.625,65.7,39.1,21.6,35.25
C0H9A0,神木村,23.532742,120.843667,39.0,93.0,98.0,0.0,24.0,0.125,93.0,49.0,0.0,30.0
C0K330,虎尾,23.719183,120.442036,20.0,31.0,70.0,54.0,27.0,23.375,66.9,58.9,54.2,33.75
C2M410,馬頭山,23.324361,120.582017,21.0,95.0,86.0,55.0,27.0,3.875,19.1,37.7,35.8,22.5
C0D760,大坪苗圃,24.5362,121.1108,55.0,94.0,98.0,0.0,21.0,0.125,8.9,9.8,0.0,6.5
G2M350,農試溪口農場,23.58565,120.408111,19.0,70.0,54.0,44.0,27.0,28.625,57.8,53.8,31.0,33.75
C0V490,新興,22.627422,120.298803,27.0,52.0,70.0,35.0,27.0,21.25,45.5,51.0,30.2,35.25
C2I090,鳳凰,23.728081,120.787347,46.0,97.0,77.0,0.0,24.0,0.125,18.3,44.9,1.0,19.5
C0X190,安平,22.993161,120.152181,21.0,51.0,52.0,45.0,35.0,19.75,68.2,49.2,40.2,35.25
C0V890,前鎮,22.5718,120.3117,18.0,71.0,70.0,48.0,27.0,20.75,20.0,50.8,29.8,35.25
C0F9K0,大安,24.345061,120.588025,29.0,73.0,85.0,20.0,31.0,32.5,73.6,58.9,16.4,33.0
C0I420,國姓,24.037803,120.855072,22.0,74.0,49.0,46.0,23.0,56.125,74.6,65.9,47.4,30.5
C0F850,東勢,24.246428,120.833047,31.0,81.0,85.0,37.0,23.0,58.75,69.3,73.3,43.4,30.5
C0D360,梅花,24.678347,121.208558,33.0,90.0,52.0,42.0,21.0,0.125,90.9,39.7,47.2,31.75
C0G880,二水,23.810742,120.6173,23.0,72.0,47.0,44.0,26.0,36.75,72.9,53.7,20.4,34.25
A2N290,臺南蘭花園區,23.340258,120.379661,19.0,92.0,90.0,67.0,27.0,32.125,53.7,60.1,40.0,33.75
C0U650,玉蘭,24.675286,121.587061,24.0,77.0,49.0,24.0,19.0,49.375,67.0,79.9,58.4,25.25
C0I480,梅峰,24.085272,121.173572,15.0,66.0,83.0,0.0,23.0,0.0,50.8,39.9,0.0,30.5
C2M940,日野賀,23.434056,120.727169,57.0,97.0,98.0,0.0,27.0,0.125,9.6,29.2,0.0,7.75
C0U860,頭城,24.85323,121.8308,5.0,94.0,42.0,57.0,22.0,11.375,66.5,67.6,57.8,30.0
C0K600,箔子寮,23.6197,120.14,25.0,92.0,69.0,19.0,32.0,24.625,28.4,52.6,21.2,37.5
C0G810,埔心,23.947633,120.525456,21.0,47.0,56.0,43.0,26.0,32.875,49.2,61.0,45.4,34.25
C0V860,南寮,22.7616,120.2339,22.0,97.0,78.0,34.0,35.0,17.375,28.5,49.2,28.4,35.25
C0S730,綠島,22.6672,121.47533,35.0,96.0,97.0,31.0,27.0,23.875,67.6,48.2,8.8,30.75
C0M850,表湖,23.24186,120.64166,51.0,98.0,83.0,5.0,31.0,0.125,67.6,40.3,15.4,34.0
C0FB40,中橫21.6k,24.2499,121.1455,42.0,54.0,95.0,0.0,23.0,0.125,5.4,9.7,0.0,6.25
C0N030,四草,23.0235,120.1116,22.0,65.0,52.0,28.0,35.0,19.625,27.3,50.1,40.2,35.25
C0R710,龍磐,21.931672,120.838942,29.0,98.0,66.0,14.0,29.0,43.25,58.2,83.1,22.2,34.75
72T250,花蓮農改場,23.975222,121.563889,27.0,87.0,29.0,20.0,19.0,36.625,75.2,88.8,52.8,26.25
C0X080,佳里,23.173039,120.145086,20.0,96.0,54.0,32.0,35.0,22.875,88.5,53.1,25.8,35.25
C0M670,大林,23.600616,120.45841,19.0,34.0,54.0,44.0,27.0,40.75,63.6,58.1,32.0,33.75
C0M700,竹崎,23.526178,120.555508,21.0,76.0,81.0,60.0,27.0,48.0,88.7,57.7,27.2,33.75
72M700,南改鹿草分場,23.416869,120.283061,17.0,54.0,64.0,46.0,27.0,21.375,58.2,59.8,38.8,33.75
C0R960,內埔,22.608483,120.570714,22.0,62.0,61.0,22.0,27.0,0.125,7.1,9.5,15.2,7.75
467080,宜蘭,24.763975,121.756528,11.0,79.0,50.0,24.0,22.0,11.75,74.8,62.7,34.6,30.0
V2K620,麥寮合作社,23.753836,120.294783,22.0,92.0,59.0,50.0,26.0,21.5,18.3,52.7,45.6,34.25
C0C800,四稜,24.64733,121.4293,45.0,90.0,75.0,0.0,19.0,0.125,9.2,6.2,0.0,5.75
C0UA70,桃源谷,24.962606,121.888875,49.0,98.0,68.0,26.0,22.0,0.125,67.4,40.3,53.0,30.0
C0U880,北關,24.9072,121.8734,6.0,93.0,32.0,55.0,22.0,18.125,27.0,65.3,58.4,30.0
C0V650,彌陀,22.783806,120.246361,24.0,66.0,78.0,34.0,35.0,18.375,83.1,47.2,21.0,35.25
C0V850,蚵仔寮,22.7256,120.2527,22.0,58.0,78.0,34.0,27.0,19.5,25.9,52.2,27.0,35.25
C0U750,龜山島,24.841667,121.953133,27.0,95.0,43.0,51.0,20.0,27.375,76.3,77.9,42.6,25.75
C0FA70,大雪山埡口,24.26867,121.03062,7.0,34.0,29.0,0.0,21.0,0.0,3.6,3.0,0.0,6.5
C0G720,溪州,23.851589,120.499093,20.0,37.0,57.0,50.0,26.0,27.375,65.9,55.8,49.6,34.25
C0T9E0,大坑,23.880628,121.581981,53.0,96.0,94.0,60.0,19.0,57.75,83.0,91.7,60.4,26.25
C0V820,小林,23.148408,120.63325,30.0,98.0,94.0,50.0,31.0,54.375,65.3,76.2,37.4,34.0
C2FB50,出雲,24.206469,120.902794,56.0,94.0,98.0,0.0,23.0,0.125,9.2,28.5,0.0,6.25
C0E550,明德,24.583486,120.885411,13.0,57.0,29.0,31.0,21.0,48.875,61.7,41.6,31.4,31.75
C0G800,埔鹽,24.000394,120.431683,22.0,71.0,59.0,29.0,26.0,24.0,73.9,50.9,14.8,34.25
C2R170,屏東,22.66027,120.49403,17.0,73.0,63.0,38.0,27.0,0.125,8.4,14.1,21.8,7.75
C0K291,宜梧,23.536281,120.169329,25.0,88.0,69.0,19.0,32.0,25.0,88.7,52.5,29.2,37.5
C0UA60,樟樹山,24.41393,121.78325,48.0,84.0,84.0,21.0,19.0,0.0,65.1,39.1,59.2,23.0
C0V640,湖內,22.887139,120.2445,27.0,68.0,69.0,23.0,35.0,19.0,84.5,49.8,21.4,35.25
C0R760,南仁湖,22.084681,120.863353,41.0,98.0,72.0,34.0,29.0,46.5,58.4,89.6,40.4,34.75
C2A660,瑞芳,25.113169,121.801147,7.0,95.0,44.0,42.0,25.0,1.75,5.6,31.6,32.8,23.0
72S590,東改賓朗果園,22.813889,121.071278,48.0,89.0,79.0,34.0,26.0,41.625,74.6,69.0,34.8,32.5
C0S910,蘭嶼燈塔,22.081197,121.503117,44.0,98.0,98.0,31.0,29.0,63.625,67.3,95.4,20.6,34.0
C0I540,奇萊稜線,24.109231,121.326456,0.0,0.0,0.0,0.0,19.0,0.0,0.0,0.0,0.0,25.25
C0Z230,和平,24.30717,121.77007,19.0,52.0,39.0,37.0,19.0,16.5,35.4,59.2,41.6,23.0
72HA00,中改埔里分場,23.903208,120.963364,39.0,97.0,65.0,4.0,23.0,0.125,68.1,29.9,13.2,30.5
C0AC40,大屯山,25.175675,121.522408,45.0,96.0,93.0,0.0,29.0,0.0,92.2,48.4,14.8,39.0
C0AG80,中和,24.991622,121.491792,5.0,73.0,41.0,4.0,22.0,15.25,13.1,53.5,26.8,29.75
C0AI00,五股,25.07445,121.42728,10.0,93.0,51.0,41.0,27.0,37.0,44.8,66.3,25.8,37.0
C0G9B0,和美,24.105169,120.492131,21.0,37.0,54.0,32.0,26.0,0.0,3.5,12.9,5.4,7.5
C0C620,蘆竹,25.084275,121.265767,13.0,57.0,44.0,23.0,29.0,21.75,57.4,55.6,19.6,38.25
C0W220,北竿,26.220358,119.974881,29.0,89.0,79.0,35.0,63.0,0.125,19.4,40.8,21.0,53.25
C0V620,永安,22.82315,120.236856,24.0,79.0,78.0,34.0,35.0,18.375,83.4,47.2,21.0,35.25
C0V760,橋頭,22.757806,120.30575,22.0,52.0,73.0,45.0,31.0,19.25,67.6,50.3,33.2,34.0
C0S990,山豬窟,22.318619,120.857372,46.0,84.0,77.0,36.0,28.0,57.875,48.5,81.3,38.4,33.25
C0FA10,松柏,24.429115,120.617482,35.0,79.0,77.0,21.0,31.0,34.875,25.2,57.6,14.4,33.0
C0U720,南山,24.43742,121.38167,37.0,67.0,66.0,0.0,19.0,0.125,58.3,43.1,1.4,25.25
C0A890,雙溪,25.036003,121.864242,10.0,97.0,47.0,43.0,23.0,16.625,88.6,64.4,35.6,31.0
C0FB30,八仙山苗圃,24.192719,121.001366,54.0,95.0,95.0,0.0,23.0,0.125,9.2,8.6,0.0,6.25
C0V690,鼓山,22.623325,120.275575,27.0,83.0,70.0,35.0,27.0,21.25,74.9,50.9,30.0,35.25
C2K610,草嶺石壁,23.602469,120.707731,51.0,96.0,98.0,0.0,27.0,0.125,9.5,28.9,0.0,7.75
C2F9A0,中竹林,24.103556,120.751061,32.0,96.0,91.0,36.0,23.0,6.25,17.1,29.0,25.2,20.0
467650,日月潭,23.881325,120.90805,51.0,97.0,86.0,0.0,23.0,0.125,92.7,46.4,0.0,30.5
C0E610,馬都安,24.451272,120.930192,51.0,94.0,95.0,2.0,21.0,0.125,88.4,42.6,10.8,31.75
C0K590,雲林東勢,23.674192,120.255721,21.0,95.0,59.0,46.0,27.0,24.875,25.9,55.9,46.6,33.75
C0F9P0,清水,24.312297,120.562242,24.0,64.0,73.0,22.0,31.0,29.125,67.1,56.6,15.8,33.0
C2V250,甲仙,23.080106,120.591758,23.0,97.0,93.0,58.0,31.0,4.5,19.4,38.8,39.0,21.25
C0X150,安定,23.102614,120.227839,19.0,91.0,64.0,50.0,35.0,19.75,76.5,56.2,47.2,35.25
C0K390,土庫,23.679029,120.395574,19.0,50.0,64.0,57.0,27.0,22.875,70.5,57.7,48.4,33.75
C0V700,三民,22.645017,120.311233,30.0,84.0,74.0,40.0,27.0,21.875,34.4,47.5,23.4,35.25
C0M750,布袋,23.380878,120.167789,22.0,47.0,62.0,18.0,32.0,25.75,77.0,52.1,24.6,37.5
C2H9G0,百勝,24.051142,120.909361,33.0,91.0,43.0,3.0,23.0,0.125,9.0,15.2,10.8,6.25
C0F9U0,南屯,24.137006,120.637969,20.0,31.0,58.0,34.0,26.0,38.375,27.6,65.3,40.2,34.25
C0F9V0,新社,24.200172,120.815806,35.0,91.0,80.0,32.0,23.0,0.125,89.2,37.6,22.8,30.5
C0D750,樂山林道6k,24.49999,121.08773,11.0,23.0,85.0,0.0,21.0,0.0,3.3,8.9,0.0,6.5
C2O930,玉井,23.126042,120.46055,19.0,97.0,85.0,61.0,31.0,3.5,18.9,35.5,35.6,21.25
C0M710,東石,23.458927,120.15385,22.0,82.0,62.0,18.0,32.0,25.5,80.9,52.0,24.6,37.5
C0V880,興達,22.8778,120.2127,27.0,83.0,69.0,23.0,35.0,18.75,26.0,49.1,21.0,35.25
C0AJ40,石門,25.273672,121.601198,17.0,97.0,40.0,23.0,30.0,34.5,29.8,69.6,12.4,40.0
C0AC70,信義,25.037822,121.564597,4.0,34.0,47.0,31.0,25.0,15.0,30.9,59.5,24.4,35.0
C0V370,古亭坑,22.893178,120.401947,17.0,97.0,66.0,64.0,31.0,29.75,95.3,66.3,57.2,34.0
C0W120,西嶼,23.5626,119.468436,33.0,95.0,79.0,38.0,44.0,0.0,85.1,39.8,25.4,43.5
C0AH10,永和,25.01125,121.508111,5.0,43.0,41.0,4.0,27.0,15.125,30.8,53.2,25.6,37.0
C0C490,八德,24.928708,121.283289,13.0,33.0,53.0,27.0,27.0,30.75,31.0,62.0,36.4,35.5
C0K530,臺西,23.701547,120.197559,24.0,86.0,61.0,29.0,32.0,26.0,88.6,49.8,20.0,37.5
72V140,高改旗南分場,22.857861,120.516667,17.0,90.0,84.0,64.0,31.0,23.0,81.1,64.0,49.0,34.0
C0B040,大武崙,25.166676,121.706993,4.0,87.0,40.0,36.0,25.0,15.875,25.8,53.1,25.2,35.0
C0F0B0,石岡,24.276061,120.777644,27.0,84.0,94.0,49.0,21.0,50.75,78.2,61.0,45.8,31.75
467490,臺中,24.145736,120.684075,20.0,39.0,88.0,49.0,26.0,51.375,45.6,68.8,37.4,34.25
C0R660,枋寮,22.367722,120.590647,31.0,95.0,46.0,21.0,27.0,19.75,51.7,37.5,20.8,35.25
C0D540,橫山,24.71116,121.11693,23.0,97.0,62.0,41.0,21.0,53.125,87.0,62.0,37.2,31.75
C0U910,冬山,24.63373,121.7937,10.0,55.0,43.0,22.0,19.0,10.625,52.0,46.4,30.6,23.0
C0E740,造橋,24.637056,120.864778,32.0,63.0,43.0,43.0,21.0,43.5,69.1,33.1,28.2,31.75
C0G780,秀水,24.03405,120.503869,20.0,61.0,56.0,42.0,26.0,24.875,62.6,54.0,38.4,34.25
C0T9I0,豐濱,23.583897,121.514806,24.0,97.0,45.0,41.0,21.0,37.5,78.8,69.6,46.4,28.75
C0T9B0,水源,23.991861,121.537169,58.0,95.0,95.0,46.0,19.0,0.125,81.8,48.4,39.6,26.25
C0X320,柳營,23.253328,120.375253,18.0,57.0,91.0,71.0,27.0,38.875,47.0,61.7,46.4,33.75
C0F9Z0,雪山東峰,24.388792,121.268675,0.0,1.0,0.0,0.0,19.0,0.0,1.7,0.5,0.0,25.25
C0AH90,福山植物園,24.760717,121.58135,43.0,96.0,45.0,25.0,22.0,0.125,67.5,35.9,46.0,29.75
E2HA20,林試畢祿溪站,24.226944,121.308522,11.0,70.0,54.0,0.0,19.0,0.0,40.9,36.3,0.0,26.25
72C440,桃園農改場,24.950944,121.030583,33.0,72.0,64.0,22.0,27.0,32.625,54.6,54.7,50.4,35.5
C0F9T0,西屯,24.179494,120.641275,20.0,31.0,77.0,40.0,26.0,40.375,30.4,65.0,39.0,34.25
C0FA90,小雪山林道,24.29515,121.03651,4.0,13.0,13.0,0.0,21.0,0.0,0.6,0.4,0.0,6.5
C0U980,坪林石牌,24.86478,121.77396,38.0,97.0,53.0,32.0,22.0,0.125,77.6,40.1,56.6,30.0
C0TA20,加灣,24.082025,121.608944,23.0,69.0,33.0,16.0,19.0,0.125,6.2,22.3,13.2,5.75
C0A570,桶後,24.848222,121.597992,20.0,93.0,45.0,51.0,22.0,28.25,89.8,69.4,67.6,29.75
C0E920,通霄漁港,24.498589,120.673876,39.0,79.0,72.0,18.0,31.0,41.75,24.9,57.4,14.2,33.0
U2HA40,臺大內茅埔,23.689722,120.851117,31.0,91.0,43.0,27.0,24.0,0.0,66.5,34.9,48.6,30.0
C2H9J0,中台,23.9996,120.938739,42.0,88.0,73.0,4.0,23.0,0.125,8.2,18.6,13.0,6.25
C1F9D1,白毛台,24.158325,120.886933,44.0,0.0,54.0,1.0,23.0,0.125,0.0,31.8,8.8,20.0
C2SD70,二層坪,22.94105,121.16838,44.0,0.0,74.0,65.0,26.0,0.0,0.0,0.4,0.0,0.0
C1Z130,銅門,23.965694,121.492842,29.0,0.0,47.0,43.0,19.0,0.125,0.0,33.8,49.8,17.0
C1M480,獨立山,23.537022,120.607797,57.0,0.0,65.0,1.0,27.0,0.125,0.0,47.0,4.2,22.5
C0SE00,樟原南溪,23.4023,121.42318,51.0,0.0,90.0,39.0,21.0,0.0,0.0,0.0,0.0,0.0
C2S800,華源,22.65783,121.0232,40.0,0.0,37.0,27.0,28.0,0.0,0.0,0.0,0.0,0.0
C0V960,西阿里關山,23.183025,120.64143,60.0,0.0,90.0,0.0,31.0,0.0,0.0,0.0,0.0,0.0
C2SA40,瑞和,22.974361,121.156697,44.0,0.0,74.0,65.0,26.0,0.0,0.0,0.0,0.0,0.0
C1F9B1,桐林,24.066172,120.735194,21.0,0.0,84.0,54.0,26.0,0.0,0.0,29.8,53.4,22.0
C2I210,蘆竹湳,23.93398,120.81209,36.0,0.0,37.0,4.0,23.0,0.0,0.0,0.0,0.0,0.0
C1I450,望鄉山,23.594153,120.944286,0.0,0.0,11.0,0.0,24.0,0.0,0.0,8.1,0.0,19.5
C1I121,大鞍,23.678381,120.760017,48.0,0.0,98.0,0.0,24.0,0.125,0.0,48.9,0.0,19.5
C2G9E0,移民庄,23.9784,120.40283,24.0,0.0,61.0,30.0,26.0,0.0,0.0,0.0,0.0,0.0
C2M530,奮起湖,23.493903,120.699253,54.0,0.0,98.0,0.0,27.0,0.0,0.0,0.4,0.0,0.0
C0V930,天池,23.27778,120.91569,13.0,0.0,55.0,0.0,24.0,0.0,0.0,0.0,0.0,0.0
C1I470,杉林溪,23.639517,120.786444,38.0,0.0,98.0,0.0,24.0,0.125,0.0,48.5,0.0,19.5
C1X040,東原,23.291597,120.463822,20.0,0.0,88.0,56.0,27.0,0.125,0.0,35.3,36.0,22.5
C1E511,新開,24.347703,120.827019,35.0,0.0,86.0,44.0,21.0,0.125,0.0,31.7,47.0,20.75
C2M990,大巃頂,23.5547,120.61439,57.0,0.0,93.0,0.0,27.0,0.0,0.0,2.3,0.0,0.5
C1I070,和社,23.591131,120.888861,44.0,0.0,57.0,1.0,24.0,0.125,0.0,34.0,40.4,19.5
C2E990,新坪頂,24.30201,120.8574,51.0,0.0,81.0,23.0,21.0,0.0,0.0,2.5,0.0,0.0
C1S850,豐南,23.122139,121.262389,46.0,0.0,89.0,63.0,23.0,0.125,0.0,38.3,48.4,20.5
C2M9B0,西興,23.2428,120.57617,27.0,0.0,65.0,33.0,31.0,0.0,0.0,0.4,0.0,0.0
CAC040,拉拉山,24.699317,121.427133,24.0,0.0,91.0,0.0,19.0,0.0,11.2,49.0,0.0,22.0
C1R630,龍泉,22.66701,120.59091,22.0,0.0,69.0,28.0,27.0,0.125,0.0,19.2,21.6,21.5
C1AC50,關渡,25.133486,121.469331,15.0,0.0,40.0,48.0,29.0,0.0,0.0,32.1,27.4,26.5
C1F9J1,清水林,24.071242,120.820419,52.0,0.0,59.0,0.0,23.0,0.125,0.0,25.1,2.4,20.0
C1I220,樟湖,23.905333,120.846983,60.0,0.0,92.0,0.0,23.0,0.125,0.0,48.7,0.0,20.0
C1V590,新發,23.057019,120.646064,48.0,0.0,70.0,8.0,31.0,0.125,0.0,38.4,22.0,21.25
C1A750,石碇服務區,25.00872,121.646242,6.0,0.0,58.0,36.0,25.0,0.0,0.0,25.4,19.4,23.25
C2K310,港尾布雞,23.74834,120.38439,20.0,0.0,70.0,54.0,27.0,0.0,0.0,0.4,0.0,0.0
C1V160,達卡努瓦,23.279811,120.705319,57.0,0.0,98.0,0.0,27.0,0.125,0.0,48.4,0.0,22.5
C1V390,尖山,22.813153,120.367789,18.0,0.0,63.0,67.0,31.0,0.125,0.0,31.8,54.4,21.25
C0V950,五指寮林道3.5K,23.136775,120.64028,43.0,0.0,91.0,25.0,31.0,0.0,0.0,0.0,0.0,0.0
C2K250,崙背,23.75553,120.31893,22.0,0.0,59.0,50.0,26.0,0.0,0.0,0.0,0.0,0.5
C2R260,春日,22.370361,120.628306,34.0,0.0,50.0,21.0,27.0,0.0,0.0,0.0,0.0,0.0
C1I030,武界,23.913225,121.052483,51.0,0.0,88.0,0.0,23.0,0.125,0.0,47.1,0.0,20.0
C1M610,石磐龍,23.496606,120.663506,56.0,0.0,98.0,0.0,27.0,0.125,0.0,47.8,0.0,22.5
C2C830,中德,24.981862,121.291344,8.0,0.0,41.0,24.0,27.0,0.0,0.0,0.0,0.0,0.0
C2R240,萬巒,22.527306,120.625111,30.0,0.0,61.0,46.0,27.0,0.0,0.0,0.0,0.0,0.0
C1A630,下盆,24.771003,121.538622,31.0,0.0,43.0,36.0,22.0,0.125,0.0,41.2,46.6,19.0
C1V580,溪南(特生中心),23.084972,120.788475,47.0,0.0,98.0,0.0,26.0,0.125,0.0,49.0,0.0,20.25
C1T970,大農,23.615233,121.413331,30.0,0.0,75.0,62.0,21.0,0.125,0.0,36.7,50.4,18.0
C1H900,清流,24.080775,120.962997,49.0,0.0,80.0,0.0,23.0,0.125,0.0,39.8,0.0,20.0
C1C510,水尾,24.940081,121.087161,33.0,0.0,64.0,22.0,27.0,0.0,0.0,27.8,23.8,24.25
C2N170,茅港尾,23.2061,120.2624,17.0,0.0,68.0,56.0,31.0,0.0,0.0,0.9,0.0,0.75
C2S890,關山,23.0395,121.175017,39.0,0.0,79.0,67.0,26.0,0.0,0.0,0.0,0.0,0.0
C1E701,八卦,24.491756,120.927619,51.0,0.0,93.0,7.0,21.0,0.125,0.0,37.6,17.2,20.75
C2TA90,加納納,23.466421,121.359867,31.0,0.0,82.0,57.0,21.0,0.0,0.0,2.5,0.0,0.25
C2AK30,信賢,24.84108,121.53492,21.0,0.0,59.0,51.0,22.0,0.0,0.0,0.0,0.0,0.0
C2UC40,中城,24.62865,121.74745,13.0,0.0,43.0,26.0,19.0,0.0,0.0,0.0,0.0,0.0
C0V940,美瓏山,23.1197,120.74731,61.0,0.0,98.0,0.0,31.0,0.0,0.0,0.0,0.0,0.0
C1O870,大棟山,23.31157,120.52226,54.0,0.0,98.0,0.0,27.0,0.125,0.0,49.0,0.0,22.5
C2AK40,漁光,24.96875,121.72132,52.0,0.0,58.0,19.0,22.0,0.0,0.0,0.0,0.0,0.0
C1R610,西大武山,22.617719,120.7322,41.0,0.0,98.0,0.0,27.0,0.125,0.0,48.7,0.0,21.5
C1D640,外坪(五指山),24.644447,121.090961,29.0,0.0,41.0,33.0,21.0,0.125,0.0,32.7,35.4,20.75
C2R9A0,高士國小,22.12553,120.84653,29.0,0.0,66.0,31.0,29.0,0.0,0.0,0.4,0.0,0.0
C1T950,太安,23.666719,121.370128,59.0,0.0,92.0,0.0,21.0,0.125,0.0,46.0,0.4,18.0
C1T830,布洛灣,24.17184,121.57127,29.0,0.0,76.0,68.0,19.0,0.0,0.0,45.6,69.4,17.0
C1U920,思源,24.393125,121.347214,13.0,0.0,83.0,0.0,19.0,0.0,0.0,44.5,0.0,15.75
C2H9Y0,松茗,23.8167,120.650765,30.0,0.0,58.0,22.0,26.0,0.0,0.0,2.5,0.0,0.5
C2I260,北坑,23.92463,121.00683,36.0,0.0,87.0,47.0,23.0,0.0,0.0,0.0,0.0,0.0
C0V970,花菓,23.034775,120.68415,68.0,0.0,98.0,0.0,31.0,0.0,0.0,0.0,0.0,0.0
C1U930,粉鳥林,24.497088,121.842479,13.0,0.0,36.0,37.0,19.0,0.0,0.0,36.8,47.6,15.25
C1F9F1,伯公龍,24.272392,120.849047,35.0,0.0,75.0,38.0,21.0,0.125,0.0,37.6,37.8,20.75
C1I440,新高口,23.478744,120.878939,4.0,0.0,43.0,0.0,24.0,0.0,0.0,25.6,0.0,19.5
C1S820,金峰,22.590969,120.933236,29.0,0.0,63.0,49.0,28.0,0.125,0.0,24.8,34.8,20.0
C1SA70,都蘭,22.87794,121.226881,39.0,0.0,51.0,49.0,26.0,0.125,0.0,28.7,36.4,20.25
C0TC60,王武塔山,23.721627,121.343577,39.0,0.0,98.0,0.0,21.0,0.0,0.0,0.0,0.0,0.0
C1A760,坪林交控,24.94284,121.713442,14.0,0.0,39.0,55.0,22.0,0.0,0.0,37.5,69.2,20.25
C1R290,石門山,22.112611,120.756597,41.0,0.0,72.0,34.0,29.0,0.125,0.0,44.5,40.4,22.25
C1Z240,中平林道,23.42115,121.26763,64.0,0.0,95.0,0.0,21.0,0.125,0.0,46.6,0.0,18.0
C1E900,國一N128K,24.560997,120.844186,34.0,0.0,71.0,30.0,21.0,0.0,0.0,15.2,31.8,20.75
C1U850,觀音海岸,24.38319,121.77856,47.0,0.0,88.0,11.0,19.0,0.125,0.0,44.3,25.4,15.25
C1I310,西巒,23.754486,120.883956,54.0,0.0,78.0,0.0,23.0,0.125,0.0,48.4,1.0,20.0
C2UC30,金洋,24.42465,121.74573,27.0,0.0,52.0,55.0,19.0,0.0,0.0,0.0,0.0,0.0
C1I101,溪頭,23.661789,120.807647,32.0,0.0,98.0,0.0,24.0,0.125,0.0,48.1,0.0,19.5
C1H920,長豐,24.102039,120.879897,44.0,0.0,62.0,0.0,23.0,0.125,0.0,29.4,1.6,20.0
C2S9B0,利吉,22.86246,121.15486,41.0,0.0,71.0,52.0,26.0,0.0,0.0,0.4,0.0,0.0
C1E721,泰安,24.489017,120.968036,49.0,0.0,98.0,0.0,21.0,0.125,0.0,49.0,0.2,20.75
C1S860,利嘉,22.809417,121.050528,61.0,0.0,80.0,36.0,26.0,0.125,0.0,41.2,40.4,20.25
C2M9G0,沄水,23.38293,120.52666,16.0,0.0,91.0,59.0,27.0,0.0,0.0,0.0,0.0,0.0
C1I510,線浸林道,23.761508,120.832956,59.0,0.0,95.0,0.0,23.0,0.125,0.0,49.0,0.0,20.0
C1I131,桶頭,23.641944,120.654117,25.0,0.0,72.0,55.0,27.0,0.125,0.0,28.8,31.2,22.5
C2M9D0,何竹子腳,23.53641,120.38203,18.0,0.0,53.0,40.0,27.0,0.0,0.0,0.4,0.0,0.0
CAW010,東引,26.3588,120.4836,25.0,0.0,83.0,42.0,58.0,0.0,0.0,1.3,0.0,1.75
C1E670,南礦,24.538278,121.002836,56.0,0.0,98.0,0.0,21.0,0.125,0.0,49.0,0.4,20.75
C1E461,松安,24.397972,120.986022,51.0,0.0,98.0,0.0,21.0,0.125,0.0,49.0,0.0,20.75
C2O850,環湖,23.148665,120.4186,19.0,0.0,85.0,61.0,31.0,0.0,0.0,0.0,0.0,0.0
C1I020,萬大,23.979817,121.132261,59.0,0.0,90.0,0.0,23.0,0.125,0.0,46.7,0.0,20.0
C2UC20,長嶺,24.70894,121.61162,24.0,0.0,49.0,24.0,19.0,0.0,0.0,2.0,0.0,0.0
C1I500,大尖山,23.858572,120.994889,19.0,0.0,95.0,0.0,23.0,0.0,0.0,46.7,0.0,20.0
C1TA00,太魯閣,24.15773,121.6236,12.0,0.0,80.0,69.0,19.0,0.125,0.0,43.9,19.8,17.0
C1I230,九份二山,23.961944,120.845,49.0,0.0,80.0,0.0,23.0,0.125,0.0,43.4,0.6,20.0
C2M810,里佳,23.389125,120.716647,48.0,0.0,98.0,0.0,27.0,0.0,0.0,0.4,0.0,0.0
C2V580,瑞山,22.90304,120.43424,17.0,0.0,66.0,64.0,31.0,0.0,0.0,0.4,0.0,0.0
C1T990,高寮,23.394239,121.356808,28.0,0.0,58.0,50.0,21.0,0.125,0.0,41.5,51.4,18.0
C1Z140,荖溪,23.890575,121.45964,59.0,0.0,92.0,0.0,19.0,0.125,0.0,47.4,1.0,17.0
C1I201,中心崙,23.728722,120.712097,41.0,0.0,52.0,1.0,27.0,0.125,0.0,42.3,9.6,22.5
C1I400,凌霄,24.018778,121.004456,50.0,0.0,98.0,0.0,23.0,0.125,0.0,48.8,0.0,20.0
C1M640,十字,23.492153,120.753683,39.0,0.0,98.0,0.0,24.0,0.125,0.0,49.0,0.0,19.5
C2E420,竹南,24.70898,120.88897,37.0,0.0,39.0,53.0,21.0,0.0,0.0,0.4,0.0,0.0
C2D480,打鐵坑,24.849664,121.150789,24.0,0.0,55.0,34.0,27.0,0.0,0.0,0.0,0.0,0.0
C2H9V0,龍鳳峽,23.657461,120.767331,36.0,0.0,98.0,0.0,24.0,0.0,0.0,0.0,0.0,0.0
C2I240,外大坪,23.9587,120.91788,40.0,0.0,68.0,2.0,23.0,0.0,0.0,0.0,0.0,0.0
C1I250,鯉潭,23.961922,120.991131,40.0,0.0,80.0,19.0,23.0,0.125,0.0,39.0,7.6,20.0
C1T940,大觀,23.714206,121.373133,44.0,0.0,88.0,55.0,21.0,0.125,0.0,46.9,51.0,18.0
E2P990,林試扇平站,22.9677,120.6857,54.0,0.0,85.0,7.0,31.0,0.125,41.6,38.9,44.4,34.0
C1Z040,立山,23.443356,121.327375,44.0,0.0,87.0,64.0,21.0,0.125,0.0,46.9,60.6,18.0
C2E430,南庄,24.601775,121.000214,36.0,0.0,58.0,35.0,21.0,0.0,0.0,0.4,0.0,0.0
C0H9Z0,鹿林山,23.468688,120.873288,0.0,0.0,12.0,0.0,24.0,0.0,0.0,0.0,0.0,0.0
C2TB60,南安,23.29818,121.26157,36.0,0.0,82.0,68.0,21.0,0.0,0.0,0.4,0.0,0.0
C1V170,排雲,23.463619,120.954147,0.0,0.0,0.0,0.0,24.0,0.0,0.0,0.0,0.0,19.5
C1H941,雙冬,23.967378,120.802189,39.0,0.0,68.0,10.0,23.0,0.125,0.0,29.5,18.6,20.0
C2RA10,大新,22.67558,120.57788,22.0,0.0,69.0,28.0,27.0,0.0,0.0,0.3,0.0,1.0
C2AA10,中八仙,25.11576,121.49199,3.0,0.0,47.0,30.0,27.0,0.0,0.0,0.0,0.0,0.0
C0M9H0,水社寮,23.50418,120.66035,56.0,0.0,98.0,0.0,27.0,0.0,0.0,0.0,0.0,0.0
C2C810,八德蔬果,24.97858,121.28187,8.0,0.0,41.0,24.0,27.0,0.0,0.0,0.0,0.0,0.0
C2M9F0,安溪寮,23.350334,120.208039,21.0,0.0,58.0,26.0,32.0,0.0,0.0,0.0,0.0,0.0
C2M9A0,大華,23.4824,120.67491,58.0,0.0,95.0,0.0,27.0,0.0,0.0,0.4,0.0,0.0
C1F941,雪嶺,24.280586,121.026642,7.0,0.0,28.0,0.0,21.0,0.0,0.0,19.4,0.0,20.75
C2TA70,赤科坪,23.39885,121.39168,57.0,0.0,91.0,17.0,21.0,0.0,0.0,2.5,0.0,0.25
C1T920,中興,23.769503,121.498653,30.0,0.0,32.0,30.0,19.0,0.125,0.0,34.0,46.2,17.0
C0SD90,龍泉苗圃,23.16664,121.18011,48.0,0.0,81.0,68.0,26.0,0.0,0.0,0.0,0.0,0.0
C1S870,南美山,23.15025,121.382333,45.0,0.0,74.0,41.0,23.0,0.125,0.0,33.4,45.0,20.5
C1U501,牛鬥,24.637836,121.573656,19.0,0.0,69.0,37.0,19.0,0.0,0.0,42.9,60.2,15.75
C2R990,泰武,22.60686,120.69765,67.0,0.0,98.0,0.0,27.0,0.0,0.0,2.0,0.0,1.0
C1N001,沙崙,22.935472,120.309406,17.0,0.0,79.0,57.0,31.0,0.125,0.0,33.3,52.4,21.25
C2V570,吉東,22.85418,120.54539,21.0,0.0,83.0,56.0,31.0,0.0,0.0,0.0,0.0,0.0
C1R250,力里,22.428117,120.629228,36.0,0.0,55.0,22.0,27.0,0.125,0.0,21.7,14.8,21.5
C1I330,楓樹林,23.986803,121.076117,57.0,0.0,98.0,0.0,23.0,0.125,0.0,47.5,0.0,20.0
C2K301,鹿南,23.643341,120.3683,19.0,0.0,64.0,57.0,27.0,0.0,0.0,0.0,0.0,0.0
C1V300,御油山,23.001983,120.715364,47.0,0.0,98.0,0.0,31.0,0.125,0.0,49.0,0.0,21.25
C1T980,龍澗,24.023289,121.411328,54.0,0.0,98.0,0.0,19.0,0.125,0.0,48.2,0.0,17.0
C1V830,國三S383K,22.781967,120.426475,18.0,0.0,81.0,63.0,31.0,0.125,0.0,33.1,63.8,21.25
C1O940,東山服務區,23.286016,120.398472,19.0,0.0,90.0,67.0,27.0,0.0,0.0,26.3,33.6,22.5
C1U840,東澳嶺,24.5378,121.8485,52.0,0.0,63.0,6.0,19.0,0.125,0.0,39.7,27.8,15.25
C1D630,飛鳳山,24.766464,121.119178,25.0,0.0,67.0,46.0,27.0,0.125,0.0,43.7,41.8,23.75
C1V200,梅山,23.268447,120.823556,59.0,0.0,90.0,0.0,24.0,0.125,0.0,43.4,11.0,19.5
C1F911,新伯公,24.221361,120.841069,31.0,0.0,84.0,35.0,23.0,0.125,0.0,34.2,34.0,20.0
C2TB50,麻汝,23.42554,121.39358,29.0,0.0,76.0,56.0,21.0,0.0,0.0,0.4,0.0,0.0
C2R550,新埤,22.467947,120.582894,32.0,0.0,48.0,21.0,27.0,0.0,0.0,0.0,0.0,0.0
C1F891,稍來,24.265689,121.001142,10.0,0.0,98.0,0.0,21.0,0.0,0.0,46.6,0.0,20.75
C2M9C0,紫雲,23.494914,120.540253,20.0,0.0,73.0,52.0,27.0,0.0,0.0,0.1,0.0,0.0
C2S9A0,北份子寮,22.78561,121.07813,36.0,0.0,26.0,28.0,26.0,0.0,0.0,0.4,0.0,0.0
C1O921,楠西,23.183511,120.484083,19.0,0.0,85.0,61.0,31.0,0.125,0.0,35.7,28.6,21.25
C1H000,翠峰,24.109397,121.205211,0.0,0.0,36.0,0.0,23.0,0.0,0.0,26.7,0.0,20.0
C1E681,南勢山,24.421669,120.923831,55.0,0.0,98.0,0.0,21.0,0.125,0.0,46.8,1.6,20.75
C1K540,口湖,23.585344,120.180517,25.0,0.0,69.0,19.0,32.0,0.0,0.0,26.9,21.2,25.5
C2N190,烏樹,23.32393,120.36989,19.0,0.0,90.0,67.0,27.0,0.0,0.0,0.1,0.0,0.0
C1H9B1,阿眉,24.1263,120.994672,40.0,0.0,98.0,0.0,23.0,0.125,0.0,49.0,0.0,20.0
C2R490,九如,22.74049,120.490555,21.0,0.0,51.0,43.0,27.0,0.0,0.0,0.0,0.0,0.0
C1I150,青雲,23.793361,120.949378,24.0,0.0,85.0,41.0,23.0,0.0,0.0,38.9,35.4,20.0
C2E980,和興,24.505319,120.923016,48.0,0.0,78.0,30.0,21.0,0.0,0.0,2.5,0.0,0.0
C1V780,多納林道,22.888028,120.737917,65.0,0.0,93.0,0.0,31.0,0.125,0.0,47.5,2.6,21.25
C1E890,國三N149K,24.463414,120.680019,39.0,0.0,72.0,18.0,31.0,0.0,0.0,31.2,17.6,21.25
C1M870,國三N285K,23.550319,120.505833,20.0,0.0,73.0,52.0,27.0,0.0,0.0,17.9,24.4,22.5
C1E480,鳳美,24.554803,121.034747,45.0,0.0,83.0,49.0,21.0,0.125,0.0,38.4,49.4,20.75
C2G9C0,埔南,23.99124,120.46969,22.0,0.0,59.0,29.0,26.0,0.0,0.0,0.0,0.0,0.0
C1F871,上谷關,24.203483,121.018644,54.0,0.0,98.0,0.0,23.0,0.125,0.0,46.6,0.0,20.0
C0TC30,虎頭山,23.52849,121.33992,62.0,0.0,95.0,0.0,21.0,0.0,0.0,0.0,0.0,0.0
C1M600,頭凍,23.406364,120.603339,59.0,0.0,94.0,0.0,27.0,0.125,0.0,48.4,0.4,22.5
C1D380,新埔,24.84745,121.03834,30.0,0.0,57.0,27.0,27.0,0.0,0.0,27.7,25.4,23.75
C0R120,上德文,22.76336,120.70458,60.0,0.0,86.0,0.0,31.0,0.0,0.0,0.0,0.0,0.0
C2X060,下營,23.226806,120.256291,17.0,0.0,68.0,56.0,31.0,0.0,0.0,0.9,0.0,0.75
C1SA50,利嘉林道,22.82325,121.009389,50.0,0.0,98.0,0.0,26.0,0.125,0.0,46.3,0.0,20.25
C1V340,大津,22.888322,120.645986,20.0,0.0,98.0,64.0,31.0,0.125,0.0,30.8,44.0,21.25
C1F9C1,白冷,24.182844,120.929889,41.0,0.0,54.0,1.0,23.0,0.125,0.0,39.4,15.0,20.0
C0M9J0,交力坪,23.53168,120.64356,57.0,0.0,90.0,0.0,27.0,0.0,0.0,0.0,0.0,0.0
C2D430,峨眉,24.6905,121.017189,32.0,0.0,48.0,40.0,21.0,0.0,0.0,0.0,0.0,0.0
C1I280,埔中,23.820778,120.642594,30.0,0.0,57.0,20.0,26.0,0.125,0.0,35.2,22.8,22.0
C2SD80,再來山,23.34371,121.44122,32.0,0.0,86.0,70.0,21.0,0.0,0.0,0.4,0.0,0.0
C0TC00,磐石,24.015008,121.395456,54.0,0.0,98.0,0.0,19.0,0.0,0.0,0.0,0.0,0.0
C1T800,洛韶,24.204558,121.453956,45.0,0.0,98.0,0.0,19.0,0.125,0.0,49.0,0.0,17.0
C1T810,慈恩,24.192044,121.388386,18.0,0.0,88.0,0.0,19.0,0.0,0.0,45.4,0.0,17.0
C1E451,象鼻,24.368617,120.940228,55.0,0.0,98.0,0.0,21.0,0.125,0.0,47.5,1.6,20.75
C1I290,豐丘,23.668178,120.887417,57.0,0.0,94.0,0.0,24.0,0.125,0.0,49.0,0.0,19.5
C1I320,奧萬大,23.952956,121.178556,58.0,0.0,98.0,0.0,23.0,0.125,0.0,47.6,0.0,20.0
C0TC10,西林林道12.5K,23.829641,121.41233,56.0,0.0,94.0,2.0,19.0,0.0,0.0,0.0,0.0,0.0
C2TB30,吉安,23.94538,121.54803,27.0,0.0,32.0,25.0,19.0,0.0,0.0,0.9,0.0,0.0
C1G9D0,國一S218K,23.890641,120.493253,20.0,0.0,57.0,50.0,26.0,0.0,0.0,24.9,48.2,22.0
C2TA60,六十石,23.22477,121.31861,56.0,0.0,85.0,0.0,23.0,0.0,0.0,2.4,0.0,0.5
C1F9W0,德基,24.254783,121.190261,23.0,0.0,95.0,0.0,21.0,0.0,0.0,49.0,0.0,20.75
C2M980,安和,23.51377,120.31593,17.0,0.0,71.0,52.0,27.0,0.0,0.0,1.3,0.0,0.5
C1Z120,壽豐,23.870853,121.508081,28.0,0.0,36.0,29.0,19.0,0.125,0.0,25.3,31.2,17.0
C1I550,國六W023K,23.979067,120.867742,28.0,0.0,47.0,32.0,23.0,0.0,0.0,25.9,31.4,20.0
C2D770,巨埔,24.84435,121.11442,23.0,0.0,51.0,41.0,27.0,0.0,0.0,0.0,0.0,0.0
C2UC10,出水溪,24.615822,121.652253,30.0,0.0,48.0,25.0,19.0,0.0,0.0,1.8,0.0,0.0
C1S670,摩天,23.199503,121.027,40.0,0.0,98.0,0.0,26.0,0.125,0.0,47.4,0.0,20.25
C2C590,觀音,25.027072,121.153317,25.0,0.0,57.0,33.0,30.0,0.0,0.0,0.4,0.0,0.0
C1V220,小關山,23.154217,120.813603,36.0,0.0,98.0,0.0,26.0,0.125,0.0,49.0,0.0,20.25
C1F9G1,慶福山,24.180853,120.848378,51.0,0.0,66.0,0.0,23.0,0.125,0.0,36.2,1.8,20.0
C2N200,口宵里,23.15987,120.45988,24.0,0.0,79.0,53.0,31.0,0.0,0.0,0.0,0.0,0.0
C2R980,竹田國中,22.61532,120.52412,22.0,0.0,61.0,22.0,27.0,0.0,0.0,0.3,0.0,1.0
C1H971,六分寮,23.92507,120.6378,31.0,0.0,71.0,33.0,26.0,0.125,0.0,36.0,25.4,22.0
C2D790,石鹿,24.56551,121.15841,55.0,0.0,98.0,0.0,21.0,0.0,0.0,0.0,0.0,0.0
C1D410,白蘭,24.579364,121.079947,56.0,0.0,98.0,0.0,21.0,0.125,0.0,49.0,0.2,20.75
C2EA10,拉庫斯,24.53637,121.02137,52.0,0.0,98.0,0.0,21.0,0.0,0.0,0.0,0.0,0.0
C1M390,龍美,23.406728,120.654417,57.0,0.0,98.0,0.0,27.0,0.125,0.0,49.0,0.0,22.5
C2K290,崙內,23.69525,120.35601,19.0,0.0,64.0,57.0,27.0,0.0,0.0,0.0,0.0,0.5
C0TC20,光復林道16K,23.66701,121.36949,59.0,0.0,92.0,0.0,21.0,0.0,0.0,0.0,0.0,0.0
C0HA10,奧萬大,23.95294,121.17847,58.0,0.0,98.0,0.0,23.0,0.0,0.0,0.0,0.0,0.0
C1H840,國三N238K,23.841008,120.707711,24.0,0.0,67.0,38.0,26.0,0.0,0.0,36.3,26.2,22.0
C1E691,南湖,24.40135,120.837533,51.0,0.0,95.0,1.0,21.0,0.125,0.0,41.4,8.4,20.75
C1V231,高中,23.134911,120.716711,47.0,0.0,68.0,10.0,31.0,0.125,0.0,37.2,15.4,21.25
C2O880,南化,23.17332,120.59413,22.0,0.0,70.0,55.0,31.0,0.0,0.0,0.0,0.0,0.0
C1V190,南天池,23.27403,120.91176,8.0,0.0,35.0,0.0,24.0,0.0,0.0,23.5,0.0,19.5
CAJ050,海口故事園區,23.57543,120.14121,25.0,0.0,69.0,19.0,32.0,19.75,30.5,52.6,21.2,37.5
C2K280,四湖,23.6304,120.22717,24.0,0.0,63.0,23.0,32.0,0.0,0.0,1.0,0.0,0.5
C1E711,馬拉邦山,24.367306,120.901656,56.0,0.0,98.0,0.0,21.0,0.125,0.0,47.2,2.0,20.75
C2SD60,明峰,22.8671,121.11825,41.0,0.0,71.0,52.0,26.0,0.0,0.0,0.4,0.0,0.0
C1A9N0,四十份,24.934158,121.593283,21.0,0.0,59.0,51.0,22.0,0.125,0.0,36.9,44.0,20.25
C2TB70,達谷寮,23.38,121.35968,32.0,0.0,84.0,70.0,21.0,0.0,0.0,0.4,0.0,0.0
C0M9K0,二萬平,23.50839,120.79011,21.0,0.0,98.0,0.0,24.0,0.0,0.0,0.0,0.0,0.0
C1I340,新興橋,23.563333,120.868728,52.0,0.0,85.0,0.0,24.0,0.125,0.0,43.8,1.4,19.5
C2C480,桃園,24.992425,121.323172,8.0,0.0,41.0,24.0,27.0,0.0,0.0,0.0,0.0,0.0
C0TC50,綠水,24.178416,121.50795,33.0,0.0,73.0,64.0,19.0,0.0,0.0,0.0,0.0,0.0
C0TC40,新白楊,24.198205,121.43296,38.0,0.0,98.0,0.0,19.0,0.0,0.0,0.0,0.0,0.0
C1AI50,國三N016K,25.034164,121.619664,4.0,0.0,57.0,36.0,25.0,0.0,0.0,32.3,27.2,23.25
C2V920,匏子寮,23.04905,120.55319,24.0,0.0,90.0,60.0,31.0,0.0,0.0,0.4,0.0,0.0
C1V600,藤枝,23.071961,120.757042,55.0,0.0,98.0,0.0,26.0,0.125,0.0,49.0,0.0,20.25
C1E601,南勢,24.572486,120.734842,37.0,0.0,81.0,34.0,31.0,0.125,0.0,33.2,24.8,21.25
C1AI60,國一39K邊坡,25.064361,121.383836,17.0,0.0,51.0,41.0,27.0,0.0,0.0,35.2,28.0,24.0
C0HA20,杉林溪大飯店,23.63427,120.79128,36.0,0.0,98.0,0.0,24.0,0.0,0.0,0.0,0.0,0.0
C2N180,鹿陶洋,23.14325,120.48352,19.0,0.0,85.0,61.0,31.0,0.0,0.0,0.4,0.0,0.0
C1F9E1,龍安,24.1605,120.831961,36.0,0.0,80.0,31.0,23.0,0.125,0.0,34.6,14.0,20.0
C2SD50,順那,23.04166,121.29332,30.0,0.0,61.0,27.0,23.0,0.0,0.0,0.4,0.0,0.0
C1U670,寒溪,24.634,121.71691,20.0,0.0,63.0,10.0,19.0,0.0,0.0,33.3,39.2,15.75
C1Z110,三棧,24.11557,121.60501,51.0,0.0,70.0,28.0,19.0,0.125,0.0,43.9,29.4,17.0
C2N210,岩坑,23.24614,120.47458,20.0,0.0,86.0,60.0,31.0,0.0,0.0,0.0,0.0,0.0
C1D420,太閣南,24.632808,121.160575,45.0,0.0,98.0,0.0,21.0,0.125,0.0,48.7,1.0,20.75
C1E770,公館,24.526914,120.830806,32.0,0.0,71.0,30.0,21.0,0.0,0.0,21.5,31.4,20.75
C1I430,翠華,24.191961,121.224339,6.0,0.0,36.0,0.0,23.0,0.0,0.0,24.5,0.0,20.0
C1M400,菜瓜坪,23.251928,120.576103,27.0,0.0,65.0,33.0,27.0,0.125,0.0,36.8,50.2,22.5
C1Z030,紅葉,23.493119,121.338806,30.0,0.0,78.0,57.0,21.0,0.125,0.0,38.6,53.4,18.0
C1I050,丹大,23.753747,121.141147,3.0,0.0,44.0,0.0,23.0,0.0,0.0,26.9,0.0,20.0
C2TB80,庄子底,23.71794,121.49438,29.0,0.0,45.0,41.0,21.0,0.0,0.0,0.4,0.0,0.0
C1I140,卡奈托灣,23.754364,121.087872,38.0,0.0,98.0,0.0,23.0,0.125,0.0,48.8,0.0,20.0
C1G691,下水埔,23.816114,120.5676,19.0,0.0,44.0,49.0,26.0,0.0,0.0,20.5,43.0,22.0
C2TB90,長橋,23.6874,121.46186,30.0,0.0,46.0,46.0,21.0,0.0,0.0,0.4,0.0,0.0
C1D400,鳥嘴山,24.71909,121.28387,35.0,0.0,50.0,12.0,19.0,0.125,0.0,39.7,15.0,15.75
C1S880,壽卡,22.238911,120.858903,62.0,0.0,84.0,16.0,29.0,0.125,0.0,42.0,41.4,22.25
