station_id,station_name,lat,lon,day_of_year,BLASTAM,BlastDT2,BlastGRU-TW,BlastLSTLS,BlastOC,BlastOC2,BlastTF,nian
C0FA50,霧峰,24.0419,120.6995,01-01,0.14285714285714285,0.5,0.005055585505,0.21142857142857147,0.2857142857142857,0.16666666666666666,0.20115714285714287,0.0
C0FA50,霧峰,24.0419,120.6995,01-02,0.0,0.5,0.003205609498,0.19,0.14285714285714285,0.16666666666666666,0.19172857142857147,1.0
C0FA50,霧峰,24.0419,120.6995,01-03,0.05714285714285715,1.0,0.002759254937142857,0.18,0.14285714285714285,0.16666666666666666,0.1726857142857143,0.0
C0FA50,霧峰,24.0419,120.6995,01-04,0.0,0.5,0.0035815527985714286,0.12000000000000001,0.14285714285714285,0.16666666666666666,0.16064285714285712,0.0
C0FA50,霧峰,24.0419,120.6995,01-05,0.0,0.5,0.0026016781571428574,0.10571428571428572,0.14285714285714285,0.16666666666666666,0.1407,0.0
C0FA50,霧峰,24.0419,120.6995,01-06,0.0,1.0,0.0023809249785714287,0.1285714285714286,0.14285714285714285,0.16666666666666666,0.1271,0.0
C0FA50,霧峰,24.0419,120.6995,01-07,0.0,0.0,0.004008338528571429,0.13,0.14285714285714285,0.0,0.12521428571428572,0.0
C0FA50,霧峰,24.0419,120.6995,01-08,0.14285714285714285,0.0,0.00507768901,0.21142857142857144,0.0,0.0,0.13561428571428574,0.0
C0FA50,霧峰,24.0419,120.6995,01-09,0.14285714285714285,0.5,0.0025651005957142855,0.2942857142857143,0.0,0.0,0.1312142857142857,0.5
C0FA50,霧峰,24.0419,120.6995,01-10,0.0,1.0,0.0022024129571428575,0.29714285714285715,0.14285714285714285,0.0,0.12565714285714286,0.0
C0FA50,霧峰,24.0419,120.6995,01-11,0.0,1.0,0.0022802306742857143,0.22142857142857145,0.0,0.0,0.1162857142857143,0.0
C0FA50,霧峰,24.0419,120.6995,01-12,0.0,1.0,0.003025248542857143,0.24714285714285714,0.0,0.0,0.10535714285714286,0.5
C0FA50,霧峰,24.0419,120.6995,01-13,0.0,1.0,0.002678223852857143,0.24285714285714288,0.14285714285714285,0.0,0.09728571428571428,0.0
C0FA50,霧峰,24.0419,120.6995,01-14,0.0,0.0,0.0033327816714285715,0.23857142857142857,0.14285714285714285,0.16666666666666666,0.10115714285714285,0.0
C0FA50,霧峰,24.0419,120.6995,01-15,0.0,1.0,0.0037061801242857144,0.20714285714285716,0.14285714285714285,0.16666666666666666,0.09400000000000001,0.0
C0FA50,霧峰,24.0419,120.6995,01-16,0.0,0.5,0.004192061265714286,0.21857142857142858,0.14285714285714285,0.16666666666666666,0.09344285714285715,0.0
C0FA50,霧峰,24.0419,120.6995,01-17,0.0,0.0,0.012153169535714286,0.17571428571428574,0.14285714285714285,0.16666666666666666,0.1085,0.0
C0FA50,霧峰,24.0419,120.6995,01-18,0.0,0.0,0.022572951457142856,0.16571428571428573,0.14285714285714285,0.16666666666666666,0.11468571428571428,0.0
C0FA50,霧峰,24.0419,120.6995,01-19,0.0,0.0,0.03387694355714286,0.19142857142857145,0.14285714285714285,0.16666666666666666,0.12412857142857144,0.0
C0FA50,霧峰,24.0419,120.6995,01-20,0.0,0.0,0.026504414318571427,0.19,0.14285714285714285,0.16666666666666666,0.11429999999999998,0.0
C0FA50,霧峰,24.0419,120.6995,01-21,0.0,0.0,0.006682284957142857,0.17857142857142858,0.14285714285714285,0.16666666666666666,0.0838,0.0
C0FA50,霧峰,24.0419,120.6995,01-22,0.0,0.0,0.004126173577142857,0.2,0.14285714285714285,0.16666666666666666,0.08091428571428572,0.0
C0FA50,霧峰,24.0419,120.6995,01-23,0.0,0.5,0.003196056585714286,0.1985714285714286,0.14285714285714285,0.16666666666666666,0.07605714285714285,0.0
C0FA50,霧峰,24.0419,120.6995,01-24,0.0,0.5,0.005947675205714285,0.18857142857142858,0.14285714285714285,0.16666666666666666,0.08245714285714287,0.0
C0FA50,霧峰,24.0419,120.6995,01-25,0.0,1.0,0.014423032620571428,0.19,0.14285714285714285,0.16666666666666666,0.08075714285714286,0.0
C0FA50,霧峰,24.0419,120.6995,01-26,0.0,1.0,0.00312541799,0.19142857142857145,0.14285714285714285,0.16666666666666666,0.09895714285714285,0.0
C0FA50,霧峰,24.0419,120.6995,01-27,0.0,1.0,0.0024061104185714283,0.19571428571428573,0.2857142857142857,0.16666666666666666,0.08457142857142859,0.5
C0FA50,霧峰,24.0419,120.6995,01-28,0.0,1.0,0.0027307930728571427,0.17222222222222225,0.2857142857142857,0.16666666666666666,0.07827142857142858,0.0
C0FA50,霧峰,24.0419,120.6995,01-29,0.0,0.5,0.002545457882857143,0.16666666666666666,0.2857142857142857,0.16666666666666666,0.07368571428571428,0.5
C0FA50,霧峰,24.0419,120.6995,01-30,0.0,0.5,0.0019615389257142857,0.1577777777777778,0.2857142857142857,0.0,0.06958571428571428,0.5
C0FA50,霧峰,24.0419,120.6995,01-31,0.0,0.5,0.0014118204557142856,0.138,0.2857142857142857,0.0,0.06658571428571429,0.5
C0FA50,霧峰,24.0419,120.6995,02-01,0.0,0.5,0.0009531122342857143,0.13500000000000004,0.14285714285714285,0.0,0.05744285714285714,0.5
C0FA50,霧峰,24.0419,120.6995,02-02,0.0,0.5,0.0008941246271428571,0.129,0.14285714285714285,0.0,0.06221428571428571,0.0
C0FA50,霧峰,24.0419,120.6995,02-03,0.0,0.0,0.0015726485414285715,0.13888888888888892,0.14285714285714285,0.0,0.07215714285714285,0.0
C0FA50,霧峰,24.0419,120.6995,02-04,0.0,0.0,0.002642942405714286,0.15000000000000002,0.14285714285714285,0.0,0.08178571428571428,0.0
C0FA50,霧峰,24.0419,120.6995,02-05,0.0,1.0,0.003364832485714286,0.154,0.14285714285714285,0.0,0.08435714285714287,1.0
C0FA50,霧峰,24.0419,120.6995,02-06,0.0,1.0,0.005403736427142857,0.15100000000000005,0.14285714285714285,0.0,0.09507142857142857,1.0
C0FA50,霧峰,24.0419,120.6995,02-07,0.0,0.0,0.00611568105,0.17111111111111113,0.14285714285714285,0.0,0.11144285714285715,0.0
C0FA50,霧峰,24.0419,120.6995,02-08,0.0,0.0,0.00697976041,0.19222222222222224,0.2857142857142857,0.0,0.12381666666666667,0.0
C0FA50,霧峰,24.0419,120.6995,02-09,0.0,1.0,0.008415995995714286,0.19777777777777777,0.14285714285714285,0.0,0.12941666666666668,0.0
C0FA50,霧峰,24.0419,120.6995,02-10,0.05714285714285715,1.0,0.0120755649,0.2244444444444445,0.14285714285714285,0.0,0.12316666666666665,0.0
C0FA50,霧峰,24.0419,120.6995,02-11,0.0,1.0,0.004085738168571429,0.265,0.16666666666666666,0.0,0.09788333333333334,1.0
C0FA50,霧峰,24.0419,120.6995,02-12,0.0,0.0,0.004212191504285714,0.29000000000000004,0.16666666666666666,0.0,0.0867,0.0
C0FA50,霧峰,24.0419,120.6995,02-13,0.0,0.0,0.00521691975,0.20285714285714285,0.16666666666666666,0.0,0.08006666666666667,0.0
C0FA50,霧峰,24.0419,120.6995,02-14,0.0,0.0,0.007368845491428571,0.16500000000000004,0.16666666666666666,0.0,0.08548333333333334,0.0
C0FA50,霧峰,24.0419,120.6995,02-15,0.0,0.0,0.01072242930857143,0.17142857142857146,0.16666666666666666,0.0,0.08145000000000001,0.0
C0FA50,霧峰,24.0419,120.6995,02-16,0.0,0.0,0.031356727072857145,0.18285714285714286,0.16666666666666666,0.0,0.09854999999999998,0.0
C0FA50,霧峰,24.0419,120.6995,02-17,0.0,0.0,0.013766016215714286,0.1785714285714286,0.16666666666666666,0.0,0.12061666666666666,0.0
C0FA50,霧峰,24.0419,120.6995,02-18,0.0,0.0,0.030795349365,0.19714285714285712,0.16666666666666666,0.0,0.14251666666666668,0.0
C0FA50,霧峰,24.0419,120.6995,02-19,0.0,0.0,0.03897520328666667,0.21500000000000005,0.16666666666666666,0.0,0.1617333333333333,0.0
C0FA50,霧峰,24.0419,120.6995,02-20,0.0,0.0,0.06621423047566667,0.22666666666666668,0.16666666666666666,0.0,0.17265,0.0
C0FA50,霧峰,24.0419,120.6995,02-21,0.0,0.0,0.08617928896833332,0.22833333333333336,0.16666666666666666,0.0,0.18213333333333334,0.0
C0FA50,霧峰,24.0419,120.6995,02-22,0.0,0.0,0.11798845132833334,0.255,0.16666666666666666,0.0,0.23531666666666665,0.0
C0FA50,霧峰,24.0419,120.6995,02-23,0.0,1.0,0.14104035445833335,0.22,0.16666666666666666,0.0,0.25730000000000003,0.0
C0FA50,霧峰,24.0419,120.6995,02-24,0.0,1.0,0.14203128050333333,0.26166666666666666,0.16666666666666666,0.0,0.28126666666666666,1.0
C0FA50,霧峰,24.0419,120.6995,02-25,0.0,0.0,0.125467619005,0.31333333333333335,0.16666666666666666,0.0,0.30725,0.0
C0FA50,霧峰,24.0419,120.6995,02-26,0.0,0.0,0.0709140753,0.3166666666666667,0.16666666666666666,0.0,0.29024999999999995,0.0
C0FA50,霧峰,24.0419,120.6995,02-27,0.0,1.0,0.049607261123333336,0.31,0.16666666666666666,0.0,0.2780666666666667,0.0
C0FA50,霧峰,24.0419,120.6995,02-28,0.0,1.0,0.05808099833,0.28833333333333333,0.16666666666666666,0.0,0.26288333333333336,0.0
C0FA50,霧峰,24.0419,120.6995,02-29,0.0,0.0,0.2228076757,0.265,0.5,0.0,0.3083,0.0
C0FA50,霧峰,24.0419,120.6995,03-01,0.0,0.0,0.07429217145166667,0.26999999999999996,0.16666666666666666,0.0,0.24419999999999997,0.0
C0FA50,霧峰,24.0419,120.6995,03-02,0.0,0.0,0.03666788977166667,0.2733333333333333,0.16666666666666666,0.0,0.24536666666666665,0.0
C0FA50,霧峰,24.0419,120.6995,03-03,0.0,0.0,0.020912203974999998,0.2366666666666667,0.16666666666666666,0.0,0.2864333333333334,0.0
C0FA50,霧峰,24.0419,120.6995,03-04,0.0,0.0,0.07063146678333333,0.21,0.16666666666666666,0.0,0.32830000000000004,0.0
C0FA50,霧峰,24.0419,120.6995,03-05,0.0,0.0,0.040530678066666666,0.21833333333333335,0.16666666666666666,0.0,0.3350333333333333,0.0
C0FA50,霧峰,24.0419,120.6995,03-06,0.0,1.0,0.07695351928333334,0.2216666666666667,0.16666666666666666,0.0,0.32061666666666666,0.0
C0FA50,霧峰,24.0419,120.6995,03-07,0.0,0.0,0.08731132105,0.21500000000000005,0.16666666666666666,0.0,0.2723166666666667,0.0
C0FA50,霧峰,24.0419,120.6995,03-08,0.0,0.0,0.13177222815,0.20142857142857146,0.16666666666666666,0.0,0.24980000000000002,0.0
C0FA50,霧峰,24.0419,120.6995,03-09,0.0,0.0,0.13737846384,0.19999999999999998,0.16666666666666666,0.0,0.27313333333333334,0.0
C0FA50,霧峰,24.0419,120.6995,03-10,0.0,1.0,0.11110081394999999,0.2342857142857143,0.16666666666666666,0.0,0.29215,0.0
C0FA50,霧峰,24.0419,120.6995,03-11,0.0,1.0,0.066193925,0.16714285714285718,0.16666666666666666,0.0,0.2895,0.0
C0FA50,霧峰,24.0419,120.6995,03-12,0.0,0.0,0.05816528796666667,0.17142857142857146,0.16666666666666666,0.0,0.3298666666666667,0.0
C0FA50,霧峰,24.0419,120.6995,03-13,0.0,0.0,0.057227962233333325,0.18000000000000002,0.16666666666666666,0.0,0.3458666666666667,0.0
C0FA50,霧峰,24.0419,120.6995,03-14,0.0,0.0,0.03013750895,0.21285714285714286,0.16666666666666666,0.0,0.3184,0.0
C0FA50,霧峰,24.0419,120.6995,03-15,0.0,0.0,0.017429869966666667,0.19999999999999998,0.16666666666666666,0.0,0.32925,0.0
C0FA50,霧峰,24.0419,120.6995,03-16,0.0,0.0,0.0169076623,0.21714285714285714,0.16666666666666666,0.0,0.3334,0.0
C0FA50,霧峰,24.0419,120.6995,03-17,0.0,0.0,0.027708070666666664,0.18714285714285714,0.3333333333333333,0.0,0.3149166666666667,0.0
C0FA50,霧峰,24.0419,120.6995,03-18,0.0,0.0,0.08354216014999999,0.1842857142857143,0.3333333333333333,0.0,0.3042833333333333,0.0
C0FA50,霧峰,24.0419,120.6995,03-19,0.0,0.0,0.03525980891666666,0.20285714285714287,0.3333333333333333,0.0,0.32165,0.0
C0FA50,霧峰,24.0419,120.6995,03-20,0.0,0.0,0.03256785658333333,0.2257142857142857,0.3333333333333333,0.2,0.33141666666666664,0.0
C0FA50,霧峰,24.0419,120.6995,03-21,0.0,0.5,0.06266651648333334,0.21571428571428575,0.3333333333333333,0.2,0.3634833333333333,0.0
C0FA50,霧峰,24.0419,120.6995,03-22,0.0,0.5,0.07507950478333335,0.20142857142857143,0.3333333333333333,0.2,0.4033333333333333,1.0
C0FA50,霧峰,24.0419,120.6995,03-23,0.0,0.5,0.08475803496666667,0.2328571428571429,0.3333333333333333,0.2,0.42110000000000003,0.0
C0FA50,霧峰,24.0419,120.6995,03-24,0.0,0.5,0.13242934343333332,0.28285714285714286,0.3333333333333333,0.2,0.4600166666666667,0.0
C0FA50,霧峰,24.0419,120.6995,03-25,0.0,0.5,0.2016329417,0.32,0.3333333333333333,0.2,0.5319333333333333,0.0
C0FA50,霧峰,24.0419,120.6995,03-26,0.0,0.5,0.22235269746666664,0.3857142857142857,0.3333333333333333,0.2,0.55505,0.0
C0FA50,霧峰,24.0419,120.6995,03-27,0.0,0.0,0.17200419921666668,0.45714285714285713,0.6666666666666666,0.6,0.5432499999999999,0.0
C0FA50,霧峰,24.0419,120.6995,03-28,0.0,0.0,0.1272360394,0.48000000000000004,0.6666666666666666,0.6,0.5588333333333333,0.0
C0FA50,霧峰,24.0419,120.6995,03-29,0.0,0.0,0.11796402937666665,0.5657142857142857,0.6666666666666666,0.6,0.5723833333333334,0.0
C0FA50,霧峰,24.0419,120.6995,03-30,0.0,0.0,0.17226907148333334,0.47000000000000003,0.6666666666666666,0.6,0.64465,0.0
C0FA50,霧峰,24.0419,120.6995,03-31,0.0,0.0,0.30745740534999993,0.4557142857142856,0.6666666666666666,0.6,0.7110333333333333,0.0
C0FA50,霧峰,24.0419,120.6995,04-01,0.06666666666666667,0.5,0.28360673374999995,0.5557142857142856,0.8333333333333334,0.8,0.6844166666666666,0.0
C0FA50,霧峰,24.0419,120.6995,04-02,0.0,0.5,0.26987960541666667,0.6071428571428571,0.8333333333333334,0.8,0.6679833333333334,0.0
C0FA50,霧峰,24.0419,120.6995,04-03,0.0,0.5,0.2988739603333333,0.6328571428571428,0.6666666666666666,0.8,0.6638333333333333,0.0
C0FA50,霧峰,24.0419,120.6995,04-04,0.0,0.5,0.3308466655,0.755,0.8333333333333334,0.8,0.6476333333333333,0.0
C0FA50,霧峰,24.0419,120.6995,04-05,0.0,0.5,0.45400571249999994,0.7216666666666667,0.8333333333333334,0.8,0.6355666666666666,0.0
C0FA50,霧峰,24.0419,120.6995,04-06,0.0,1.0,0.5228949343333333,0.8716666666666666,0.8333333333333334,0.8,0.65215,1.0
C0FA50,霧峰,24.0419,120.6995,04-07,0.0,1.0,0.5033655883333333,0.88,0.8333333333333334,0.8,0.6651666666666667,1.0
C0FA50,霧峰,24.0419,120.6995,04-08,0.0,1.0,0.46574366833333336,0.7699999999999999,0.8333333333333334,0.8,0.6718333333333333,1.0
C0FA50,霧峰,24.0419,120.6995,04-09,0.0,1.0,0.4877417050000001,0.7766666666666667,0.8333333333333334,1.0,0.6844333333333332,0.0
C0FA50,霧峰,24.0419,120.6995,04-10,0.0,0.0,0.5074022473333334,0.7783333333333333,0.6666666666666666,0.8,0.6910666666666666,0.0
C0FA50,霧峰,24.0419,120.6995,04-11,0.0,0.5,0.5450595716666667,0.84,0.6666666666666666,0.8,0.6741333333333333,0.0
C0FA50,霧峰,24.0419,120.6995,04-12,0.0,1.0,0.5984090158333334,0.9049999999999999,0.6666666666666666,0.8,0.6563,0.0
C0FA50,霧峰,24.0419,120.6995,04-13,0.0,1.0,0.687254694,0.9516666666666667,0.5,0.6,0.6435833333333334,0.0
C0FA50,霧峰,24.0419,120.6995,04-14,0.0,1.0,0.7510265416666666,0.9533333333333333,0.3333333333333333,0.6,0.6466,1.0
C0FA50,霧峰,24.0419,120.6995,04-15,0.0,0.5,0.8361820866666667,0.8766666666666666,0.5,0.6,0.6527666666666666,1.0
C0FA50,霧峰,24.0419,120.6995,04-16,0.0,0.5,0.7698619314285714,0.8866666666666666,0.5,0.6,0.6777428571428572,0.0
C0FA50,霧峰,24.0419,120.6995,04-17,0.0,0.5,0.7212128771428573,0.9757142857142858,0.5714285714285714,0.6666666666666666,0.6776428571428571,0.0
C0FA50,霧峰,24.0419,120.6995,04-18,0.0,0.5,0.6890101900000001,0.9671428571428572,0.5714285714285714,0.6666666666666666,0.6719714285714286,1.0
C0FA50,霧峰,24.0419,120.6995,04-19,0.0,0.5,0.5840872971428571,0.8657142857142858,0.5714285714285714,0.6666666666666666,0.6501571428571429,0.0
C0FA50,霧峰,24.0419,120.6995,04-20,0.0,0.5,0.5832130008571428,0.8514285714285714,0.5714285714285714,0.6666666666666666,0.6376142857142858,0.0
C0FA50,霧峰,24.0419,120.6995,04-21,0.0,0.5,0.6290397591857142,0.8371428571428571,0.5714285714285714,0.6666666666666666,0.6429142857142857,0.0
C0FA50,霧峰,24.0419,120.6995,04-22,0.0,0.5,0.6420390957142857,0.8242857142857144,0.5714285714285714,0.6666666666666666,0.6681714285714284,0.0
C0FA50,霧峰,24.0419,120.6995,04-23,0.0,0.5,0.6344236855,0.8314285714285713,0.5714285714285714,0.6666666666666666,0.6815142857142859,1.0
C0FA50,霧峰,24.0419,120.6995,04-24,0.0,0.0,0.6194584192857143,0.8071428571428572,0.5714285714285714,0.6666666666666666,0.6886285714285714,0.0
C0FA50,霧峰,24.0419,120.6995,04-25,0.0,0.0,0.6065524938571428,0.8414285714285715,0.5714285714285714,0.6666666666666666,0.7074142857142857,0.0
C0FA50,霧峰,24.0419,120.6995,04-26,0.0,0.5,0.5493747434285713,0.937142857142857,0.7142857142857143,0.8333333333333334,0.7068857142857145,0.0
C0FA50,霧峰,24.0419,120.6995,04-27,0.0,0.5,0.6021251575714287,0.8557142857142858,0.5714285714285714,0.6666666666666666,0.6847857142857144,0.0
C0FA50,霧峰,24.0419,120.6995,04-28,0.0,0.5,0.6249281921428571,0.8471428571428572,0.5714285714285714,0.8333333333333334,0.6779857142857144,0.0
C0FA50,霧峰,24.0419,120.6995,04-29,0.0,0.5,0.6635223142857143,0.8457142857142855,0.7142857142857143,0.8333333333333334,0.6832714285714285,0.0
C0FA50,霧峰,24.0419,120.6995,04-30,0.0,1.0,0.6747541699999999,0.8657142857142858,0.7142857142857143,0.8333333333333334,0.6835285714285714,0.0
C0FA50,霧峰,24.0419,120.6995,05-01,0.0,1.0,0.6717852328571429,0.8757142857142857,0.7142857142857143,0.8333333333333334,0.6729571428571427,1.0
C0FA50,霧峰,24.0419,120.6995,05-02,0.0,1.0,0.5766078400000001,0.8671428571428571,0.7142857142857143,0.8333333333333334,0.6830571428571428,1.0
C0FA50,霧峰,24.0419,120.6995,05-03,0.0,0.5,0.5950679268571429,0.8714285714285713,0.7142857142857143,0.8333333333333334,0.6939285714285715,1.0
C0FA50,霧峰,24.0419,120.6995,05-04,0.0,0.0,0.6320368941428571,0.8171428571428571,0.7142857142857143,0.8333333333333334,0.691742857142857,0.0
C0FA50,霧峰,24.0419,120.6995,05-05,0.0,0.5,0.6836287835714286,0.8285714285714286,0.7142857142857143,0.8333333333333334,0.6863,1.0
C0FA50,霧峰,24.0419,120.6995,05-06,0.0,0.0,0.756142311857143,0.85,0.7142857142857143,0.8333333333333334,0.6746428571428572,0.0
C0FA50,霧峰,24.0419,120.6995,05-07,0.0,0.5,0.7603934728571428,0.8985714285714286,0.7142857142857143,0.8333333333333334,0.6584857142857142,0.0
C0FA50,霧峰,24.0419,120.6995,05-08,0.0,0.5,0.750843066,0.9514285714285714,0.8571428571428571,1.0,0.6677428571428571,1.0
C0FA50,霧峰,24.0419,120.6995,05-09,0.0,0.5,0.7742363705714286,0.9757142857142859,0.8571428571428571,1.0,0.6862571428571428,1.0
C0FA50,霧峰,24.0419,120.6995,05-10,0.0,1.0,0.788804832857143,0.9557142857142856,0.8571428571428571,1.0,0.7066571428571429,1.0
C0FA50,霧峰,24.0419,120.6995,05-11,0.0,0.5,0.8790212785714286,0.93,0.8571428571428571,1.0,0.7143142857142857,0.0
C0FA50,霧峰,24.0419,120.6995,05-12,0.0,0.5,0.9544895314285713,0.9157142857142856,0.8571428571428571,1.0,0.7114714285714285,1.0
C0FA50,霧峰,24.0419,120.6995,05-13,0.0,0.5,0.9635992371428571,0.9171428571428571,0.8571428571428571,1.0,0.7004285714285714,0.0
C0FA50,霧峰,24.0419,120.6995,05-14,0.0,1.0,0.97578502,0.8685714285714285,0.8571428571428571,1.0,0.7083857142857143,0.0
C0FA50,霧峰,24.0419,120.6995,05-15,0.0,1.0,0.9663284771428572,0.8671428571428572,0.8571428571428571,1.0,0.6916000000000001,0.0
C0FA50,霧峰,24.0419,120.6995,05-16,0.0,0.0,0.9437400214285713,0.8971428571428571,0.8571428571428571,1.0,0.6943999999999999,0.0
C0FA50,霧峰,24.0419,120.6995,05-17,0.0,0.0,0.9287315185714285,0.8385714285714284,1.0,1.0,0.7018714285714287,0.0
C0FA50,霧峰,24.0419,120.6995,05-18,0.0,0.5,0.9469217742857143,0.8414285714285715,1.0,1.0,0.718057142857143,0.0
C0FA50,霧峰,24.0419,120.6995,05-19,0.0,0.5,0.9496996928571428,0.8514285714285714,1.0,1.0,0.7182857142857143,0.0
C0FA50,霧峰,24.0419,120.6995,05-20,0.0,0.5,0.9438871157142857,0.8585714285714285,0.8571428571428571,1.0,0.7223857142857143,0.0
C0FA50,霧峰,24.0419,120.6995,05-21,0.0,0.5,0.9526643085714286,0.87,0.7142857142857143,1.0,0.7047857142857142,0.0
C0FA50,霧峰,24.0419,120.6995,05-22,0.0,0.5,0.9066893442857143,0.8571428571428571,0.5714285714285714,0.6666666666666666,0.7029285714285713,0.0
C0FA50,霧峰,24.0419,120.6995,05-23,0.0,0.0,0.8518785314285714,0.8657142857142857,0.5714285714285714,0.6666666666666666,0.7001428571428571,0.0
C0FA50,霧峰,24.0419,120.6995,05-24,0.0,0.0,0.8800805057142858,0.96,0.5714285714285714,0.5,0.7060285714285713,0.0
C0FA50,霧峰,24.0419,120.6995,05-25,0.0,0.5,0.8548688571428572,0.9571428571428571,0.5714285714285714,0.5,0.7043142857142856,0.0
C0FA50,霧峰,24.0419,120.6995,05-26,0.0,0.5,0.7667277882857143,0.8671428571428573,0.5714285714285714,0.6666666666666666,0.7079285714285716,0.0
C0FA50,霧峰,24.0419,120.6995,05-27,0.0,1.0,0.7049930055714285,0.822857142857143,0.5714285714285714,0.5,0.6874,1.0
C0FA50,霧峰,24.0419,120.6995,05-28,0.0,0.5,0.5716723985714286,0.7785714285714286,0.5714285714285714,0.6666666666666666,0.6954285714285715,1.0
C0FA50,霧峰,24.0419,120.6995,05-29,0.0,0.5,0.5937264022857143,0.7157142857142856,0.7142857142857143,0.6666666666666666,0.6857857142857142,1.0
C0FA50,霧峰,24.0419,120.6995,05-30,0.0,1.0,0.6048494292857143,0.7157142857142856,0.7142857142857143,0.6666666666666666,0.6917142857142858,1.0
C0FA50,霧峰,24.0419,120.6995,05-31,0.14285714285714285,1.0,0.5767121101428572,0.7157142857142856,0.7142857142857143,0.6666666666666666,0.6816714285714286,1.0
C0FA50,霧峰,24.0419,120.6995,06-01,0.14285714285714285,1.0,0.5148869146142857,0.6642857142857144,0.7142857142857143,0.6666666666666666,0.6868857142857143,1.0
C0FA50,霧峰,24.0419,120.6995,06-02,0.0,1.0,0.523270947,0.58,0.7142857142857143,0.6666666666666666,0.6693428571428571,1.0
C0FA50,霧峰,24.0419,120.6995,06-03,0.0,1.0,0.501207787,0.59,0.7142857142857143,0.6666666666666666,0.6699,1.0
C0FA50,霧峰,24.0419,120.6995,06-04,0.0,1.0,0.5238528351428571,0.6385714285714286,0.7142857142857143,0.6666666666666666,0.6411571428571429,1.0
C0FA50,霧峰,24.0419,120.6995,06-05,0.0,1.0,0.5919198037142858,0.6714285714285715,0.7142857142857143,0.6666666666666666,0.6640285714285714,1.0
C0FA50,霧峰,24.0419,120.6995,06-06,0.0,0.5,0.6045198144285714,0.7042857142857143,0.7142857142857143,0.6666666666666666,0.6591571428571428,1.0
C0FA50,霧峰,24.0419,120.6995,06-07,0.0,0.5,0.6082612313571428,0.7,0.7142857142857143,0.6666666666666666,0.6594857142857143,1.0
C0FA50,霧峰,24.0419,120.6995,06-08,0.14285714285714285,1.0,0.6107328215714286,0.7328571428571429,0.7142857142857143,0.6666666666666666,0.6660714285714286,1.0
C0FA50,霧峰,24.0419,120.6995,06-09,0.0,0.5,0.6113212511428571,0.6542857142857142,0.5714285714285714,0.5,0.6910857142857143,1.0
C0FA50,霧峰,24.0419,120.6995,06-10,0.0,1.0,0.5760381969,0.6828571428571427,0.5714285714285714,0.5,0.7056428571428572,1.0
C0FA50,霧峰,24.0419,120.6995,06-11,0.0,1.0,0.6963812298000001,0.7514285714285714,0.5714285714285714,0.5,0.6886571428571429,1.0
C0FA50,霧峰,24.0419,120.6995,06-12,0.0,0.5,0.5836737838571427,0.7871428571428571,0.5714285714285714,0.5,0.6685428571428572,1.0
C0FA50,霧峰,24.0419,120.6995,06-13,0.0,1.0,0.6324795265714286,0.7828571428571429,0.5714285714285714,0.5,0.6538857142857142,1.0
C0FA50,霧峰,24.0419,120.6995,06-14,0.0,1.0,0.6624660102857144,0.8514285714285714,0.5714285714285714,0.5,0.6477857142857142,1.0
C0FA50,霧峰,24.0419,120.6995,06-15,0.0,1.0,0.6474528128571428,0.8357142857142856,0.42857142857142855,0.3333333333333333,0.6566571428571429,1.0
C0FA50,霧峰,24.0419,120.6995,06-16,0.0,1.0,0.5902589715714285,0.8571428571428571,0.2857142857142857,0.3333333333333333,0.6778142857142857,1.0
C0FA50,霧峰,24.0419,120.6995,06-17,0.0,1.0,0.6869067765714286,0.88,0.2857142857142857,0.3333333333333333,0.6643857142857142,1.0
C0FA50,霧峰,24.0419,120.6995,06-18,0.0,1.0,0.736872362,0.8957142857142857,0.2857142857142857,0.3333333333333333,0.6677571428571429,0.0
C0FA50,霧峰,24.0419,120.6995,06-19,0.0,0.5,0.6013717492857144,0.9214285714285714,0.2857142857142857,0.3333333333333333,0.6526,0.0
C0FA50,霧峰,24.0419,120.6995,06-20,0.0,1.0,0.5212178737142857,0.9514285714285714,0.2857142857142857,0.3333333333333333,0.6609857142857143,1.0
C0FA50,霧峰,24.0419,120.6995,06-21,0.0,1.0,0.5038663259999999,0.9657142857142856,0.2857142857142857,0.3333333333333333,0.6389571428571428,1.0
C0FA50,霧峰,24.0419,120.6995,06-22,0.0,0.5,0.587089135,0.9642857142857143,0.2857142857142857,0.3333333333333333,0.6504428571428571,0.0
C0FA50,霧峰,24.0419,120.6995,06-23,0.0,0.5,0.45330799314285714,0.9657142857142856,0.2857142857142857,0.3333333333333333,0.6353428571428571,0.0
C0FA50,霧峰,24.0419,120.6995,06-24,0.0,0.5,0.44005416457142854,0.9671428571428572,0.14285714285714285,0.3333333333333333,0.6441714285714285,0.0
C0FA50,霧峰,24.0419,120.6995,06-25,0.0,1.0,0.5109053398571429,0.9757142857142858,0.14285714285714285,0.3333333333333333,0.6425,1.0
C0FA50,霧峰,24.0419,120.6995,06-26,0.0,0.5,0.5702733082857143,0.982857142857143,0.14285714285714285,0.3333333333333333,0.6550428571428571,1.0
C0FA50,霧峰,24.0419,120.6995,06-27,0.0,0.5,0.613103394,0.9785714285714285,0.14285714285714285,0.3333333333333333,0.6433714285714285,1.0
C0FA50,霧峰,24.0419,120.6995,06-28,0.0,0.5,0.6643443992857143,0.9785714285714285,0.14285714285714285,0.3333333333333333,0.6484142857142857,1.0
C0FA50,霧峰,24.0419,120.6995,06-29,0.0,0.5,0.649943687142857,0.9700000000000001,0.14285714285714285,0.3333333333333333,0.6350285714285714,0.0
C0FA50,霧峰,24.0419,120.6995,06-30,0.0,0.0,0.6706398671428573,0.9528571428571428,0.14285714285714285,0.3333333333333333,0.635957142857143,0.0
C0FA50,霧峰,24.0419,120.6995,07-01,0.04285714285714286,1.0,0.721454772857143,0.9214285714285715,0.14285714285714285,0.3333333333333333,0.6436857142857144,1.0
C0FA50,霧峰,24.0419,120.6995,07-02,0.0,0.5,0.6547808771428573,0.8842857142857142,0.0,0.3333333333333333,0.6708428571428572,1.0
C0FA50,霧峰,24.0419,120.6995,07-03,0.0,0.5,0.7379714957142857,0.8328571428571429,0.0,0.3333333333333333,0.6700285714285714,0.0
C0FA50,霧峰,24.0419,120.6995,07-04,0.0,0.5,0.79527815,0.7514285714285714,0.0,0.3333333333333333,0.6721857142857142,0.0
C0FA50,霧峰,24.0419,120.6995,07-05,0.0,0.5,0.8209119314285713,0.7428571428571429,0.0,0.16666666666666666,0.6649857142857142,0.0
C0FA50,霧峰,24.0419,120.6995,07-06,0.0,0.5,0.7739959421428573,0.6842857142857143,0.0,0.16666666666666666,0.6555285714285713,0.0
C0FA50,霧峰,24.0419,120.6995,07-07,0.0,0.5,0.7130759128571429,0.7257142857142858,0.0,0.16666666666666666,0.6476571428571428,0.0
C0FA50,霧峰,24.0419,120.6995,07-08,0.0,0.5,0.6934017728571428,0.7342857142857143,0.0,0.16666666666666666,0.6342571428571429,0.0
C0FA50,霧峰,24.0419,120.6995,07-09,0.0,0.0,0.7291511648571429,0.8785714285714287,0.0,0.16666666666666666,0.6362428571428571,0.0
C0FA50,霧峰,24.0419,120.6995,07-10,0.0,0.0,0.78046638,0.9200000000000002,0.0,0.16666666666666666,0.6398428571428572,0.0
C0FA50,霧峰,24.0419,120.6995,07-11,0.0,0.0,0.8000427994285715,0.9514285714285714,0.0,0.16666666666666666,0.6570714285714285,0.0
C0FA50,霧峰,24.0419,120.6995,07-12,0.0,0.0,0.7524050314285714,0.8857142857142858,0.0,0.16666666666666666,0.6661,0.0
C0FA50,霧峰,24.0419,120.6995,07-13,0.0,0.0,0.7361670235714286,0.8742857142857143,0.0,0.16666666666666666,0.6714714285714286,0.0
C0FA50,霧峰,24.0419,120.6995,07-14,0.0,0.5,0.7290096162857144,0.8899999999999999,0.0,0.16666666666666666,0.6661714285714285,0.0
C0FA50,霧峰,24.0419,120.6995,07-15,0.0,0.5,0.613240217142857,0.8642857142857144,0.0,0.16666666666666666,0.6476142857142857,1.0
C0FA50,霧峰,24.0419,120.6995,07-16,0.0,0.0,0.5185630349999999,0.8642857142857144,0.0,0.16666666666666666,0.6397714285714287,0.0
C0FA50,霧峰,24.0419,120.6995,07-17,0.0,0.5,0.4999276067142856,0.8885714285714287,0.0,0.16666666666666666,0.6368714285714285,1.0
C0FA50,霧峰,24.0419,120.6995,07-18,0.0,1.0,0.4921784332857143,0.8985714285714287,0.0,0.16666666666666666,0.6440714285714285,1.0
C0FA50,霧峰,24.0419,120.6995,07-19,0.0,0.5,0.5221528585714286,0.9214285714285715,0.0,0.16666666666666666,0.6479142857142858,0.0
C0FA50,霧峰,24.0419,120.6995,07-20,0.0,0.5,0.5869380721428571,0.8971428571428571,0.0,0.16666666666666666,0.6712857142857143,0.0
C0FA50,霧峰,24.0419,120.6995,07-21,0.0,0.0,0.6488871535714286,0.9242857142857143,0.0,0.16666666666666666,0.6792142857142858,0.0
C0FA50,霧峰,24.0419,120.6995,07-22,0.0,0.0,0.6538976242857143,0.8857142857142858,0.0,0.16666666666666666,0.6764285714285714,0.0
C0FA50,霧峰,24.0419,120.6995,07-23,0.0,0.5,0.6346891100000001,0.8942857142857142,0.0,0.16666666666666666,0.6660857142857142,0.0
C0FA50,霧峰,24.0419,120.6995,07-24,0.0,1.0,0.6018971540000001,0.7542857142857142,0.0,0.16666666666666666,0.658,1.0
C0FA50,霧峰,24.0419,120.6995,07-25,0.0,1.0,0.5734881211428571,0.8314285714285713,0.0,0.16666666666666666,0.6475714285714286,0.0
C0FA50,霧峰,24.0419,120.6995,07-26,0.0,0.5,0.5568110971428571,0.8885714285714286,0.0,0.16666666666666666,0.6472714285714286,0.0
C0FA50,霧峰,24.0419,120.6995,07-27,0.0,1.0,0.6020930485714285,0.8757142857142857,0.0,0.3333333333333333,0.656342857142857,1.0
C0FA50,霧峰,24.0419,120.6995,07-28,0.0,1.0,0.5533679671428572,0.9014285714285714,0.0,0.3333333333333333,0.6765857142857142,1.0
C0FA50,霧峰,24.0419,120.6995,07-29,0.0,1.0,0.5505858657142857,0.9257142857142858,0.0,0.3333333333333333,0.6851142857142857,0.0
C0FA50,霧峰,24.0419,120.6995,07-30,0.0,0.5,0.5563115271428571,0.8099999999999999,0.0,0.3333333333333333,0.6760857142857144,0.0
C0FA50,霧峰,24.0419,120.6995,07-31,0.0,0.5,0.5313768585714286,0.787142857142857,0.0,0.3333333333333333,0.6704571428571429,1.0
C0FA50,霧峰,24.0419,120.6995,08-01,0.0,1.0,0.4430988517142857,0.8242857142857144,0.0,0.3333333333333333,0.6454285714285712,1.0
C0FA50,霧峰,24.0419,120.6995,08-02,0.0,1.0,0.3271137661428572,0.83,0.0,0.3333333333333333,0.6383142857142856,1.0
C0FA50,霧峰,24.0419,120.6995,08-03,0.0,1.0,0.38234591642857146,0.8285714285714285,0.0,0.16666666666666666,0.6458142857142857,1.0
C0FA50,霧峰,24.0419,120.6995,08-04,0.0,1.0,0.37755601014285706,0.8085714285714286,0.0,0.16666666666666666,0.6643999999999999,0.0
C0FA50,霧峰,24.0419,120.6995,08-05,0.0,1.0,0.3940133325714285,0.7742857142857142,0.0,0.16666666666666666,0.6611857142857144,1.0
C0FA50,霧峰,24.0419,120.6995,08-06,0.0,1.0,0.43957955942857146,0.7528571428571428,0.0,0.16666666666666666,0.6618714285714286,1.0
C0FA50,霧峰,24.0419,120.6995,08-07,0.0,1.0,0.4324357278571429,0.7557142857142856,0.0,0.16666666666666666,0.6720142857142857,1.0
C0FA50,霧峰,24.0419,120.6995,08-08,0.0,1.0,0.40497225000000003,0.7114285714285715,0.0,0.16666666666666666,0.6619,0.0
C0FA50,霧峰,24.0419,120.6995,08-09,0.0,0.5,0.26849566014285714,0.6585714285714286,0.0,0.16666666666666666,0.6399142857142858,0.0
C0FA50,霧峰,24.0419,120.6995,08-10,0.14285714285714285,0.5,0.31951898242857135,0.6157142857142858,0.0,0.16666666666666666,0.6501428571428571,0.0
C0FA50,霧峰,24.0419,120.6995,08-11,0.0,0.5,0.3885214542857143,0.5685714285714286,0.0,0.0,0.6455571428571429,0.0
C0FA50,霧峰,24.0419,120.6995,08-12,0.0,1.0,0.45683187371428574,0.5585714285714286,0.0,0.0,0.6472714285714286,1.0
C0FA50,霧峰,24.0419,120.6995,08-13,0.0,1.0,0.42871276157142857,0.5657142857142857,0.0,0.16666666666666666,0.6606857142857143,1.0
C0FA50,霧峰,24.0419,120.6995,08-14,0.0,0.5,0.37748734914285714,0.5914285714285714,0.14285714285714285,0.16666666666666666,0.6662999999999999,1.0
C0FA50,霧峰,24.0419,120.6995,08-15,0.0,0.5,0.31358309485714286,0.6342857142857143,0.0,0.3333333333333333,0.6559571428571429,1.0
C0FA50,霧峰,24.0419,120.6995,08-16,0.0,1.0,0.3975658911428571,0.6699999999999999,0.0,0.3333333333333333,0.6451428571428572,1.0
C0FA50,霧峰,24.0419,120.6995,08-17,0.0,1.0,0.3264046237142857,0.687142857142857,0.0,0.3333333333333333,0.6531285714285715,0.0
C0FA50,霧峰,24.0419,120.6995,08-18,0.0,0.0,0.48018136571428566,0.7128571428571429,0.0,0.3333333333333333,0.6510714285714286,0.0
C0FA50,霧峰,24.0419,120.6995,08-19,0.0,0.5,0.5146325972857142,0.7114285714285715,0.0,0.5,0.6428714285714285,0.0
C0FA50,霧峰,24.0419,120.6995,08-20,0.0,1.0,0.47305132328571425,0.7214285714285715,0.0,0.3333333333333333,0.6486857142857143,1.0
C0FA50,霧峰,24.0419,120.6995,08-21,0.0,1.0,0.499288312,0.6857142857142858,0.0,0.3333333333333333,0.6496857142857142,1.0
C0FA50,霧峰,24.0419,120.6995,08-22,0.0,1.0,0.50804707,0.6742857142857143,0.0,0.3333333333333333,0.6312428571428571,1.0
C0FA50,霧峰,24.0419,120.6995,08-23,0.0,1.0,0.5131281988142857,0.66,0.0,0.3333333333333333,0.6230428571428571,1.0
C0FA50,霧峰,24.0419,120.6995,08-24,0.0,1.0,0.5154205962857142,0.6714285714285714,0.14285714285714285,0.3333333333333333,0.6270285714285715,1.0
C0FA50,霧峰,24.0419,120.6995,08-25,0.0,1.0,0.5111361765714285,0.6971428571428573,0.14285714285714285,0.3333333333333333,0.6272,1.0
C0FA50,霧峰,24.0419,120.6995,08-26,0.0,1.0,0.4668231200428572,0.7214285714285714,0.14285714285714285,0.16666666666666666,0.6430999999999999,1.0
C0FA50,霧峰,24.0419,120.6995,08-27,0.0,0.5,0.4740238887142857,0.75,0.14285714285714285,0.16666666666666666,0.6791857142857143,0.0
C0FA50,霧峰,24.0419,120.6995,08-28,0.0,0.5,0.48994601314285713,0.7014285714285714,0.14285714285714285,0.16666666666666666,0.6899571428571428,0.0
C0FA50,霧峰,24.0419,120.6995,08-29,0.0,0.5,0.5225096442857142,0.7057142857142856,0.0,0.16666666666666666,0.6772714285714285,0.0
C0FA50,霧峰,24.0419,120.6995,08-30,0.0,1.0,0.58224385,0.7371428571428572,0.0,0.16666666666666666,0.6598857142857142,0.0
C0FA50,霧峰,24.0419,120.6995,08-31,0.0,1.0,0.6353168985714286,0.7628571428571428,0.0,0.0,0.6402428571428571,1.0
C0FA50,霧峰,24.0419,120.6995,09-01,0.0,1.0,0.47707928142857137,0.8142857142857143,0.0,0.0,0.6287142857142857,1.0
C0FA50,霧峰,24.0419,120.6995,09-02,0.0,1.0,0.5043519328571429,0.76,0.0,0.0,0.6304714285714285,1.0
C0FA50,霧峰,24.0419,120.6995,09-03,0.0,1.0,0.57005779,0.7299999999999999,0.0,0.0,0.6531428571428571,0.0
C0FA50,霧峰,24.0419,120.6995,09-04,0.0,0.5,0.6252892328571429,0.7128571428571429,0.0,0.0,0.6577428571428572,0.0
C0FA50,霧峰,24.0419,120.6995,09-05,0.0,1.0,0.6471150357142857,0.6642857142857144,0.0,0.0,0.6552428571428571,1.0
C0FA50,霧峰,24.0419,120.6995,09-06,0.0,1.0,0.7379200885714285,0.6585714285714285,0.0,0.0,0.6588428571428571,1.0
C0FA50,霧峰,24.0419,120.6995,09-07,0.0,1.0,0.7266141928571427,0.7114285714285714,0.0,0.16666666666666666,0.6638142857142857,0.0
C0FA50,霧峰,24.0419,120.6995,09-08,0.0,1.0,0.6249062657142856,0.7485714285714286,0.0,0.3333333333333333,0.6432857142857143,1.0
C0FA50,霧峰,24.0419,120.6995,09-09,0.0,1.0,0.5321488442857143,0.7428571428571429,0.14285714285714285,0.3333333333333333,0.6243142857142857,0.0
C0FA50,霧峰,24.0419,120.6995,09-10,0.0,0.5,0.4324843157142858,0.7671428571428571,0.2857142857142857,0.3333333333333333,0.634,0.0
C0FA50,霧峰,24.0419,120.6995,09-11,0.0,1.0,0.5754867385714285,0.7885714285714285,0.2857142857142857,0.3333333333333333,0.6447714285714286,0.0
C0FA50,霧峰,24.0419,120.6995,09-12,0.0,1.0,0.5767460351428572,0.7957142857142857,0.2857142857142857,0.3333333333333333,0.6687428571428572,1.0
C0FA50,霧峰,24.0419,120.6995,09-13,0.0,1.0,0.6246571114285714,0.8371428571428573,0.2857142857142857,0.6666666666666666,0.6693428571428571,0.0
C0FA50,霧峰,24.0419,120.6995,09-14,0.0,1.0,0.5072962857142858,0.7171428571428571,0.2857142857142857,0.6666666666666666,0.6666428571428572,1.0
C0FA50,霧峰,24.0419,120.6995,09-15,0.0,1.0,0.4840114371428572,0.7928571428571427,0.42857142857142855,0.6666666666666666,0.6561000000000001,1.0
C0FA50,霧峰,24.0419,120.6995,09-16,0.0,1.0,0.4276040711428571,0.7742857142857142,0.42857142857142855,0.6666666666666666,0.6492142857142856,1.0
C0FA50,霧峰,24.0419,120.6995,09-17,0.14285714285714285,1.0,0.42721159085714283,0.7971428571428572,0.5714285714285714,1.0,0.6490571428571429,1.0
C0FA50,霧峰,24.0419,120.6995,09-18,0.0,1.0,0.49060831571428576,0.7657142857142857,0.5714285714285714,1.0,0.6669428571428571,1.0
C0FA50,霧峰,24.0419,120.6995,09-19,0.0,1.0,0.47861514414285716,0.787142857142857,0.5714285714285714,1.0,0.6598571428571428,1.0
C0FA50,霧峰,24.0419,120.6995,09-20,0.0,1.0,0.42549704671428573,0.7785714285714286,0.42857142857142855,1.0,0.6551142857142856,1.0
C0FA50,霧峰,24.0419,120.6995,09-21,0.0,1.0,0.3857085472857143,0.7814285714285714,0.5714285714285714,1.0,0.6518285714285714,1.0
C0FA50,霧峰,24.0419,120.6995,09-22,0.0,1.0,0.3860825204285714,0.7571428571428571,0.5714285714285714,0.8333333333333334,0.6527000000000001,0.0
C0FA50,霧峰,24.0419,120.6995,09-23,0.0,1.0,0.42944586142857144,0.8014285714285715,0.7142857142857143,0.8333333333333334,0.6461857142857143,0.0
C0FA50,霧峰,24.0419,120.6995,09-24,0.04285714285714286,1.0,0.576935548,0.79,0.7142857142857143,0.8333333333333334,0.6423428571428572,1.0
C0FA50,霧峰,24.0419,120.6995,09-25,0.0,1.0,0.5746633328571429,0.8028571428571427,0.5714285714285714,0.8333333333333334,0.6475857142857143,1.0
C0FA50,霧峰,24.0419,120.6995,09-26,0.0,1.0,0.4927568514285715,0.8399999999999999,0.5714285714285714,0.6666666666666666,0.6540999999999999,1.0
C0FA50,霧峰,24.0419,120.6995,09-27,0.0,1.0,0.450305142,0.8528571428571429,0.5714285714285714,0.5,0.6638714285714286,1.0
C0FA50,霧峰,24.0419,120.6995,09-28,0.0,1.0,0.49787485428571426,0.8742857142857142,0.5714285714285714,0.5,0.6742,1.0
C0FA50,霧峰,24.0419,120.6995,09-29,0.0,1.0,0.5326628525714286,0.9128571428571428,0.5714285714285714,0.5,0.6696428571428571,1.0
C0FA50,霧峰,24.0419,120.6995,09-30,0.0,1.0,0.5238031401428571,0.9257142857142858,0.5714285714285714,0.5,0.6637571428571428,1.0
C0FA50,霧峰,24.0419,120.6995,10-01,0.0,1.0,0.5067738371428572,0.9442857142857142,0.2857142857142857,0.3333333333333333,0.6574857142857143,1.0
C0FA50,霧峰,24.0419,120.6995,10-02,0.0,1.0,0.4720209370571428,0.9228571428571428,0.2857142857142857,0.3333333333333333,0.6526285714285713,1.0
C0FA50,霧峰,24.0419,120.6995,10-03,0.0,1.0,0.45925746735714285,0.9242857142857144,0.2857142857142857,0.3333333333333333,0.6506857142857143,1.0
C0FA50,霧峰,24.0419,120.6995,10-04,0.0,1.0,0.4905347871428572,0.9057142857142857,0.2857142857142857,0.3333333333333333,0.6416000000000001,1.0
C0FA50,霧峰,24.0419,120.6995,10-05,0.0,1.0,0.5223798442857143,0.8871428571428571,0.2857142857142857,0.3333333333333333,0.6530285714285714,1.0
C0FA50,霧峰,24.0419,120.6995,10-06,0.0,1.0,0.5497119531428571,0.8528571428571429,0.2857142857142857,0.3333333333333333,0.6556571428571429,1.0
C0FA50,霧峰,24.0419,120.6995,10-07,0.0,1.0,0.5431601294285714,0.8342857142857143,0.2857142857142857,0.3333333333333333,0.6586142857142858,1.0
C0FA50,霧峰,24.0419,120.6995,10-08,0.0,1.0,0.587188649,0.8142857142857143,0.2857142857142857,0.3333333333333333,0.6509571428571429,1.0
C0FA50,霧峰,24.0419,120.6995,10-09,0.0,0.5,0.609637351,0.8099999999999999,0.14285714285714285,0.3333333333333333,0.6507142857142857,1.0
C0FA50,霧峰,24.0419,120.6995,10-10,0.0,0.5,0.6568228485714285,0.8042857142857142,0.14285714285714285,0.3333333333333333,0.6569285714285715,1.0
C0FA50,霧峰,24.0419,120.6995,10-11,0.0,1.0,0.6613813685714286,0.8028571428571427,0.14285714285714285,0.3333333333333333,0.6641428571428571,1.0
C0FA50,霧峰,24.0419,120.6995,10-12,0.0,0.5,0.6349812301428572,0.7971428571428572,0.14285714285714285,0.3333333333333333,0.6613571428571429,1.0
C0FA50,霧峰,24.0419,120.6995,10-13,0.0,1.0,0.5593995604285714,0.8142857142857142,0.2857142857142857,0.3333333333333333,0.6585142857142857,0.0
C0FA50,霧峰,24.0419,120.6995,10-14,0.0,1.0,0.5936468864285713,0.8185714285714286,0.2857142857142857,0.3333333333333333,0.6489142857142857,1.0
C0FA50,霧峰,24.0419,120.6995,10-15,0.0,1.0,0.6178135385714285,0.8371428571428572,0.14285714285714285,0.3333333333333333,0.6574999999999999,1.0
C0FA50,霧峰,24.0419,120.6995,10-16,0.0,0.5,0.6516688042857143,0.8528571428571429,0.14285714285714285,0.3333333333333333,0.6621428571428571,0.0
C0FA50,霧峰,24.0419,120.6995,10-17,0.0,1.0,0.6680142457142857,0.8628571428571429,0.14285714285714285,0.16666666666666666,0.6689285714285714,0.0
C0FA50,霧峰,24.0419,120.6995,10-18,0.0,1.0,0.6463063964285715,0.8785714285714287,0.14285714285714285,0.16666666666666666,0.6669571428571428,0.0
C0FA50,霧峰,24.0419,120.6995,10-19,0.0,1.0,0.6053074428571429,0.8857142857142856,0.14285714285714285,0.3333333333333333,0.6715285714285715,0.0
C0FA50,霧峰,24.0419,120.6995,10-20,0.0,1.0,0.5669500771428571,0.8728571428571428,0.2857142857142857,0.3333333333333333,0.6619,1.0
C0FA50,霧峰,24.0419,120.6995,10-21,0.0,1.0,0.5392486571428571,0.9271428571428572,0.42857142857142855,0.3333333333333333,0.6458428571428572,1.0
C0FA50,霧峰,24.0419,120.6995,10-22,0.0,0.5,0.5572688795714286,0.9199999999999999,0.2857142857142857,0.3333333333333333,0.64,1.0
C0FA50,霧峰,24.0419,120.6995,10-23,0.0,1.0,0.5866600774285714,0.9271428571428572,0.2857142857142857,0.3333333333333333,0.6364714285714285,1.0
C0FA50,霧峰,24.0419,120.6995,10-24,0.0,1.0,0.5675543547142856,0.9471428571428572,0.2857142857142857,0.3333333333333333,0.6460714285714285,1.0
C0FA50,霧峰,24.0419,120.6995,10-25,0.14285714285714285,1.0,0.5626336296285714,0.9628571428571429,0.2857142857142857,0.16666666666666666,0.6622571428571428,1.0
C0FA50,霧峰,24.0419,120.6995,10-26,0.0,1.0,0.5659787814,0.9642857142857143,0.2857142857142857,0.16666666666666666,0.6683714285714285,1.0
C0FA50,霧峰,24.0419,120.6995,10-27,0.0,1.0,0.5632363213142857,0.9714285714285714,0.14285714285714285,0.3333333333333333,0.6603142857142857,1.0
C0FA50,霧峰,24.0419,120.6995,10-28,0.0,0.5,0.5679709425571429,0.9557142857142857,0.14285714285714285,0.3333333333333333,0.6522714285714286,1.0
C0FA50,霧峰,24.0419,120.6995,10-29,0.14285714285714285,1.0,0.5882593029085715,0.9714285714285714,0.2857142857142857,0.3333333333333333,0.6538571428571428,1.0
C0FA50,霧峰,24.0419,120.6995,10-30,0.0,0.5,0.5768619933571427,0.9657142857142856,0.14285714285714285,0.3333333333333333,0.6570857142857144,0.0
C0FA50,霧峰,24.0419,120.6995,10-31,0.0,1.0,0.5974016253085714,0.9242857142857144,0.14285714285714285,0.3333333333333333,0.6619857142857143,0.0
C0FA50,霧峰,24.0419,120.6995,11-01,0.0,1.0,0.5823950762142857,0.9371428571428572,0.14285714285714285,0.3333333333333333,0.6734,1.0
C0FA50,霧峰,24.0419,120.6995,11-02,0.0,1.0,0.5619365005,0.9485714285714286,0.2857142857142857,0.3333333333333333,0.6749285714285714,1.0
C0FA50,霧峰,24.0419,120.6995,11-03,0.04285714285714286,1.0,0.6208420598571429,0.8928571428571429,0.2857142857142857,0.3333333333333333,0.6956714285714284,1.0
C0FA50,霧峰,24.0419,120.6995,11-04,0.0,1.0,0.604745559,0.8628571428571429,0.2857142857142857,0.3333333333333333,0.7110714285714286,1.0
C0FA50,霧峰,24.0419,120.6995,11-05,0.0,0.5,0.5889104431428571,0.8542857142857143,0.2857142857142857,0.3333333333333333,0.7069857142857143,0.0
C0FA50,霧峰,24.0419,120.6995,11-06,0.0,0.5,0.5690433587571428,0.8542857142857142,0.2857142857142857,0.3333333333333333,0.6924142857142856,0.0
C0FA50,霧峰,24.0419,120.6995,11-07,0.0,1.0,0.5624359513285714,0.8657142857142858,0.2857142857142857,0.3333333333333333,0.6791,1.0
C0FA50,霧峰,24.0419,120.6995,11-08,0.0,1.0,0.5269826310714285,0.8671428571428571,0.2857142857142857,0.3333333333333333,0.6737714285714286,1.0
C0FA50,霧峰,24.0419,120.6995,11-09,0.0,1.0,0.5370832916,0.8600000000000001,0.2857142857142857,0.3333333333333333,0.6765,1.0
C0FA50,霧峰,24.0419,120.6995,11-10,0.0,1.0,0.5706335422857143,0.8700000000000001,0.2857142857142857,0.3333333333333333,0.6890857142857142,1.0
C0FA50,霧峰,24.0419,120.6995,11-11,0.0,1.0,0.5339321815428572,0.8671428571428572,0.2857142857142857,0.3333333333333333,0.6835714285714285,1.0
C0FA50,霧峰,24.0419,120.6995,11-12,0.0,0.5,0.5613946683285714,0.8728571428571429,0.2857142857142857,0.3333333333333333,0.6708857142857143,0.0
C0FA50,霧峰,24.0419,120.6995,11-13,0.0,0.0,0.5540023131714287,0.8885714285714287,0.2857142857142857,0.16666666666666666,0.6676428571428572,0.0
C0FA50,霧峰,24.0419,120.6995,11-14,0.0,0.0,0.5773449926142857,0.8757142857142857,0.2857142857142857,0.16666666666666666,0.6684142857142857,0.0
C0FA50,霧峰,24.0419,120.6995,11-15,0.0,0.5,0.5732487309571429,0.8685714285714287,0.2857142857142857,0.16666666666666666,0.6563857142857142,1.0
C0FA50,霧峰,24.0419,120.6995,11-16,0.0,1.0,0.5561235910714286,0.8457142857142858,0.2857142857142857,0.16666666666666666,0.6482714285714285,1.0
C0FA50,霧峰,24.0419,120.6995,11-17,0.0,1.0,0.5050474197142857,0.8042857142857142,0.2857142857142857,0.16666666666666666,0.6379714285714285,1.0
C0FA50,霧峰,24.0419,120.6995,11-18,0.0,1.0,0.42848314564285717,0.7299999999999999,0.2857142857142857,0.3333333333333333,0.641842857142857,1.0
C0FA50,霧峰,24.0419,120.6995,11-19,0.0,1.0,0.34208435232857143,0.7528571428571428,0.2857142857142857,0.3333333333333333,0.6601714285714285,1.0
C0FA50,霧峰,24.0419,120.6995,11-20,0.14285714285714285,1.0,0.33914988599999996,0.7657142857142858,0.2857142857142857,0.3333333333333333,0.6722857142857144,1.0
C0FA50,霧峰,24.0419,120.6995,11-21,0.0,1.0,0.3349900514285714,0.7900000000000001,0.2857142857142857,0.3333333333333333,0.6686428571428571,1.0
C0FA50,霧峰,24.0419,120.6995,11-22,0.0,1.0,0.3218473864285714,0.7642857142857142,0.42857142857142855,0.3333333333333333,0.6623428571428571,1.0
C0FA50,霧峰,24.0419,120.6995,11-23,0.0,1.0,0.30047387428571426,0.7242857142857143,0.42857142857142855,0.3333333333333333,0.660142857142857,1.0
C0FA50,霧峰,24.0419,120.6995,11-24,0.0,0.5,0.28136777328571433,0.6385714285714287,0.42857142857142855,0.3333333333333333,0.6727285714285715,1.0
C0FA50,霧峰,24.0419,120.6995,11-25,0.0,0.5,0.2930254379714286,0.5585714285714285,0.42857142857142855,0.3333333333333333,0.6865142857142857,1.0
C0FA50,霧峰,24.0419,120.6995,11-26,0.0,0.5,0.3365148692428571,0.5385714285714286,0.42857142857142855,0.3333333333333333,0.6851714285714285,1.0
C0FA50,霧峰,24.0419,120.6995,11-27,0.0,0.5,0.3482537475714286,0.51,0.42857142857142855,0.3333333333333333,0.6775571428571429,1.0
C0FA50,霧峰,24.0419,120.6995,11-28,0.0,0.5,0.4011608283428571,0.5028571428571429,0.42857142857142855,0.3333333333333333,0.6674,1.0
C0FA50,霧峰,24.0419,120.6995,11-29,0.0,0.0,0.3932368373428572,0.4871428571428571,0.42857142857142855,0.3333333333333333,0.6557142857142857,0.0
C0FA50,霧峰,24.0419,120.6995,11-30,0.0,0.5,0.37254675748571425,0.47857142857142854,0.42857142857142855,0.3333333333333333,0.6387285714285714,0.0
C0FA50,霧峰,24.0419,120.6995,12-01,0.0,1.0,0.3770741839285714,0.4857142857142857,0.42857142857142855,0.3333333333333333,0.6352857142857141,0.0
C0FA50,霧峰,24.0419,120.6995,12-02,0.0,1.0,0.33624301585714284,0.47285714285714286,0.42857142857142855,0.3333333333333333,0.6365285714285714,1.0
C0FA50,霧峰,24.0419,120.6995,12-03,0.0,0.5,0.3677373300999999,0.4585714285714286,0.42857142857142855,0.3333333333333333,0.6373999999999999,0.0
C0FA50,霧峰,24.0419,120.6995,12-04,0.0,0.0,0.43475910261428574,0.47285714285714286,0.42857142857142855,0.3333333333333333,0.6388857142857143,0.0
C0FA50,霧峰,24.0419,120.6995,12-05,0.0,0.0,0.4665282068142857,0.4314285714285714,0.42857142857142855,0.3333333333333333,0.6278428571428571,0.0
C0FA50,霧峰,24.0419,120.6995,12-06,0.0,0.0,0.4633211593571428,0.49000000000000005,0.42857142857142855,0.3333333333333333,0.6217714285714285,0.0
C0FA50,霧峰,24.0419,120.6995,12-07,0.0,1.0,0.4227650827142857,0.53,0.42857142857142855,0.3333333333333333,0.6162285714285716,0.0
C0FA50,霧峰,24.0419,120.6995,12-08,0.0,1.0,0.40928694028571433,0.49142857142857144,0.42857142857142855,0.3333333333333333,0.6144285714285714,0.0
C0FA50,霧峰,24.0419,120.6995,12-09,0.0,0.5,0.36025326035714283,0.4342857142857143,0.42857142857142855,0.3333333333333333,0.6089428571428571,1.0
C0FA50,霧峰,24.0419,120.6995,12-10,0.0,1.0,0.27298793484285716,0.5242857142857142,0.42857142857142855,0.3333333333333333,0.5867285714285714,1.0
C0FA50,霧峰,24.0419,120.6995,12-11,0.0,1.0,0.28930865910000003,0.5871428571428572,0.42857142857142855,0.3333333333333333,0.5652714285714285,0.0
C0FA50,霧峰,24.0419,120.6995,12-12,0.0,1.0,0.3227561437857142,0.6014285714285714,0.42857142857142855,0.3333333333333333,0.5540714285714285,0.0
C0FA50,霧峰,24.0419,120.6995,12-13,0.0,1.0,0.36640516654285715,0.5971428571428571,0.42857142857142855,0.3333333333333333,0.5493285714285715,1.0
C0FA50,霧峰,24.0419,120.6995,12-14,0.0,1.0,0.3275891761142857,0.6228571428571428,0.42857142857142855,0.3333333333333333,0.5437428571428572,1.0
C0FA50,霧峰,24.0419,120.6995,12-15,0.0,0.5,0.30616658957142856,0.64,0.42857142857142855,0.3333333333333333,0.5144285714285715,0.0
C0FA50,霧峰,24.0419,120.6995,12-16,0.0,1.0,0.2497578309,0.6257142857142857,0.42857142857142855,0.3333333333333333,0.4804428571428571,1.0
C0FA50,霧峰,24.0419,120.6995,12-17,0.0,0.0,0.1784830397985714,0.6071428571428571,0.42857142857142855,0.3333333333333333,0.4362142857142857,0.0
C0FA50,霧峰,24.0419,120.6995,12-18,0.0,1.0,0.1654919768,0.6442857142857142,0.42857142857142855,0.3333333333333333,0.3869714285714285,0.0
C0FA50,霧峰,24.0419,120.6995,12-19,0.0,0.5,0.14649721731428572,0.6771428571428572,0.42857142857142855,0.3333333333333333,0.3772714285714286,0.0
C0FA50,霧峰,24.0419,120.6995,12-20,0.0,1.0,0.14210677384285714,0.6042857142857142,0.42857142857142855,0.3333333333333333,0.35152857142857136,1.0
C0FA50,霧峰,24.0419,120.6995,12-21,0.0,0.5,0.14218913525142857,0.5771428571428571,0.42857142857142855,0.3333333333333333,0.31971428571428573,0.0
C0FA50,霧峰,24.0419,120.6995,12-22,0.0,0.0,0.13897247411857144,0.6528571428571429,0.42857142857142855,0.3333333333333333,0.30067142857142853,0.0
C0FA50,霧峰,24.0419,120.6995,12-23,0.0,0.0,0.1400959926,0.5985714285714286,0.2857142857142857,0.16666666666666666,0.30629999999999996,0.0
C0FA50,霧峰,24.0419,120.6995,12-24,0.0,0.5,0.14196936374285712,0.6142857142857142,0.2857142857142857,0.16666666666666666,0.3015714285714286,1.0
C0FA50,霧峰,24.0419,120.6995,12-25,0.0,0.0,0.14381089636428573,0.6242857142857143,0.2857142857142857,0.16666666666666666,0.27858571428571427,0.0
C0FA50,霧峰,24.0419,120.6995,12-26,0.0,0.5,0.15297721444714288,0.5385714285714285,0.2857142857142857,0.16666666666666666,0.24981428571428574,0.0
C0FA50,霧峰,24.0419,120.6995,12-27,0.04285714285714286,0.5,0.1159564114442857,0.4885714285714285,0.2857142857142857,0.16666666666666666,0.22775714285714282,0.0
C0FA50,霧峰,24.0419,120.6995,12-28,0.0,0.5,0.08210430371571428,0.48714285714285716,0.2857142857142857,0.16666666666666666,0.2035142857142857,0.0
C0FA50,霧峰,24.0419,120.6995,12-29,0.0,0.0,0.036838623152857145,0.41999999999999993,0.2857142857142857,0.16666666666666666,0.1907142857142857,0.0
C0FA50,霧峰,24.0419,120.6995,12-30,0.0,0.0,0.022842298091428574,0.3871428571428571,0.2857142857142857,0.16666666666666666,0.17767142857142856,0.0
C0FA50,霧峰,24.0419,120.6995,12-31,0.14285714285714285,0.0,0.006281483531428571,0.31,0.2857142857142857,0.16666666666666666,0.1659142857142857,0.0
