站號,站名,日期,lat,lon,BLBTSLS
C0R710,龍磐,2025-05-21,21.931672,120.838942,0.11168139
C1F9D1,白毛台,2025-05-21,24.158325,120.886933,1.4600499e-09
C0G940,竹塘,2025-05-21,23.848253,120.386764,1.8911622e-08
467590,恆春,2025-05-21,22.003897,120.746339,0.945927
C1O850,環湖,2025-05-21,23.148617,120.418633,9.4802246e-08
C0U710,太平山,2025-05-21,24.505486,121.525656,7.714661e-09
C0E820,獅潭,2025-05-21,24.539133,120.920042,9.42582e-10
C0V880,興達,2025-05-21,22.8778,120.2127,1.926418e-08
C0S890,關山,2025-05-21,23.0395,121.175017,4.3244402e-08
C0SB30,新蘭,2025-05-21,22.869214,121.223228,0.00011743053
C2R970,屏科大,2025-05-21,22.648275,120.619247,1.1655611e-06
C1Z130,銅門,2025-05-21,23.965694,121.492842,1.5234251e-08
C0AD40,土城,2025-05-21,24.973208,121.445169,3.5256618e-09
CAN140,六官養殖協會,2025-05-21,23.22881,120.29962,1.5551342e-09
C0X180,山上,2025-05-21,23.0757,120.363253,1.01713205e-07
C0F9Z0,雪山東峰,2025-05-21,24.388792,121.268675,1.163863e-08
C1M480,獨立山,2025-05-21,23.537022,120.607797,5.157894e-10
C0X220,學甲,2025-05-21,23.230367,120.182187,1.756098e-09
467650,日月潭,2025-05-21,23.881325,120.90805,1.5284769e-09
C0K600,箔子寮,2025-05-21,23.6197,120.14,9.0878764e-08
C0G830,埤頭,2025-05-21,23.866003,120.452806,9.84368e-10
C0S950,七塊厝,2025-05-21,22.954453,121.229922,1.38342955e-08
467110,金門,2025-05-21,24.407306,118.289281,9.01919e-06
C0AH80,深坑,2025-05-21,25.002703,121.628328,2.818698e-09
C0A970,三貂角,2025-05-21,25.007606,122.002058,9.584035e-09
C2D730,寶山農場,2025-05-21,24.732444,120.976153,1.0649486e-09
C0K430,褒忠,2025-05-21,23.690938,120.303634,1.5599231e-09
467480,嘉義,2025-05-21,23.495925,120.432906,1.5717949e-09
C0V400,阿公店,2025-05-21,22.804194,120.355528,2.5956133e-08
C0E960,觀霧分站,2025-05-21,24.505781,121.113921,7.385246e-09
467550,玉山,2025-05-21,23.48718,120.95943,1.3340471e-08
C0R440,大漢山,2025-05-21,22.405264,120.753181,8.041878e-09
C0K280,四湖,2025-05-21,23.630414,120.227125,2.8651908e-08
C1F9B1,桐林,2025-05-21,24.066172,120.735194,2.3490945e-09
C2H9U0,鳳鵬,2025-05-21,23.763919,120.788061,1.3903648e-09
C0K390,土庫,2025-05-21,23.679029,120.395574,1.7474843e-09
C1I450,望鄉山,2025-05-21,23.594153,120.944286,6.34466e-09
C0E910,海埔,2025-05-21,24.648767,120.772435,2.6644276e-09
B2E890,畜試北區分所,2025-05-21,24.527806,120.770972,7.2520473e-10
C0R750,四林格山,2025-05-21,22.076989,120.802439,0.19600041
C0F0C0,中坑,2025-05-21,24.248517,120.903319,1.9978263e-09
C1I121,大鞍,2025-05-21,23.678381,120.760017,3.811575e-09
72U480,花改蘭陽分場,2025-05-21,24.686306,121.716583,5.9333294e-09
C0A770,科教館,2025-05-21,25.096356,121.516507,3.4106833e-09
C0AJ60,六塊厝,2025-05-21,25.24,121.4481,4.994747e-07
C0R620,墾雷,2025-05-21,21.900836,120.855269,0.056973107
467420,永康,2025-05-21,23.038386,120.2367,2.1573952e-08
C0I410,名間,2025-05-21,23.837053,120.701447,2.0877622e-09
A2C560,農工中心,2025-05-21,24.985917,121.239833,8.0960297e-07
C0V740,旗山,2025-05-21,22.888614,120.483597,1.37992195e-08
C0Z061,玉里,2025-05-21,23.3215,121.339656,4.2953852e-07
C0S840,南田,2025-05-21,22.279725,120.889208,0.9753219
C1I470,杉林溪,2025-05-21,23.639517,120.786444,4.2378043e-09
C1X040,東原,2025-05-21,23.291597,120.463822,5.0968625e-09
C0R660,枋寮,2025-05-21,22.367722,120.590647,0.0014957993
C1R120,上德文,2025-05-21,22.763272,120.704442,1.1143825e-09
C0K450,大埤,2025-05-21,23.646074,120.431537,3.8407078e-09
C0UA00,土場,2025-05-21,24.576533,121.495333,7.304693e-09
467080,宜蘭,2025-05-21,24.763975,121.756528,2.5927764e-07
C0N030,四草,2025-05-21,23.0235,120.1116,3.5473005e-09
467410,臺南,2025-05-21,22.99328,120.20492,2.6776736e-09
C0V650,彌陀,2025-05-21,22.783806,120.246361,1.0622814e-08
C0D660,新竹市東區,2025-05-21,24.798681,120.986942,1.6844929e-09
82S580,茶改東部分場,2025-05-21,22.907694,121.130139,6.542026e-07
C0SB40,興隆,2025-05-21,22.913661,121.257469,5.390689e-05
467050,新屋,2025-05-21,25.006725,121.047492,0.0006654166
C0C710,大溪永福,2025-05-21,24.892936,121.324975,7.191348e-09
C0FA20,溫寮,2025-05-21,24.372177,120.583125,4.4425978e-08
C0V640,湖內,2025-05-21,22.887139,120.2445,1.6927649e-08
C0R910,下寮,2025-05-21,22.3929,120.5548,0.0014957993
C0Z020,明里,2025-05-21,23.208717,121.262342,1.494312e-07
C0M770,嘉義梅山,2025-05-21,23.585398,120.555587,4.6656057e-09
C0C660,楊梅,2025-05-21,24.912375,121.143047,1.698729e-08
C1E511,新開,2025-05-21,24.347703,120.827019,9.485752e-10
G2F820,農試所(霧峰),2025-05-21,24.031261,120.688133,3.1513296e-09
C1I070,和社,2025-05-21,23.591131,120.888861,4.0096637e-09
C2F000,大肚,2025-05-21,24.15295,120.572117,2.1363805e-08
C1S850,豐南,2025-05-21,23.122139,121.262389,3.4742202e-09
C2A920,富貴角,2025-05-21,25.263783,121.565258,1.6846512e-08
CAH030,茶改場竹圍站,2025-05-21,23.860083,120.637528,1.1586175e-09
C0T960,光復,2025-05-21,23.660694,121.424964,4.7149985e-07
C0F9M0,豐原,2025-05-21,24.254322,120.720692,3.013433e-09
C0R720,旭海,2025-05-21,22.205403,120.887614,0.978933
C0V710,苓雅,2025-05-21,22.622742,120.330669,6.729953e-08
C0C740,觀音工業區,2025-05-21,25.064764,121.114856,0.0014664159
CAC040,拉拉山,2025-05-21,24.699317,121.427133,5.9422764e-09
C0V790,萬山,2025-05-21,22.905944,120.688056,1.3655034e-08
U2HA30,臺大和社,2025-05-21,23.590856,120.888864,4.0096637e-09
C0AJ90,澳底,2025-05-21,25.0552,121.9253,2.530472e-07
C0Z100,東華,2025-05-21,23.89525,121.549833,4.874839e-08
C0G970,三豐,2025-05-21,23.882,120.2895,0.6587533
V2K610,大庄合作社,2025-05-21,23.8068,120.367939,4.562084e-09
C0V900,汕尾,2025-05-21,22.4782,120.4151,2.7020196e-05
C1R630,龍泉,2025-05-21,22.66701,120.59091,6.300643e-06
C1AC50,關渡,2025-05-21,25.133486,121.469331,3.527276e-09
C0C800,四稜,2025-05-21,24.64733,121.4293,4.3427884e-09
C0F9I0,神岡,2025-05-21,24.272481,120.658314,1.5412849e-09
C0K460,斗南,2025-05-21,23.678734,120.478359,3.5493242e-09
C2O810,曾文,2025-05-21,23.219681,120.497328,1.1297966e-08
467280,後龍,2025-05-21,24.648563,120.831834,2.2434463e-09
C1F9J1,清水林,2025-05-21,24.071242,120.820419,1.5500082e-09
C2A650,火燒寮,2025-05-21,25.002719,121.742892,3.8792862e-09
466930,竹子湖,2025-05-21,25.162078,121.544547,7.703291e-10
C1I220,樟湖,2025-05-21,23.905333,120.846983,1.10913e-09
C0I390,仁愛,2025-05-21,24.022122,121.132206,1.2365973e-09
C0Z300,東里,2025-05-21,23.26853,121.30547,5.6957595e-07
C1V590,新發,2025-05-21,23.057019,120.646064,3.1996434e-09
C0K510,水林,2025-05-21,23.572924,120.24597,2.4645734e-09
72S590,東改賓朗果園,2025-05-21,22.813889,121.071278,2.0212653e-08
82A750,茶改北部分場,2025-05-21,24.955778,121.631222,1.5873559e-09
C1A750,石碇服務區,2025-05-21,25.00872,121.646242,8.111988e-09
C0X300,鹿寮,2025-05-21,23.386047,120.477331,5.787135e-09
G2AI50,關渡,2025-05-21,25.11575,121.492,5.9727317e-06
C0K590,雲林東勢,2025-05-21,23.674192,120.255721,2.4458324e-09
C0A570,桶後,2025-05-21,24.848222,121.597992,3.3541314e-09
C1S800,華源,2025-05-21,22.657883,121.02325,0.7912335
C0G720,溪州,2025-05-21,23.851589,120.499093,9.423232e-10
C1V160,達卡努瓦,2025-05-21,23.279811,120.705319,3.038099e-09
C2M410,馬頭山,2025-05-21,23.324361,120.582017,3.1888474e-09
C0V850,蚵仔寮,2025-05-21,22.7256,120.2527,6.5803896e-08
C0S740,池上,2025-05-21,23.119628,121.209469,0.011450501
C1V390,尖山,2025-05-21,22.813153,120.367789,1.7633388e-08
C0AH70,松山,2025-05-21,25.04871,121.55042,3.1556302e-09
C0N010,鯤鯓國小,2025-05-21,23.1879,120.0889,4.0820227e-09
C0R550,新埤,2025-05-21,22.467947,120.582894,1.1180287e-05
C0SA60,知本（水試所）,2025-05-21,22.702394,121.082761,0.92069876
C0T9I0,豐濱,2025-05-21,23.583897,121.514806,1.6905247e-07
C0UB00,淡江大學蘭陽校園,2025-05-21,24.823239,121.730383,2.4876632e-09
C0W240,九宮,2025-05-21,24.423753,118.240186,1.2492031e-05
C0T9N0,富里,2025-05-21,23.171639,121.249378,0.19270143
U2HA50,臺大竹山,2025-05-21,23.756972,120.681556,4.8673856e-09
C0V840,鳳鼻頭,2025-05-21,22.5083,120.3591,1.2699156e-08
C0X140,西港,2025-05-21,23.125608,120.203108,2.0844875e-09
72D080,桃改五峰分場,2025-05-21,24.612194,121.157167,1.7817497e-09
C2H9P0,伊拿谷,2025-05-21,23.963211,121.088264,9.690625e-10
C2H9F0,柑林,2025-05-21,24.018658,120.847072,1.8116801e-09
C0TA20,加灣,2025-05-21,24.082025,121.608944,1.8008492e-05
C0V530,阿蓮,2025-05-21,22.883208,120.327508,1.6464394e-08
C0FB30,八仙山苗圃,2025-05-21,24.192719,121.001366,2.014867e-09
C1O880,關山,2025-05-21,23.173397,120.594092,3.5299075e-09
C0E791,卓蘭,2025-05-21,24.3126,120.8244,1.7987408e-09
C1I030,武界,2025-05-21,23.913225,121.052483,9.756278e-10
C0R520,崁頂,2025-05-21,22.514781,120.506914,1.2898193e-05
C0R341,牡丹,2025-05-21,22.130036,120.792639,0.8378686
C0R930,萬丹,2025-05-21,22.5885,120.4851,3.9642444e-08
C0S760,紅石,2025-05-21,23.069131,121.126219,1.3020235e-08
C2C410,中央大學,2025-05-21,24.967652,121.185165,6.162603e-07
C1M610,石磐龍,2025-05-21,23.496606,120.663506,1.6801129e-09
C0C790,東眼山,2025-05-21,24.8284,121.40888,1.4768943e-09
C0UA10,鴛鴦湖,2025-05-21,24.590269,121.412228,1.0671329e-08
V2C260,八德蔬果,2025-05-21,24.978508,121.281819,8.756524e-09
C0R800,丹路,2025-05-21,22.204481,120.750989,0.9470632
C0G920,永靖,2025-05-21,23.924703,120.547533,1.0402375e-09
C2M950,太和,2025-05-21,23.538372,120.702961,1.9909943e-09
C1A630,下盆,2025-05-21,24.771003,121.538622,2.1511486e-09
B2N890,畜產試驗所,2025-05-21,23.058972,120.336406,1.5798962e-08
C0UA30,白嶺,2025-05-21,24.527819,121.519031,3.5738543e-09
C1V580,溪南(特生中心),2025-05-21,23.084972,120.788475,2.7662206e-09
C1T970,大農,2025-05-21,23.615233,121.413331,6.622419e-08
C0R650,竹田,2025-05-21,22.58486,120.54344,1.1854135e-05
C1H900,清流,2025-05-21,24.080775,120.962997,1.4898354e-09
C1C510,水尾,2025-05-21,24.940081,121.087161,1.4983668e-05
C0F9X0,大雅(中科園區),2025-05-21,24.21528,120.62445,2.1649293e-09
C0SB60,白守蓮,2025-05-21,23.126769,121.401914,0.89581877
C0O970,虎頭埤,2025-05-21,23.021375,120.347878,1.4438643e-07
C0C730,中大臨海站,2025-05-21,24.966126,121.008581,0.0011645467
C0X250,新營,2025-05-21,23.310689,120.316681,1.6012038e-09
C0V700,三民,2025-05-21,22.645017,120.311233,2.3436266e-08
C0U870,大礁溪,2025-05-21,24.791042,121.675047,2.164335e-09
C0E870,高鐵苗栗,2025-05-21,24.60725,120.826094,2.3933115e-09
A2K570,古坑花卉中心,2025-05-21,23.63353,120.55239,1.2018138e-08
C0TA30,鹽寮,2025-05-21,23.845606,121.592664,8.195615e-08
C0M860,新美,2025-05-21,23.338017,120.683169,9.067754e-09
C1E701,八卦,2025-05-21,24.491756,120.927619,9.048364e-10
C0I420,國姓,2025-05-21,24.037803,120.855072,1.5980125e-09
C2D720,關西工作站,2025-05-21,24.757275,121.184792,1.2027466e-09
C0S960,香蘭,2025-05-21,22.587569,120.993375,0.9738216
467620,蘭嶼,2025-05-21,22.0369,121.55843,0.9996911
C0R260,春日,2025-05-21,22.370361,120.628306,0.00054645946
72G600,臺中農改場,2025-05-21,24.003028,120.534389,1.806432e-09
C0Z210,瑞穗,2025-05-21,23.5239,121.39021,4.6146832e-07
C0M820,達邦,2025-05-21,23.453994,120.749517,2.2570776e-09
C0V860,南寮,2025-05-21,22.7616,120.2339,6.5803896e-08
C0G740,大城,2025-05-21,23.852487,120.320935,0.7057266
C0R920,塭仔,2025-05-21,22.4169,120.5197,0.0016291817
C0R470,高樹,2025-05-21,22.826389,120.600806,1.6668706e-08
C0R680,佳樂水,2025-05-21,21.993578,120.861633,0.928882
C1O870,大棟山,2025-05-21,23.31157,120.52226,3.431224e-09
C0D360,梅花,2025-05-21,24.678347,121.208558,8.4253843e-10
C0Z190,富世,2025-05-21,24.14743,121.6297,4.7143823e-07
C0AI10,屈尺,2025-05-21,24.92184,121.54475,5.7536655e-09
B2U990,畜試東區分所,2025-05-21,24.669039,121.832561,5.27534e-09
C0SB80,長濱漁港,2025-05-21,23.313644,121.459994,2.2761218e-05
C0R240,來義,2025-05-21,22.527306,120.625111,2.06749e-06
C0V910,大樹,2025-05-21,22.684645,120.432803,1.4194278e-08
C1R610,西大武山,2025-05-21,22.617719,120.7322,9.667903e-09
C0G900,線西,2025-05-21,24.143358,120.443536,1.0618114e-06
C0M700,竹崎,2025-05-21,23.526178,120.555508,2.8323275e-09
C2E880,三義,2025-05-21,24.405478,120.749819,6.3549394e-10
C0C720,竹圍,2025-05-21,25.112692,121.239824,5.9682447e-06
C0F9P0,清水,2025-05-21,24.312297,120.562242,7.4700246e-08
C0Z150,吉安光華,2025-05-21,23.930925,121.595153,1.2643189e-07
C0FA80,小雪山天池,2025-05-21,24.28025,121.02627,9.366218e-09
467300,東吉島,2025-05-21,23.25727,119.66762,0.004095837
C1D640,外坪(五指山),2025-05-21,24.644447,121.090961,1.8338155e-09
C0F9O0,潭子,2025-05-21,24.213106,120.703933,8.52004e-09
C2H9R0,卓社,2025-05-21,23.887894,121.000086,1.0645546e-09
72T250,花蓮農改場,2025-05-21,23.975222,121.563889,5.5276087e-05
C0E780,銅鑼,2025-05-21,24.489681,120.790853,5.8598854e-10
C1T950,太安,2025-05-21,23.666719,121.370128,3.1365323e-07
C0E830,苑裡,2025-05-21,24.439714,120.653053,1.3952643e-08
467270,田中,2025-05-21,23.873803,120.581286,2.1455184e-09
C0SA10,檳榔四格山,2025-05-21,22.810031,121.109308,6.3866454e-09
C1T830,布洛灣,2025-05-21,24.17184,121.57127,1.19894385e-05
C0F970,大坑,2025-05-21,24.173142,120.722289,7.0320965e-08
C1U920,思源,2025-05-21,24.393125,121.347214,4.52206e-09
C0A931,三和,2025-05-21,25.233153,121.595236,3.1452048e-09
C0I010,廬山,2025-05-21,24.033311,121.181808,1.7153461e-09
C2M940,日野賀,2025-05-21,23.434056,120.727169,2.3792295e-09
C0R860,鼻頭,2025-05-21,22.1043,120.8979,0.95889246
C0UB20,壯圍,2025-05-21,24.7359,121.8163,7.436216e-09
C0R790,九棚,2025-05-21,22.14195,120.889281,0.9405656
C0W110,東莒,2025-05-21,25.9652,119.98069,2.6483812e-07
C1U930,粉鳥林,2025-05-21,24.497088,121.842479,5.628065e-07
C1I211,蘆竹湳,2025-05-21,23.934019,120.811994,1.3194251e-09
C0S830,長濱,2025-05-21,23.286817,121.411975,6.8806855e-08
C1F9F1,伯公龍,2025-05-21,24.272392,120.849047,1.1629792e-09
C0UB90,太平山莊,2025-05-21,24.494171,121.536209,7.843775e-09
C0E810,西湖,2025-05-21,24.562947,120.7485,1.4515926e-08
C1I440,新高口,2025-05-21,23.478744,120.878939,3.261581e-09
C0O840,王爺宮,2025-05-21,23.222064,120.40085,5.0075077e-09
C0T9G0,鳳林山,2025-05-21,23.735269,121.420131,3.2400655e-09
C0X080,佳里,2025-05-21,23.173039,120.145086,4.0820227e-09
C0FB70,大甲溪埔,2025-05-21,24.370625,120.620067,2.8482832e-08
C0Z310,清水斷崖,2025-05-21,24.218294,121.689142,1.0436223e-08
C0M680,太保,2025-05-21,23.455062,120.331455,1.2077143e-09
C1S820,金峰,2025-05-21,22.590969,120.933236,0.007466087
C0AD10,八里,2025-05-21,25.150211,121.403947,5.9682447e-06
C2K240,草嶺,2025-05-21,23.59555,120.693461,1.5408028e-09
C1SA70,都蘭,2025-05-21,22.87794,121.226881,5.390689e-05
C0K440,二崙,2025-05-21,23.772797,120.408944,9.319046e-10
C1A760,坪林交控,2025-05-21,24.94284,121.713442,1.0459219e-08
C0F9N0,大里,2025-05-21,24.092464,120.701378,3.9147263e-09
C0SA90,達仁林場,2025-05-21,22.264347,120.823972,0.41099173
C1R290,石門山,2025-05-21,22.112611,120.756597,0.4634939
42HA10,萬大發電廠,2025-05-21,23.978875,121.139639,1.2768784e-09
C0R890,山海,2025-05-21,21.9878,120.7091,0.8584243
C0T9A0,月眉山,2025-05-21,23.809928,121.539828,2.4814837e-09
C0AC70,信義,2025-05-21,25.037822,121.564597,3.1556302e-09
C0K560,棋山,2025-05-21,23.68645,120.603417,9.9887885e-09
C2FB50,出雲,2025-05-21,24.206469,120.902794,2.0185327e-09
C1Z240,中平林道,2025-05-21,23.42115,121.26763,6.7512055e-08
U2H480,溪頭,2025-05-21,23.670306,120.798194,2.2422528e-09
C0M880,好美里,2025-05-21,23.3364,120.138,2.167024e-09
C0T9E0,大坑,2025-05-21,23.880628,121.581981,3.07053e-09
C0K530,臺西,2025-05-21,23.701547,120.197559,8.83752e-08
C1E900,國一N128K,2025-05-21,24.560997,120.844186,8.973173e-10
C0AJ50,水湳洞,2025-05-21,25.123695,121.862238,1.0049098e-08
C0AI20,白沙灣,2025-05-21,25.283128,121.519058,3.3235597e-07
C2V310,美濃,2025-05-21,22.898792,120.51907,1.4687484e-08
C0A860,大坪,2025-05-21,25.165914,121.632969,1.1511546e-09
C1U850,觀音海岸,2025-05-21,24.38319,121.77856,3.9851815e-09
C2K610,草嶺石壁,2025-05-21,23.602469,120.707731,1.5650282e-09
C0U950,鶯子嶺,2025-05-21,24.89754,121.79244,2.3833673e-09
C0O900,善化,2025-05-21,23.112883,120.297219,1.875758e-08
C0K550,蔦松,2025-05-21,23.514319,120.229736,8.599287e-09
E2P980,林試六龜中心,2025-05-21,22.991703,120.645722,2.994013e-08
C0E590,通霄,2025-05-21,24.471892,120.704622,1.0492829e-08
C1I310,西巒,2025-05-21,23.754486,120.883956,3.2924328e-09
C0A550,泰平,2025-05-21,24.971197,121.823711,2.5802707e-09
C0I360,水里,2025-05-21,23.812553,120.849792,1.8101914e-09
C0R830,高士,2025-05-21,22.121825,120.836781,0.32369697
C1I101,溪頭,2025-05-21,23.661789,120.807647,2.6945242e-09
C0AJ20,野柳,2025-05-21,25.20703,121.690021,2.2356474e-08
C0B060,暖暖,2025-05-21,25.0957,121.7403,7.7513285e-09
C1H920,長豐,2025-05-21,24.102039,120.879897,1.6167075e-09
C0V360,內門,2025-05-21,22.975481,120.466769,1.0963342e-08
C0R850,林邊,2025-05-21,22.4634,120.5339,2.1698246e-05
C0E930,龍鳳,2025-05-21,24.700034,120.859125,1.5612336e-08
C0U910,冬山,2025-05-21,24.63373,121.7937,5.27534e-09
C1E721,泰安,2025-05-21,24.489017,120.968036,2.8939304e-09
82H320,茶改中部分場,2025-05-21,23.875611,120.913583,1.4381352e-09
C0M750,布袋,2025-05-21,23.380878,120.167789,1.6449193e-09
C1S860,利嘉,2025-05-21,22.809417,121.050528,8.839927e-09
E2S980,林試太麻里1,2025-05-21,22.598922,120.980044,0.95380616
C0X170,關廟,2025-05-21,22.963017,120.327797,2.8262308e-08
C0V720,林園,2025-05-21,22.507747,120.394511,1.1512781e-08
C1I510,線浸林道,2025-05-21,23.761508,120.832956,2.144741e-09
C0D690,外湖,2025-05-21,24.917735,120.968711,0.00010896443
C0C750,新興坑尾,2025-05-21,25.0061,121.0971,0.00016215278
B2Q810,畜試南區分所,2025-05-21,21.945583,120.802167,0.92023796
C0S790,金崙,2025-05-21,22.538122,120.966875,0.00010269178
C0AH90,福山植物園,2025-05-21,24.760717,121.58135,2.7699956e-09
C0I540,奇萊稜線,2025-05-21,24.109231,121.326456,1.0045036e-08
C0M850,表湖,2025-05-21,23.24186,120.64166,6.5306223e-09
C0S770,大溪山,2025-05-21,22.478475,120.943325,8.3074465e-06
C0AG80,中和,2025-05-21,24.991622,121.491792,3.5256618e-09
C0T790,大禹嶺,2025-05-21,24.186117,121.316086,4.3575406e-09
C0T9B0,水源,2025-05-21,23.991861,121.537169,7.2784494e-09
C0R840,牡丹池山,2025-05-21,22.168389,120.841225,0.6725826
C1I131,桶頭,2025-05-21,23.641944,120.654117,2.0278403e-09
CAL110,布袋國中,2025-05-21,23.35893,120.18026,1.6449193e-09
467571,新竹,2025-05-21,24.827853,121.014219,8.378582e-08
C0Z290,赤柯山,2025-05-21,23.36893,121.38293,7.2382456e-09
C0X280,將軍,2025-05-21,23.214999,120.13577,1.9112871e-09
C0S690,太麻里,2025-05-21,22.60902,120.98533,4.7281645e-08
C0U880,北關,2025-05-21,24.9072,121.8734,7.316772e-08
C0G810,埔心,2025-05-21,23.947633,120.525456,1.0402375e-09
C0U970,大福,2025-05-21,24.80064,121.81389,2.7585358e-07
C2H9N0,仁愛東眼,2025-05-21,24.026875,121.1205,1.552165e-09
C1E670,南礦,2025-05-21,24.538278,121.002836,2.807088e-09
C0M520,東後寮,2025-05-21,23.369908,120.248065,1.4594067e-09
C1E461,松安,2025-05-21,24.397972,120.986022,3.1627647e-09
C2N160,西拉雅風管處,2025-05-21,23.189481,120.335297,1.3763707e-08
C2M970,碧湖,2025-05-21,23.568632,120.624165,1.497242e-09
C0A640,石碇,2025-05-21,24.993969,121.662917,3.1318852e-09
E2S960,林試太麻里2,2025-05-21,22.598,120.99775,0.9712432
C0F9Y0,桃山,2025-05-21,24.432739,121.303808,1.1453863e-08
C1I020,萬大,2025-05-21,23.979817,121.132261,1.237959e-09
C0U940,羅東,2025-05-21,24.68184,121.74934,6.551707e-09
C0M650,朴子,2025-05-21,23.43463,120.23902,1.1573189e-09
C1I500,大尖山,2025-05-21,23.858572,120.994889,2.861541e-09
C0FB40,中橫21.6k,2025-05-21,24.2499,121.1455,5.6616654e-09
C0G820,田尾,2025-05-21,23.901669,120.509389,1.0402375e-09
E2K600,四湖植物園,2025-05-21,23.676986,120.163433,2.8651908e-08
C0S730,綠島,2025-05-21,22.6672,121.47533,0.0012508365
12Q970,東港工作站,2025-05-21,22.479997,120.466058,2.717986e-05
C0E430,南庄,2025-05-21,24.601775,121.000214,9.35047e-10
C1TA00,太魯閣,2025-05-21,24.15773,121.6236,1.7219612e-07
466920,臺北,2025-05-21,25.037658,121.514853,3.1556302e-09
C0R600,舊泰武,2025-05-21,22.588194,120.664944,7.337168e-10
C1I260,北坑,2025-05-21,23.9246,121.006903,1.2610255e-09
466910,鞍部,2025-05-21,25.182586,121.529731,9.581179e-10
C1I230,九份二山,2025-05-21,23.961944,120.845,9.913868e-10
C2A660,瑞芳,2025-05-21,25.113169,121.801147,5.8040146e-09
C0R270,琉球嶼,2025-05-21,22.332244,120.362236,1.01180285e-05
C1T990,高寮,2025-05-21,23.394239,121.356808,9.04622e-07
C0G620,芬園,2025-05-21,24.015678,120.6213,2.4612945e-09
C1Z140,荖溪,2025-05-21,23.890575,121.45964,4.6652783e-08
C1I201,中心崙,2025-05-21,23.728722,120.712097,1.0425674e-09
C1I400,凌霄,2025-05-21,24.018778,121.004456,1.5101165e-09
C1M640,十字,2025-05-21,23.492153,120.753683,2.2065763e-09
G2P820,農試鳳山分所,2025-05-21,22.646611,120.356083,1.9617623e-08
C0Z270,蕃薯寮,2025-05-21,23.73835,121.540108,1.0194974e-08
C0FB10,出雲山苗圃,2025-05-21,24.23105,120.90475,1.9978263e-09
C0F9Q0,外埔,2025-05-21,24.347817,120.705686,1.7189488e-09
C0K580,高鐵雲林,2025-05-21,23.737456,120.417944,1.176089e-09
C2I090,鳳凰,2025-05-21,23.728081,120.787347,2.4020097e-09
C0U990,員山,2025-05-21,24.74435,121.72247,7.0647213e-09
C0V770,大社,2025-05-21,22.730306,120.346639,5.0636963e-08
C0X120,麻豆,2025-05-21,23.183289,120.248611,1.9177284e-09
C0C670,龍潭,2025-05-21,24.870056,121.221389,1.6950836e-09
C0D680,香山濕地,2025-05-21,24.783581,120.914988,2.2327487e-09
C0S980,勝林山,2025-05-21,22.430439,120.8938,1.4366273e-07
C0V730,大寮,2025-05-21,22.605614,120.395717,5.69846e-08
C0R570,麟洛,2025-05-21,22.65078,120.52719,3.0571644e-07
C2M930,石卓,2025-05-21,23.478744,120.702264,4.7550497e-09
C0G9B0,和美,2025-05-21,24.105169,120.492131,5.371792e-07
CAG100,王功漁港,2025-05-21,23.96824,120.32586,0.053632196
C0X290,北門,2025-05-21,23.267772,120.125481,1.9112871e-09
C2F930,大甲,2025-05-21,24.347667,120.640403,1.400434e-08
C0D650,湖口,2025-05-21,24.904794,121.043628,1.6669868e-05
C0E420,竹南,2025-05-21,24.708978,120.888897,1.041441e-08
C0U780,五結,2025-05-21,24.68637,121.79794,7.413034e-09
C1I250,鯉潭,2025-05-21,23.961922,120.991131,1.0565402e-09
C0R130,阿禮,2025-05-21,22.742908,120.743678,8.6429724e-10
C0X100,臺南市北區,2025-05-21,23.010394,120.194228,3.1673526e-09
C0S920,金峰嘉蘭,2025-05-21,22.594789,120.960825,0.939866
C0V490,新興,2025-05-21,22.627422,120.298803,6.729953e-08
C0F9K0,大安,2025-05-21,24.345061,120.588025,3.4828275e-08
467290,古坑,2025-05-21,23.633639,120.551889,1.2018138e-08
C2E970,八甲,2025-05-21,24.535811,120.795983,5.7489347e-10
C0V440,鳳山,2025-05-21,22.646653,120.356122,1.9617623e-08
C1T940,大觀,2025-05-21,23.714206,121.373133,4.012655e-09
C0E740,造橋,2025-05-21,24.637056,120.864778,2.3936357e-09
C0R100,尾寮山,2025-05-21,22.833111,120.683889,1.2610591e-09
A2K630,臺大雲林校區,2025-05-21,23.730628,120.423903,1.1759117e-09
467990,馬祖,2025-05-21,26.169467,119.923158,7.571353e-08
C0D580,寶山,2025-05-21,24.735006,121.025192,1.2949248e-09
E2P990,林試扇平站,2025-05-21,22.9677,120.6857,4.7258992e-09
C0AI30,三重,2025-05-21,25.057328,121.500629,3.4106833e-09
C0AH00,汐止,2025-05-21,25.066881,121.658778,3.1556302e-09
C1Z040,立山,2025-05-21,23.443356,121.327375,5.0869584e-08
466881,新北,2025-05-21,24.959207,121.525196,3.1661085e-09
C0W130,花嶼,2025-05-21,23.40007,119.32276,0.0035941333
C0A950,鼻頭角,2025-05-21,25.129036,121.923372,0.9994604
C0K470,林內,2025-05-21,23.748675,120.609642,9.621894e-09
C2F990,摩天嶺,2025-05-21,24.322458,120.936819,2.8740452e-09
82C160,茶改場,2025-05-21,24.908472,121.185333,8.715185e-09
C0Z320,清水林道,2025-05-21,23.27125,121.188272,1.01900755e-08
C0R760,南仁湖,2025-05-21,22.084681,120.863353,0.46349397
C0M670,大林,2025-05-21,23.600616,120.45841,4.27466e-09
C0M800,茶山,2025-05-21,23.299075,120.664767,2.0797984e-08
C0A9C0,天母,2025-05-21,25.117494,121.537169,9.031024e-09
72K220,南改斗南分場,2025-05-21,23.634556,120.477333,3.5493242e-09
72AI40,桃改樹林分場,2025-05-21,24.944503,121.386972,1.716748e-08
C0S910,蘭嶼燈塔,2025-05-21,22.081197,121.503117,0.95570534
C0B050,八斗子,2025-05-21,25.144754,121.79167,1.1835177e-08
C0U900,內城,2025-05-21,24.71813,121.68766,5.281522e-09
C0X320,柳營,2025-05-21,23.253328,120.375253,1.3916125e-08
C0M790,新港,2025-05-21,23.553269,120.345728,2.0662274e-09
C0F9T0,西屯,2025-05-21,24.179494,120.641275,3.744046e-09
C0E950,松安,2025-05-21,24.39792,120.98599,3.1627647e-09
C0SA30,都歷,2025-05-21,23.020333,121.323642,5.4696966e-07
C0C620,蘆竹,2025-05-21,25.084275,121.265767,2.628769e-06
C0R730,大坪頂,2025-05-21,22.024633,120.69355,0.99238974
C0AJ40,石門,2025-05-21,25.273672,121.601198,3.0118372e-08
C0E750,苗栗,2025-05-21,24.564569,120.824575,9.204609e-10
C0T870,鯉魚潭,2025-05-21,23.935639,121.508944,2.0095218e-08
C1V170,排雲,2025-05-21,23.463619,120.954147,1.22106565e-08
C2H950,中寮,2025-05-21,23.884447,120.766406,1.8663355e-09
C0R350,貓鼻頭,2025-05-21,21.921774,120.7358,0.11455236
C0V660,岡山,2025-05-21,22.797078,120.294958,1.0622814e-08
C1H941,雙冬,2025-05-21,23.967378,120.802189,1.2452006e-09
C0AJ70,田寮,2025-05-21,25.2698,121.4886,3.9381504e-07
C0AI00,五股,2025-05-21,25.07445,121.42728,6.132787e-09
C0Z280,德武,2025-05-21,23.47426,121.41071,3.2008355e-08
C0R700,枋山,2025-05-21,22.246844,120.661086,0.06563723
C0C460,復興,2025-05-21,24.820208,121.352281,1.120709e-09
E2H360,蓮華池,2025-05-21,23.918333,120.885278,1.198661e-09
C0M640,中埔,2025-05-21,23.42538,120.5229,1.5494023e-09
C0W140,金沙,2025-05-21,24.488292,118.408778,0.015027596
C2A540,四堵,2025-05-21,24.8926,121.745736,6.1633347e-09
C0ACA0,新莊,2025-05-21,25.051478,121.446756,4.6593094e-09
C0R220,潮州,2025-05-21,22.534361,120.54,1.1501989e-05
U2HA40,臺大內茅埔,2025-05-21,23.689722,120.851117,5.4441682e-09
467490,臺中,2025-05-21,24.145736,120.684075,1.1020981e-07
C0UB60,明池,2025-05-21,24.650688,121.475277,4.329473e-09
C0U960,翠峰湖,2025-05-21,24.510856,121.608044,6.2733263e-09
E2HA20,林試畢祿溪站,2025-05-21,24.226944,121.308522,4.48544e-09
C0V890,前鎮,2025-05-21,22.5718,120.3117,7.579632e-08
C1F941,雪嶺,2025-05-21,24.280586,121.026642,9.366218e-09
C2H9E0,國姓南港,2025-05-21,23.911108,120.846556,1.1455125e-09
C0AC80,文山,2025-05-21,25.00235,121.575728,2.8187035e-09
C0F9R0,龍井,2025-05-21,24.184536,120.528972,6.861851e-07
C0M760,民雄,2025-05-21,23.551754,120.428457,4.795654e-09
C0UA40,西德山,2025-05-21,24.560647,121.752608,7.613782e-09
C1T920,中興,2025-05-21,23.769503,121.498653,5.297869e-08
C0D550,雪霸,2025-05-21,24.526972,121.11605,6.2164034e-09
C2F860,梨山,2025-05-21,24.247522,121.243669,4.6425788e-09
C0R320,車城,2025-05-21,22.0744,120.716247,0.7779096
C1S870,南美山,2025-05-21,23.15025,121.382333,0.27189624
C0B020,基隆嶼,2025-05-21,25.19141,121.78391,0.99264777
C1U501,牛鬥,2025-05-21,24.637836,121.573656,1.0720536e-08
C0M730,嘉義市東區,2025-05-21,23.457673,120.460531,3.5621217e-09
C0S700,知本,2025-05-21,22.684866,121.005642,1.1244869e-07
C1N001,沙崙,2025-05-21,22.935472,120.309406,3.3633263e-08
C0V760,橋頭,2025-05-21,22.757806,120.30575,5.388509e-08
C0G960,福寶,2025-05-21,24.0443,120.3814,7.716951e-07
C0X210,白河,2025-05-21,23.347466,120.414427,8.0207085e-09
C0S810,東河,2025-05-21,22.972672,121.303986,0.9617591
C2R170,屏東,2025-05-21,22.66027,120.49403,3.0571644e-07
C0R670,楓港,2025-05-21,22.190131,120.692156,0.99214727
C0FA50,霧峰,2025-05-21,24.0419,120.6995,2.9424538e-09
C0UB10,蘇澳,2025-05-21,24.5969,121.8571,2.377729e-08
C0G950,防潮門,2025-05-21,24.1835,120.4871,6.9098877e-07
C0M740,六腳,2025-05-21,23.492871,120.290625,1.0933767e-09
C1R250,力里,2025-05-21,22.428117,120.629228,0.000110727684
C0K330,虎尾,2025-05-21,23.719183,120.442036,1.1007883e-09
C2FA00,烏石坑,2025-05-21,24.273503,120.947617,2.8736176e-09
C0V620,永安,2025-05-21,22.82315,120.236856,1.0622814e-08
C1I330,楓樹林,2025-05-21,23.986803,121.076117,1.3236775e-09
C0W200,湖西,2025-05-21,23.596314,119.67275,0.03411498
72Q010,高雄農改場,2025-05-21,22.709333,120.525889,6.8929936e-08
C0SA40,瑞和,2025-05-21,22.974361,121.156697,4.9992224e-07
C0C680,龜山,2025-05-21,25.02846,121.38656,3.270614e-09
C2V260,月眉,2025-05-21,22.971003,120.539853,1.3743762e-07
C0V450,鳳森,2025-05-21,22.545064,120.392592,7.2906343e-09
C0FA90,小雪山林道,2025-05-21,24.29515,121.03651,1.2755305e-08
C0U720,南山,2025-05-21,24.43742,121.38167,3.1059364e-09
A2N290,臺南蘭花園區,2025-05-21,23.340258,120.379661,1.5455565e-09
C0R560,新園,2025-05-21,22.5434,120.461558,1.1512781e-08
C0U890,三星,2025-05-21,24.66812,121.65302,2.58167e-08
C1V300,御油山,2025-05-21,23.001983,120.715364,2.0714717e-09
C0U600,礁溪,2025-05-21,24.817539,121.765608,0.00043898905
C1T980,龍澗,2025-05-21,24.023289,121.411328,2.8186296e-08
C0D670,海天一線,2025-05-21,24.831986,120.914438,0.01651564
C0SA00,歷坵,2025-05-21,22.520969,120.89185,7.163834e-08
C0M710,東石,2025-05-21,23.458927,120.15385,1.1848293e-07
C0M780,鹿草,2025-05-21,23.41134,120.30835,1.1183409e-09
C0U520,雙連埤,2025-05-21,24.753033,121.641303,2.1628945e-09
C0B010,七堵,2025-05-21,25.094819,121.71713,1.23071295e-08
C0R480,長治,2025-05-21,22.693128,120.542622,1.1461796e-08
C1V830,國三S383K,2025-05-21,22.781967,120.426475,1.8148562e-08
12Q980,恆春工作站,2025-05-21,22.079678,120.714425,0.7779096
C1O940,東山服務區,2025-05-21,23.286016,120.398472,9.91374e-09
C1U840,東澳嶺,2025-05-21,24.5378,121.8485,3.2988947e-09
C1D630,飛鳳山,2025-05-21,24.766464,121.119178,7.273269e-10
C0S940,石寧山,2025-05-21,23.223772,121.406639,2.3562563e-06
C0K410,北港,2025-05-21,23.573957,120.292802,2.3521252e-09
C2M620,瑞里,2025-05-21,23.545133,120.675197,1.8380807e-09
C0SB70,小港漁港,2025-05-21,23.158558,121.400431,0.7948002
C2O950,安南,2025-05-21,23.076694,120.144861,1.2110965e-08
C0F0E0,南湖圈谷,2025-05-21,24.363714,121.444667,1.9468075e-08
467610,成功,2025-05-21,23.097486,121.373428,0.91890883
C0G890,伸港,2025-05-21,24.148933,120.484403,1.0605696e-06
C2E540,龍溪,2025-05-21,24.606489,120.783933,2.5057352e-09
C1V200,梅山,2025-05-21,23.268447,120.823556,1.2278127e-08
C0T9H0,加路蘭山,2025-05-21,23.682947,121.5274,8.078822e-09
C2O930,玉井,2025-05-21,23.126042,120.46055,1.01713205e-07
C1F911,新伯公,2025-05-21,24.221361,120.841069,1.7863674e-09
C0R490,九如,2025-05-21,22.7405,120.490503,8.0247816e-08
C0X200,左鎮,2025-05-21,23.056758,120.408522,1.6127976e-07
C0FA60,鞍馬山工作站,2025-05-21,24.267064,121.000793,9.869799e-09
C0SB50,叭嗡嗡,2025-05-21,23.047062,121.343223,3.3903502e-06
C1F891,稍來,2025-05-21,24.265689,121.001142,9.568345e-09
72N240,七股研究中心,2025-05-21,23.081672,120.062894,1.2555062e-08
C0C700,中壢,2025-05-21,24.977661,121.256375,6.785102e-09
C0M690,水上,2025-05-21,23.419734,120.388909,1.1261623e-09
C0V690,鼓山,2025-05-21,22.623325,120.275575,6.729953e-08
C0O860,大內,2025-05-21,23.11885,120.36083,1.618714e-08
C0Z200,萬榮,2025-05-21,23.709219,121.420106,7.630357e-08
C0T9D0,和中,2025-05-21,24.26676,121.74103,9.132743e-05
C1O921,楠西,2025-05-21,23.183511,120.484083,6.336584e-08
C0AJ30,淡水觀海,2025-05-21,25.184591,121.408616,2.9363834e-08
C0V810,左營,2025-05-21,22.67491,120.28491,2.3436266e-08
C0UA70,桃源谷,2025-05-21,24.962606,121.888875,2.3244826e-09
C0X130,官田,2025-05-21,23.193217,120.315422,1.4822908e-08
C1H000,翠峰,2025-05-21,24.109397,121.205211,3.837676e-09
C0UA90,石城,2025-05-21,24.980444,121.951214,1.7127446e-08
C1E681,南勢山,2025-05-21,24.421669,120.923831,9.757767e-10
C0A9F0,內湖,2025-05-21,25.079422,121.57545,3.1556302e-09
C0K291,宜梧,2025-05-21,23.536281,120.169329,8.600534e-09
C1K540,口湖,2025-05-21,23.585344,120.180517,9.093962e-08
C0R780,滿州,2025-05-21,22.024403,120.839892,0.9515401
C0V870,文安,2025-05-21,22.8025,120.2164,1.10578044e-08
C0U650,玉蘭,2025-05-21,24.675286,121.587061,3.4522503e-09
C0R640,東港,2025-05-21,22.46247,120.44074,2.717986e-05
C0AJ80,板橋,2025-05-21,25.0107,121.4489,3.7313987e-09
C0S660,下馬,2025-05-21,23.150427,121.070312,6.5709798e-09
C1H9B1,阿眉,2025-05-21,24.1263,120.994672,4.9703965e-09
C0UA20,多加屯,2025-05-21,24.368614,121.373189,4.445045e-09
C0E730,頭份,2025-05-21,24.688247,120.912206,1.1353115e-08
72V140,高改旗南分場,2025-05-21,22.857861,120.516667,1.4687484e-08
C0K480,莿桐,2025-05-21,23.761192,120.502372,1.362503e-09
C0U980,坪林石牌,2025-05-21,24.86478,121.77396,1.9592334e-09
C0T900,西林,2025-05-21,23.8119,121.441458,1.1018014e-08
C1I150,青雲,2025-05-21,23.793361,120.949378,1.7302247e-09
467350,澎湖,2025-05-21,23.565503,119.563094,0.0054292167
C0G800,埔鹽,2025-05-21,24.000394,120.431683,1.50142e-07
C0H960,草屯,2025-05-21,23.973672,120.68085,2.5514504e-09
C1V780,多納林道,2025-05-21,22.888028,120.737917,1.6946634e-09
C0E920,通霄漁港,2025-05-21,24.498589,120.673876,1.9219552e-08
C0Z330,安通山,2025-05-21,23.290728,121.348528,8.316024e-09
C0AH10,永和,2025-05-21,25.01125,121.508111,3.7313987e-09
C0AK10,太平里,2025-05-21,25.134937,121.364899,3.957966e-06
C2G640,鹿港,2025-05-21,24.0753,120.430481,7.683904e-07
C1E890,國三N149K,2025-05-21,24.463414,120.680019,9.495387e-09
C1R110,口社,2025-05-21,22.770111,120.645222,1.3461303e-06
C1M870,國三N285K,2025-05-21,23.550319,120.505833,6.8125154e-09
C1E480,鳳美,2025-05-21,24.554803,121.034747,1.0036643e-09
C0M530,奮起湖,2025-05-21,23.493903,120.699253,1.9942057e-09
C0C590,觀音,2025-05-21,25.027072,121.153317,0.0002453346
C0T9M0,靜浦,2025-05-21,23.455167,121.495028,2.9298192e-07
C2H9M0,發祥,2025-05-21,24.154094,121.164517,4.1339545e-09
C0AI40,石牌,2025-05-21,25.115597,121.513139,9.600043e-09
C1F871,上谷關,2025-05-21,24.203483,121.018644,1.998802e-09
C2H9G0,百勝,2025-05-21,24.051142,120.909361,2.6533364e-09
C0G880,二水,2025-05-21,23.810742,120.6173,2.9758385e-09
C0R940,加祿堂,2025-05-21,22.3363,120.6217,0.9675688
C0W220,北竿,2025-05-21,26.220358,119.974881,7.4889556e-08
C0O960,崎頂,2025-05-21,22.959547,120.369317,1.192609e-08
C0S750,向陽,2025-05-21,23.248397,120.986133,3.484952e-09
C0T9F0,水璉,2025-05-21,23.797131,121.542514,5.689736e-09
C1M600,頭凍,2025-05-21,23.406364,120.603339,7.289661e-09
467660,臺東,2025-05-21,22.752211,121.154586,0.16192333
C1D380,新埔,2025-05-21,24.84745,121.03834,2.900624e-08
C2G980,田頭村,2025-05-21,23.8263,120.444175,9.319046e-10
C0V750,路竹,2025-05-21,22.854997,120.259439,1.5832024e-08
C0N050,蚵寮,2025-05-21,23.301,120.1104,2.167024e-09
72M700,南改鹿草分場,2025-05-21,23.416869,120.283061,1.1574557e-09
C1SA50,利嘉林道,2025-05-21,22.82325,121.009389,1.0212665e-08
C0UB70,太平山中間站,2025-05-21,24.542003,121.513453,2.4253042e-09
C0A940,金山,2025-05-21,25.223628,121.643967,1.8979557e-08
C1V340,大津,2025-05-21,22.888322,120.645986,7.78852e-07
C0W180,七美,2025-05-21,23.219333,119.444892,0.008667751
C1F9C1,白冷,2025-05-21,24.182844,120.929889,1.0803376e-09
K2E710,苗改生物防治研究中心,2025-05-21,24.422861,120.871833,7.862884e-10
C0N040,蘆竹溝,2025-05-21,23.2344,120.0961,1.9112871e-09
C0D760,大坪苗圃,2025-05-21,24.5362,121.1108,3.2895202e-09
C2W230,畜試所澎湖,2025-05-21,23.628342,119.513206,0.0110822935
C0R880,後壁湖,2025-05-21,21.9457,120.7457,0.8429495
C1I280,埔中,2025-05-21,23.820778,120.642594,1.1893011e-09
467790,墾丁雷達站,2025-05-21,21.948235,120.808028,0.94752616
C0W190,望安,2025-05-21,23.380564,119.494075,0.005439497
C0Z170,卓溪,2025-05-21,23.3443,121.3029,1.6552835e-07
C0F850,東勢,2025-05-21,24.246428,120.833047,2.1137625e-09
466900,淡水,2025-05-21,25.164889,121.448906,3.957966e-06
C0I370,魚池,2025-05-21,23.895703,120.94135,1.4078143e-09
C0C630,大溪,2025-05-21,24.882853,121.265547,2.5654212e-09
C0A520,山佳,2025-05-21,24.974944,121.402008,7.748534e-09
C0I110,竹山,2025-05-21,23.761225,120.688156,1.9529804e-09
82H840,茶改南部分場,2025-05-21,23.762528,120.7405,1.2596961e-09
C0G660,溪湖,2025-05-21,23.94835,120.479122,1.1089566e-09
C1T800,洛韶,2025-05-21,24.204558,121.453956,1.1821212e-08
C1T810,慈恩,2025-05-21,24.192044,121.388386,2.5587752e-09
C1E451,象鼻,2025-05-21,24.368617,120.940228,9.1414476e-10
C0AC60,三峽,2025-05-21,24.939025,121.369728,1.4492743e-08
C0I490,萬大林道,2025-05-21,23.928228,121.091411,1.8459788e-09
C1I290,豐丘,2025-05-21,23.668178,120.887417,2.3167457e-09
C1I320,奧萬大,2025-05-21,23.952956,121.178556,1.2601599e-09
C2M910,嘉義大學,2025-05-21,23.471325,120.485903,2.6859448e-09
C0U770,南澳,2025-05-21,24.44935,121.81022,1.558116e-08
C0A980,社子,2025-05-21,25.109508,121.469681,6.7343267e-06
C0V800,六龜,2025-05-21,22.997889,120.633583,3.5999975e-08
C1G9D0,國一S218K,2025-05-21,23.890641,120.493253,9.84368e-10
C0E570,白沙屯,2025-05-21,24.549447,120.696803,2.2445473e-08
C2F9A0,中竹林,2025-05-21,24.103556,120.751061,1.3217576e-09
C0FA40,臺中電廠,2025-05-21,24.2146,120.4907,6.861851e-07
C2G9A0,畜試所彰化,2025-05-21,23.86045,120.557964,2.1455184e-09
C0H9C0,合歡山,2025-05-21,24.143442,121.272547,9.699006e-09
C0X060,下營,2025-05-21,23.22695,120.256261,1.5551342e-09
G2M350,農試溪口農場,2025-05-21,23.58565,120.408111,5.240711e-09
C0U860,頭城,2025-05-21,24.85323,121.8308,0.0006803906
C0R580,南州,2025-05-21,22.48591,120.50274,2.717986e-05
C0D430,峨眉,2025-05-21,24.6905,121.017189,1.0646439e-09
C0G780,秀水,2025-05-21,24.03405,120.503869,1.8064664e-09
72N100,臺南農改場,2025-05-21,23.0605,120.342194,1.5794985e-08
C0S900,蘭嶼高中,2025-05-21,22.04909,121.51214,0.09068626
C1F9W0,德基,2025-05-21,24.254783,121.190261,7.778802e-09
C1Z120,壽豐,2025-05-21,23.870853,121.508081,4.874839e-08
C0W160,烏坵,2025-05-21,24.9944,119.44956,0.8722777
C1I240,外大坪,2025-05-21,23.958697,120.917931,1.039462e-09
C1I550,國六W023K,2025-05-21,23.979067,120.867742,1.7133548e-09
C0R870,興海,2025-05-21,21.9752,120.8439,0.92023796
C0R140,瑪家,2025-05-21,22.682903,120.686639,1.2187406e-09
C0A530,坪林,2025-05-21,24.938183,121.70975,7.424057e-09
C0X260,後壁,2025-05-21,23.366358,120.362326,1.5455565e-09
C0Z230,和平,2025-05-21,24.30717,121.77007,0.00012238482
C0G770,福興,2025-05-21,24.041289,120.437669,1.50142e-07
C0H9A0,神木村,2025-05-21,23.532742,120.843667,2.2737825e-09
C0I460,南投,2025-05-21,23.911469,120.687331,4.3223767e-09
C0I480,梅峰,2025-05-21,24.085272,121.173572,2.9040879e-09
C1V570,吉東,2025-05-21,22.85422,120.5454,1.18387895e-08
C2D740,屯原,2025-05-21,24.067969,121.209389,2.5181155e-09
C2A560,福山,2025-05-21,24.776203,121.502811,3.6396255e-09
C0AH30,五分山,2025-05-21,25.07125,121.780794,1.0484221e-09
C0FA10,松柏,2025-05-21,24.429115,120.617482,1.6600142e-08
72S200,東改班鳩分場,2025-05-21,22.829528,121.077694,4.7985296e-08
72HA00,中改埔里分場,2025-05-21,23.903208,120.963364,1.2183757e-09
C2H9W0,大坪頂農水,2025-05-21,24.043122,120.932781,1.6067351e-09
C0C650,平鎮,2025-05-21,24.897503,121.214636,3.1229792e-09
C0S930,延平,2025-05-21,22.902581,121.084058,1.8355387e-07
C0UA60,樟樹山,2025-05-21,24.41393,121.78325,3.3441363e-08
C1S670,摩天,2025-05-21,23.199503,121.027,1.314836e-08
C0V630,茄萣,2025-05-21,22.906642,120.182608,1.926418e-08
466940,基隆,2025-05-21,25.133314,121.740475,1.1345842e-08
C0X050,東河,2025-05-21,23.296598,120.385608,1.1722353e-08
C0R770,保力,2025-05-21,22.071122,120.764111,0.988467
G2L020,農試嘉義分所,2025-05-21,23.485028,120.473806,5.731704e-09
C0X240,關子嶺,2025-05-21,23.331169,120.508025,2.0751414e-09
C0I380,集集,2025-05-21,23.828206,120.801467,1.890707e-09
466990,花蓮,2025-05-21,23.975128,121.613275,0.00013737008
C1V220,小關山,2025-05-21,23.154217,120.813603,3.1162022e-09
C1F9G1,慶福山,2025-05-21,24.180853,120.848378,1.262992e-09
C0FB20,雪山橋,2025-05-21,24.23192,120.9786,7.383584e-09
C0Z250,瑞穗林道,2025-05-21,23.49284,121.30688,1.283946e-07
C0D590,新豐,2025-05-21,24.87068,120.97721,0.0011505701
C0A870,五指山,2025-05-21,25.132153,121.608692,7.5247436e-10
C0UA50,西帽山,2025-05-21,24.555361,121.802628,8.230058e-09
C0X160,仁德,2025-05-21,22.968258,120.257689,1.0721497e-08
C1H971,六分寮,2025-05-21,23.92507,120.6378,1.1363834e-09
C0W120,西嶼,2025-05-21,23.5626,119.468436,0.0096934745
C0G650,員林,2025-05-21,23.946503,120.585597,3.7622288e-09
C0AD50,鶯歌,2025-05-21,24.951533,121.346294,1.0469159e-08
C2H9Q0,北東眼山,2025-05-21,24.120939,121.189303,3.7504284e-09
C2H9T0,名間竹圍,2025-05-21,23.859914,120.637572,1.1586175e-09
C0S990,山豬窟,2025-05-21,22.318619,120.857372,0.08155245
C0X190,安平,2025-05-21,22.993161,120.152181,3.1673526e-09
C0K400,斗六,2025-05-21,23.720583,120.541127,1.9808692e-09
12J990,口湖工作站,2025-05-21,23.589978,120.180394,9.0878764e-08
C0O830,北寮,2025-05-21,23.079561,120.495008,2.3338352e-08
C1D410,白蘭,2025-05-21,24.579364,121.079947,3.0282177e-09
C0S970,加津林,2025-05-21,22.416211,120.926942,0.89586824
C0D700,關西,2025-05-21,24.7977,121.1732,1.2623201e-09
C0M810,里佳,2025-05-21,23.389125,120.716647,4.6737285e-09
C0U750,龜山島,2025-05-21,24.841667,121.953133,3.8406266e-05
C0R810,內獅,2025-05-21,22.305064,120.642986,0.96606964
C1M390,龍美,2025-05-21,23.406728,120.654417,5.291343e-09
C2FB60,頭櫃山,2025-05-21,24.129842,120.858925,3.8188372e-09
C1H840,國三N238K,2025-05-21,23.841008,120.707711,1.310314e-09
CAQ030,崎峰國小,2025-05-21,22.42565,120.49521,2.717986e-05
C2E520,大湖,2025-05-21,24.414939,120.870872,7.455726e-10
467530,阿里山,2025-05-21,23.508208,120.813242,3.9660426e-09
C1E691,南湖,2025-05-21,24.40135,120.837533,8.6607616e-10
C0FA30,梧棲,2025-05-21,24.256003,120.523381,7.4700246e-08
C1V231,高中,2025-05-21,23.134911,120.716711,1.8004365e-09
C0AK30,硬漢嶺,2025-05-21,25.136097,121.426372,7.797336e-10
C0F9V0,新社,2025-05-21,24.200172,120.815806,1.3033448e-09
C0H890,埔里,2025-05-21,23.972169,120.952425,1.3967467e-09
C0R690,墾丁,2025-05-21,21.966756,120.810269,0.98506916
C0F0D0,審馬陣,2025-05-21,24.381675,121.4203,7.1510255e-09
C2W030,金門農試所,2025-05-21,24.448431,118.451786,2.8734697e-05
C0R820,白鷺,2025-05-21,22.454275,120.666219,4.163518e-09
C0FB00,大雪山,2025-05-21,24.254668,121.007374,6.644152e-09
C1V190,南天池,2025-05-21,23.27403,120.91176,3.7617407e-09
C0E940,雪見,2025-05-21,24.42595,121.01347,4.8169593e-09
K2E360,苗栗農改場,2025-05-21,24.495722,120.829111,6.6362704e-10
CAJ050,海口故事園區,2025-05-21,23.57543,120.14121,9.0878764e-08
C2H9D0,三隻寮,2025-05-21,24.093078,120.861578,1.584307e-09
C0O990,媽廟,2025-05-21,22.99175,120.293525,1.6854386e-08
C0D480,打鐵坑,2025-05-21,24.849664,121.150789,1.6606372e-09
C0Z220,和平林道,2025-05-21,24.343922,121.656317,5.4948894e-09
C0TA10,花蓮漁港,2025-05-21,23.995322,121.638331,0.00023688853
72C440,桃園農改場,2025-05-21,24.950944,121.030583,4.9885508e-05
C1E711,馬拉邦山,2025-05-21,24.367306,120.901656,9.337282e-10
C0SB20,富岡,2025-05-21,22.792467,121.192669,6.536521e-05
C0D560,竹東,2025-05-21,24.767147,121.057881,1.3181674e-09
C0F9U0,南屯,2025-05-21,24.137006,120.637969,5.7891665e-09
C0M720,番路,2025-05-21,23.464657,120.554156,1.1209099e-09
C0F0A0,雪山圈谷,2025-05-21,24.388594,121.236339,1.1553895e-08
C1A9N0,四十份,2025-05-21,24.934158,121.593283,8.510777e-10
C0U760,東澳,2025-05-21,24.52196,121.83318,3.705037e-07
C0X230,鹽水,2025-05-21,23.272621,120.247641,2.0749515e-09
C2H9H0,苗改南投蜂場,2025-05-21,23.852589,120.693481,2.2645723e-09
C0R950,萬隆國小,2025-05-21,22.507667,120.587817,5.2279474e-06
467540,大武,2025-05-21,22.35572,120.90374,0.8968529
C0V370,古亭坑,2025-05-21,22.893178,120.401947,4.537233e-08
C1I340,新興橋,2025-05-21,23.563333,120.868728,1.5294364e-09
C0SA80,土坂,2025-05-21,22.453108,120.887572,0.065599225
C0R160,鹽埔,2025-05-21,22.739558,120.530778,6.8929936e-08
C0AC40,大屯山,2025-05-21,25.175675,121.522408,1.2001754e-09
466850,五分山雷達站,2025-05-21,25.071182,121.781205,1.0522706e-09
C2H9L0,馬烈霸,2025-05-21,24.1512,121.201772,3.681229e-09
C1AI50,國三N016K,2025-05-21,25.034164,121.619664,2.433687e-09
C1V600,藤枝,2025-05-21,23.071961,120.757042,2.5896187e-09
C1E601,南勢,2025-05-21,24.572486,120.734842,6.5277206e-09
C0O980,新市,2025-05-21,23.061614,120.298197,1.875758e-08
C0K420,西螺,2025-05-21,23.800407,120.467394,8.919558e-10
C0Z050,佳心,2025-05-21,23.34567,121.21316,8.025774e-09
C0AD30,蘆洲,2025-05-21,25.086594,121.472331,3.4106833e-09
C0V610,梓官,2025-05-21,22.760558,120.267211,5.388509e-08
K2F750,種苗改良場,2025-05-21,24.225972,120.800917,1.502331e-09
C0UA80,大溪漁港,2025-05-21,24.941801,121.902955,6.293367e-08
C1AI60,國一39K邊坡,2025-05-21,25.064361,121.383836,4.325387e-09
C0W150,金寧,2025-05-21,24.457703,118.328989,2.002286e-05
C0R960,內埔,2025-05-21,22.608483,120.570714,1.02686245e-05
V2C250,八德合作社,2025-05-21,24.93775,121.266389,5.711733e-09
C2H9S0,龍南,2025-05-21,23.953536,120.833183,1.2909545e-09
C0AH40,平等,2025-05-21,25.129142,121.577086,9.99128e-10
C0R540,佳冬,2025-05-21,22.419456,120.552375,0.0014957993
466950,彭佳嶼,2025-05-21,25.627975,122.079744,0.9998308
C0A890,雙溪,2025-05-21,25.036003,121.864242,1.277435e-07
C0C480,桃園,2025-05-21,24.992425,121.323172,9.622519e-09
C0AH50,林口,2025-05-21,25.072181,121.38084,2.847972e-09
A2K360,水試臺西試驗場,2025-05-21,23.717231,120.190522,9.832279e-08
C2M960,外寮,2025-05-21,23.562643,120.665688,1.513395e-09
C0F9S0,烏日,2025-05-21,24.107058,120.624103,5.3988964e-09
C0C490,八德,2025-05-21,24.928708,121.283289,5.5822946e-09
C0R190,赤山,2025-05-21,22.592333,120.614306,7.727934e-06
C0T820,天祥,2025-05-21,24.179597,121.495639,4.4218945e-07
C1F9E1,龍安,2025-05-21,24.1605,120.831961,1.1426059e-09
C0V820,小林,2025-05-21,23.148408,120.63325,1.705071e-09
C2G870,芳苑,2025-05-21,23.922303,120.320025,0.07421623
C0E850,大河,2025-05-21,24.618069,120.948578,1.4438906e-09
C1U670,寒溪,2025-05-21,24.634,121.71691,3.0659653e-09
C0N020,城西,2025-05-21,23.0568,120.0956,3.1673526e-09
C1Z110,三棧,2025-05-21,24.11557,121.60501,7.403599e-08
C0R280,檳榔,2025-05-21,22.076078,120.836777,0.8233698
C2H9J0,中台,2025-05-21,23.9996,120.938739,1.6895769e-09
C0F9L0,后里,2025-05-21,24.310436,120.729725,2.6732492e-09
467441,高雄,2025-05-21,22.730432,120.312516,5.0790764e-08
C0Z180,新城,2025-05-21,24.040486,121.604878,9.41855e-05
C0D540,橫山,2025-05-21,24.71116,121.11693,1.0212816e-09
C1D420,太閣南,2025-05-21,24.632808,121.160575,5.8188236e-09
C1E770,公館,2025-05-21,24.526914,120.830806,7.2520473e-10
CAN130,水試所海水繁養殖中心,2025-05-21,23.120802,120.07968,1.2555062e-08
C1I430,翠華,2025-05-21,24.191961,121.224339,2.66899e-09
C1M400,菜瓜坪,2025-05-21,23.251928,120.576103,4.7745714e-09
C0G730,二林,2025-05-21,23.903325,120.376081,4.086761e-08
72M360,南改義竹分場,2025-05-21,23.360694,120.279361,1.4551762e-09
V2K620,麥寮合作社,2025-05-21,23.753836,120.294783,1.5599231e-09
C0Z070,舞鶴,2025-05-21,23.46811,121.37407,1.650593e-08
C0B040,大武崙,2025-05-21,25.166676,121.706993,8.947252e-09
C1Z030,紅葉,2025-05-21,23.493119,121.338806,8.788772e-08
C1I050,丹大,2025-05-21,23.753747,121.141147,4.9400204e-09
C0I080,信義,2025-05-21,23.689694,120.851036,5.4441682e-09
C0D750,樂山林道6k,2025-05-21,24.49999,121.08773,9.487476e-09
C2M920,朴子農改,2025-05-21,23.469889,120.259383,1.1573189e-09
C2A880,福隆,2025-05-21,25.017842,121.942083,1.9366599e-08
C0Z160,鳳林,2025-05-21,23.746114,121.453411,1.6516441e-07
C0UB80,翠峰林道6K,2025-05-21,24.49773,121.568625,8.421806e-09
C0V210,復興,2025-05-21,23.222403,120.806089,4.1831733e-08
C0H990,昆陽,2025-05-21,24.121322,121.273642,7.967738e-09
C0R741,獅子,2025-05-21,22.202308,120.705236,0.9075938
C0S710,鹿野,2025-05-21,22.917711,121.122994,2.186547e-08
C0I530,小奇萊,2025-05-21,24.131764,121.295717,8.517245e-09
C0FA70,大雪山埡口,2025-05-21,24.26867,121.03062,9.277089e-09
C2K630,荷苞,2025-05-21,23.657717,120.595144,5.982477e-09
C0Z080,富源,2025-05-21,23.587642,121.378225,1.9657723e-07
C0SB10,美和,2025-05-21,22.682078,121.060236,0.92069876
C2K620,馬光農場,2025-05-21,23.721453,120.378864,1.2056175e-09
C1I140,卡奈托灣,2025-05-21,23.754364,121.087872,1.4429214e-09
C0I520,玉山風口,2025-05-21,23.470489,120.955994,1.5432802e-08
C1G691,下水埔,2025-05-21,23.816114,120.5676,1.2277606e-09
C0X110,臺南市南區,2025-05-21,22.961189,120.188378,1.0720413e-08
C0V680,仁武,2025-05-21,22.701083,120.347722,2.3428802e-08
C2G840,北斗,2025-05-21,23.877586,120.514222,9.426953e-10
C0R900,竹坑,2025-05-21,22.1385,120.7022,0.7972621
C0K250,崙背,2025-05-21,23.75555,120.318925,1.559691e-09
C0G860,社頭,2025-05-21,23.897647,120.5862,2.2927003e-09
C0X150,安定,2025-05-21,23.102614,120.227839,2.0844875e-09
C0R590,里港,2025-05-21,22.77919,120.49459,5.4380894e-08
C0E610,馬都安,2025-05-21,24.451272,120.930192,8.920936e-10
C0E550,明德,2025-05-21,24.583486,120.885411,8.320986e-10
C0R150,三地門,2025-05-21,22.709889,120.639944,1.593248e-06
C0G910,花壇,2025-05-21,24.032076,120.549461,1.6074954e-09
C1D400,鳥嘴山,2025-05-21,24.71909,121.28387,2.1014617e-09
C0K500,元長,2025-05-21,23.64981,120.315024,2.5517473e-09
C0F0B0,石岡,2025-05-21,24.276061,120.777644,2.0631834e-09
C2V250,甲仙,2025-05-21,23.080106,120.591758,4.2072323e-09
C0SA20,金崙山,2025-05-21,22.567419,120.959667,7.311732e-09
C0V350,溪埔,2025-05-21,22.738578,120.446797,3.9423025e-08
C0M660,溪口,2025-05-21,23.604131,120.403569,5.240711e-09
C1S880,壽卡,2025-05-21,22.238911,120.858903,0.47853413
72D680,桃改新埔分場,2025-05-21,24.834444,121.066111,3.1951142e-08
