站號,站名,日期,lat,lon,BlastGRU-TW
C0R710,龍磐,2026-08-11,21.931672,120.838942,0.14834352
C1F9D1,白毛台,2026-08-11,24.158325,120.886933,0.95099145
C0G940,竹塘,2026-08-11,23.848253,120.386764,0.934684
467590,恆春,2026-08-11,22.003897,120.746339,0.047469955
C0U710,太平山,2026-08-11,24.505486,121.525656,0.75246966
C0E820,獅潭,2026-08-11,24.539133,120.920042,0.99884444
C2SD70,二層坪,2026-08-11,22.94105,121.16838,0.8843956
C0V880,興達,2026-08-11,22.8778,120.2127,0.27436182
C0SB30,新蘭,2026-08-11,22.869214,121.223228,0.7803355
C2R970,屏科大,2026-08-11,22.648275,120.619247,0.48526648
C1Z130,銅門,2026-08-11,23.965694,121.492842,0.9983812
C0AD40,土城,2026-08-11,24.973208,121.445169,0.99902815
CAN140,六官養殖協會,2026-08-11,23.22881,120.29962,0.1878885
C0X180,山上,2026-08-11,23.0757,120.363253,0.17122732
C0F9Z0,雪山東峰,2026-08-11,24.388792,121.268675,0.06809817
C1M480,獨立山,2026-08-11,23.537022,120.607797,0.8797112
C0X220,學甲,2026-08-11,23.230367,120.182187,0.17412212
467650,日月潭,2026-08-11,23.881325,120.90805,0.968492
A2K570,古坑(花卉中心),2026-08-11,23.633531,120.552392,0.9889435
C0K600,箔子寮,2026-08-11,23.6197,120.14,0.2597312
C0G830,埤頭,2026-08-11,23.866003,120.452806,0.92152685
C0S950,七塊厝,2026-08-11,22.954453,121.229922,0.96948415
C0SE00,樟原南溪,2026-08-11,23.4023,121.42318,0.9891121
467110,金門,2026-08-11,24.407306,118.289281,0.36439598
C0AH80,深坑,2026-08-11,25.002703,121.628328,0.9995386
C0A970,三貂角,2026-08-11,25.007606,122.002058,0.9994018
C2D730,寶山農場,2026-08-11,24.732444,120.976153,0.99864215
C0K430,褒忠,2026-08-11,23.690938,120.303634,0.13317645
467480,嘉義,2026-08-11,23.495925,120.432906,0.9767605
C0V400,阿公店,2026-08-11,22.804194,120.355528,0.16997959
C2S800,華源,2026-08-11,22.65783,121.0232,0.9899872
C0V960,西阿里關山,2026-08-11,23.183025,120.64143,0.7717965
C2SA40,瑞和,2026-08-11,22.974361,121.156697,0.87866074
C0E960,觀霧分站,2026-08-11,24.505781,121.113921,0.9618227
467550,玉山,2026-08-11,23.48718,120.95943,0.0034050017
C0R440,大漢山,2026-08-11,22.405264,120.753181,0.86456406
C0SD30,東清國小,2026-08-11,22.057128,121.564922,0.17816903
C1F9B1,桐林,2026-08-11,24.066172,120.735194,0.99777436
C2I210,蘆竹湳,2026-08-11,23.93398,120.81209,0.88135797
C2H9U0,鳳鵬,2026-08-11,23.763919,120.788061,0.9881195
C0K390,土庫,2026-08-11,23.679029,120.395574,0.9279022
C1I450,望鄉山,2026-08-11,23.594153,120.944286,0.018152254
C0E910,海埔,2026-08-11,24.648767,120.772435,0.99897397
B2E890,畜試北區分所,2026-08-11,24.527806,120.770972,0.99888635
C0R750,四林格山,2026-08-11,22.076989,120.802439,0.9766544
C0F0C0,中坑,2026-08-11,24.248517,120.903319,0.98094916
C1I121,大鞍,2026-08-11,23.678381,120.760017,0.72492677
C2G9E0,移民庄,2026-08-11,23.9784,120.40283,0.98344886
72U480,花改蘭陽分場,2026-08-11,24.686306,121.716583,0.99775964
C0A770,科教館,2026-08-11,25.096356,121.516507,0.9990818
C0AJ60,六塊厝,2026-08-11,25.24,121.4481,0.99959844
C0R620,墾雷,2026-08-11,21.900836,120.855269,0.11731009
467290,古坑,2026-08-11,23.633536,120.551906,0.9889435
467420,永康,2026-08-11,23.038386,120.2367,0.19204122
C2M530,奮起湖,2026-08-11,23.493903,120.699253,0.8391285
C0V930,天池,2026-08-11,23.27778,120.91569,0.16842785
C0I410,名間,2026-08-11,23.837053,120.701447,0.99780643
A2C560,農工中心,2026-08-11,24.985917,121.239833,0.9982976
C0V740,旗山,2026-08-11,22.888614,120.483597,0.48381218
C0Z061,玉里,2026-08-11,23.3215,121.339656,0.10593544
C0S840,南田,2026-08-11,22.279725,120.889208,0.99061716
C1I470,杉林溪,2026-08-11,23.639517,120.786444,0.68396807
C1X040,東原,2026-08-11,23.291597,120.463822,0.23289965
C0R660,枋寮,2026-08-11,22.367722,120.590647,0.20115484
C0K450,大埤,2026-08-11,23.646074,120.431537,0.98568857
C0UA00,土場,2026-08-11,24.576533,121.495333,0.9877058
467080,宜蘭,2026-08-11,24.763975,121.756528,0.9979694
C0N030,四草,2026-08-11,23.0235,120.1116,0.26674822
467410,臺南,2026-08-11,22.99328,120.20492,0.16139378
C0V650,彌陀,2026-08-11,22.783806,120.246361,0.265221
C0D660,新竹市東區,2026-08-11,24.798681,120.986942,0.9986761
82S580,茶改東部分場,2026-08-11,22.907694,121.130139,0.9380556
C0SB40,興隆,2026-08-11,22.913661,121.257469,0.14574312
467050,新屋,2026-08-11,25.006725,121.047492,0.9990524
C0C710,大溪永福,2026-08-11,24.892936,121.324975,0.998407
C0FA20,溫寮,2026-08-11,24.372177,120.583125,0.99875027
C0V640,湖內,2026-08-11,22.887139,120.2445,0.2744651
C0R910,下寮,2026-08-11,22.3929,120.5548,0.29685548
C0Z020,明里,2026-08-11,23.208717,121.262342,0.3342095
C0M770,嘉義梅山,2026-08-11,23.585398,120.555587,0.9844063
C0C660,楊梅,2026-08-11,24.912375,121.143047,0.99853694
C0SD40,牛頭山,2026-08-11,22.676661,121.506944,0.15200904
C1E511,新開,2026-08-11,24.347703,120.827019,0.9967914
G2F820,農試所(霧峰),2026-08-11,24.031261,120.688133,0.9980789
C2M990,大巃頂,2026-08-11,23.5547,120.61439,0.91175336
C1I070,和社,2026-08-11,23.591131,120.888861,0.9506783
C2E990,新坪頂,2026-08-11,24.30201,120.8574,0.9288893
C0TA80,立霧山,2026-08-11,24.183258,121.641899,0.7385775
C2F000,大肚,2026-08-11,24.15295,120.572117,0.9835982
C1S850,豐南,2026-08-11,23.122139,121.262389,0.95761645
C2M9B0,西興,2026-08-11,23.2428,120.57617,0.741471
C2A920,富貴角,2026-08-11,25.263783,121.565258,0.9992176
C0T960,光復,2026-08-11,23.660694,121.424964,0.9272969
C0F9M0,豐原,2026-08-11,24.254322,120.720692,0.99691457
C0R720,旭海,2026-08-11,22.205403,120.887614,0.991568
C0V710,苓雅,2026-08-11,22.622742,120.330669,0.23056924
C0C740,觀音工業區,2026-08-11,25.064764,121.114856,0.9991067
CAC040,拉拉山,2026-08-11,24.699317,121.427133,0.97281194
C0V790,萬山,2026-08-11,22.905944,120.688056,0.81221855
U2HA30,臺大和社,2026-08-11,23.590856,120.888864,0.9506783
C2H9K0,屯原,2026-08-11,24.067969,121.209389,0.715692
C0AJ90,澳底,2026-08-11,25.0552,121.9253,0.9997076
C0Z100,東華,2026-08-11,23.89525,121.549833,0.34319466
C0G970,三豐,2026-08-11,23.882,120.2895,0.26744065
C0V900,汕尾,2026-08-11,22.4782,120.4151,0.19182262
C1R630,龍泉,2026-08-11,22.66701,120.59091,0.51024884
C1AC50,關渡,2026-08-11,25.133486,121.469331,0.99910796
C0C800,四稜,2026-08-11,24.64733,121.4293,0.9914132
C0F9I0,神岡,2026-08-11,24.272481,120.658314,0.9976585
C0K460,斗南,2026-08-11,23.678734,120.478359,0.9857322
C2O810,曾文,2026-08-11,23.219681,120.497328,0.5783399
467280,後龍,2026-08-11,24.648563,120.831834,0.9989842
C1F9J1,清水林,2026-08-11,24.071242,120.820419,0.8278913
C2A650,火燒寮,2026-08-11,25.002719,121.742892,0.9989821
466930,竹子湖,2026-08-11,25.162078,121.544547,0.99375254
C1I220,樟湖,2026-08-11,23.905333,120.846983,0.94926614
C0I390,仁愛,2026-08-11,24.022122,121.132206,0.9453666
C0Z300,東里,2026-08-11,23.26853,121.30547,0.11338248
C1V590,新發,2026-08-11,23.057019,120.646064,0.89038044
C0K510,水林,2026-08-11,23.572924,120.24597,0.1364443
72S590,東改賓朗果園,2026-08-11,22.813889,121.071278,0.99264354
82A750,茶改北部分場,2026-08-11,24.955778,121.631222,0.99824417
C1A750,石碇服務區,2026-08-11,25.00872,121.646242,0.9993978
C0X300,鹿寮,2026-08-11,23.386047,120.477331,0.92887956
C0K590,雲林東勢,2026-08-11,23.674192,120.255721,0.14799719
C2K310,港尾布雞,2026-08-11,23.74834,120.38439,0.7919125
C0A570,桶後,2026-08-11,24.848222,121.597992,0.9978131
C0G720,溪州,2026-08-11,23.851589,120.499093,0.92043084
C1V160,達卡努瓦,2026-08-11,23.279811,120.705319,0.6889687
C2M410,馬頭山,2026-08-11,23.324361,120.582017,0.21949208
C0V850,蚵仔寮,2026-08-11,22.7256,120.2527,0.2604512
C0S740,池上,2026-08-11,23.119628,121.209469,0.89966005
C1V390,尖山,2026-08-11,22.813153,120.367789,0.16687073
C0AH70,松山,2026-08-11,25.04871,121.55042,0.9990645
C0N010,鯤鯓國小,2026-08-11,23.1879,120.0889,0.20148857
C0SA60,知本（水試所）,2026-08-11,22.702394,121.082761,0.97507983
C0T9I0,豐濱,2026-08-11,23.583897,121.514806,0.2617191
C0V950,五指寮林道3.5K,2026-08-11,23.136775,120.64028,0.9945506
C0UB00,淡江大學蘭陽校園,2026-08-11,24.823239,121.730383,0.9819326
C0W240,九宮,2026-08-11,24.423753,118.240186,0.4088988
C0T9N0,富里,2026-08-11,23.171639,121.249378,0.4174939
U2HA50,臺大竹山,2026-08-11,23.756972,120.681556,0.99812436
C0V840,鳳鼻頭,2026-08-11,22.5083,120.3591,0.19355604
C0X140,西港,2026-08-11,23.125608,120.203108,0.13426203
72D080,桃改五峰分場,2026-08-11,24.612194,121.157167,0.97073203
C2H9P0,伊拿谷,2026-08-11,23.963211,121.088264,0.8818573
C2K250,崙背,2026-08-11,23.75553,120.31893,0.13271385
C2H9F0,柑林,2026-08-11,24.018658,120.847072,0.9925642
C0TA20,加灣,2026-08-11,24.082025,121.608944,0.99756974
C0V530,阿蓮,2026-08-11,22.883208,120.327508,0.24092366
C0FB30,八仙山苗圃,2026-08-11,24.192719,121.001366,0.9806092
C0E791,卓蘭,2026-08-11,24.3126,120.8244,0.9959734
C2R260,春日,2026-08-11,22.370361,120.628306,0.16780603
C1I030,武界,2026-08-11,23.913225,121.052483,0.94324833
C0R520,崁頂,2026-08-11,22.514781,120.506914,0.26319525
C0R341,牡丹,2026-08-11,22.130036,120.792639,0.92614925
C0R930,萬丹,2026-08-11,22.5885,120.4851,0.21761054
C0S760,紅石,2026-08-11,23.069131,121.126219,0.92221636
C2C410,中央大學,2026-08-11,24.967652,121.185165,0.99824095
C1M610,石磐龍,2026-08-11,23.496606,120.663506,0.86257595
C2C830,中德,2026-08-11,24.981862,121.291344,0.99928504
C0C790,東眼山,2026-08-11,24.8284,121.40888,0.9950735
C0UA10,鴛鴦湖,2026-08-11,24.590269,121.412228,0.9523225
C0R800,丹路,2026-08-11,22.204481,120.750989,0.25213102
C2R240,萬巒,2026-08-11,22.527306,120.625111,0.20626616
C0G920,永靖,2026-08-11,23.924703,120.547533,0.9620576
C2M950,太和,2026-08-11,23.538372,120.702961,0.84090346
C1A630,下盆,2026-08-11,24.771003,121.538622,0.98957753
B2N890,畜產試驗所,2026-08-11,23.058972,120.336406,0.1652096
C0UA30,白嶺,2026-08-11,24.527819,121.519031,0.96142197
467571,新竹,2026-08-11,24.828575,121.01455,0.99878865
C1V580,溪南(特生中心),2026-08-11,23.084972,120.788475,0.3054289
C1T970,大農,2026-08-11,23.615233,121.413331,0.88131195
C0R650,竹田,2026-08-11,22.58486,120.54344,0.3483771
C1H900,清流,2026-08-11,24.080775,120.962997,0.9438631
C1C510,水尾,2026-08-11,24.940081,121.087161,0.9987288
C2N170,茅港尾,2026-08-11,23.2061,120.2624,0.1878885
C0F9X0,大雅(中科園區),2026-08-11,24.21528,120.62445,0.9971956
C0SB60,白守蓮,2026-08-11,23.126769,121.401914,0.09515205
C0O970,虎頭埤,2026-08-11,23.021375,120.347878,0.19460455
C0C730,中大臨海站,2026-08-11,24.966126,121.008581,0.99903095
C0X250,新營,2026-08-11,23.310689,120.316681,0.16657487
C0V700,三民,2026-08-11,22.645017,120.311233,0.25582743
C0U870,大礁溪,2026-08-11,24.791042,121.675047,0.95254815
C0E870,高鐵苗栗,2026-08-11,24.60725,120.826094,0.9989738
C2S890,關山,2026-08-11,23.0395,121.175017,0.82184315
C0TA30,鹽寮,2026-08-11,23.845606,121.592664,0.3114462
C0M860,新美,2026-08-11,23.338017,120.683169,0.9926237
C1E701,八卦,2026-08-11,24.491756,120.927619,0.95814997
C2TA90,加納納,2026-08-11,23.466421,121.359867,0.7370142
C0I420,國姓,2026-08-11,24.037803,120.855072,0.99009675
C2D720,關西工作站,2026-08-11,24.757275,121.184792,0.9951663
C2AK30,信賢,2026-08-11,24.84108,121.53492,0.99783415
C0S960,香蘭,2026-08-11,22.587569,120.993375,0.9845526
467620,蘭嶼,2026-08-11,22.0369,121.55843,0.44359523
C2UC40,中城,2026-08-11,24.62865,121.74745,0.9982267
72G600,臺中農改場,2026-08-11,24.003028,120.534389,0.9349161
C0V940,美瓏山,2026-08-11,23.1197,120.74731,0.69948024
C0Z210,瑞穗,2026-08-11,23.5239,121.39021,0.42115435
C0M820,達邦,2026-08-11,23.453994,120.749517,0.86196244
C0V860,南寮,2026-08-11,22.7616,120.2339,0.2604512
C0G740,大城,2026-08-11,23.852487,120.320935,0.26711363
C0R920,塭仔,2026-08-11,22.4169,120.5197,0.3009087
C0R470,高樹,2026-08-11,22.826389,120.600806,0.4079379
C0R680,佳樂水,2026-08-11,21.993578,120.861633,0.12321663
C1O870,大棟山,2026-08-11,23.31157,120.52226,0.7761998
C0D360,梅花,2026-08-11,24.678347,121.208558,0.99237853
C0Z190,富世,2026-08-11,24.14743,121.6297,0.9956925
C0AI10,屈尺,2026-08-11,24.92184,121.54475,0.99890673
B2U990,畜試東區分所,2026-08-11,24.669039,121.832561,0.9983292
C0SB80,長濱漁港,2026-08-11,23.313644,121.459994,0.20954332
C0TA50,和仁,2026-08-11,24.241394,121.712472,0.9962233
C2AK40,漁光,2026-08-11,24.96875,121.72132,0.99018055
C0V910,大樹,2026-08-11,22.684645,120.432803,0.24622281
C1R610,西大武山,2026-08-11,22.617719,120.7322,0.84033436
C0K500,元長,2026-08-11,23.642858,120.31966,0.14799719
C0G900,線西,2026-08-11,24.143358,120.443536,0.98822796
C0M700,竹崎,2026-08-11,23.526178,120.555508,0.9869439
C2E880,三義,2026-08-11,24.405478,120.749819,0.9902078
C0C720,竹圍,2026-08-11,25.112692,121.239824,0.9988967
C0F9P0,清水,2026-08-11,24.312297,120.562242,0.99864835
C0Z150,吉安光華,2026-08-11,23.930925,121.595153,0.41921654
C0FA80,小雪山天池,2026-08-11,24.28025,121.02627,0.14299487
467300,東吉島,2026-08-11,23.25727,119.66762,0.52332187
C1D640,外坪(五指山),2026-08-11,24.644447,121.090961,0.95682895
C2R9A0,高士國小,2026-08-11,22.12553,120.84653,0.9277028
C0F9O0,潭子,2026-08-11,24.213106,120.703933,0.9974278
C2H9R0,卓社,2026-08-11,23.887894,121.000086,0.9497731
72T250,花蓮農改場,2026-08-11,23.975222,121.563889,0.44210026
C0E780,銅鑼,2026-08-11,24.489681,120.790853,0.99896306
C1T950,太安,2026-08-11,23.666719,121.370128,0.9973651
C0E830,苑裡,2026-08-11,24.439714,120.653053,0.9989737
467270,田中,2026-08-11,23.873803,120.581286,0.960176
C0SA10,檳榔四格山,2026-08-11,22.810031,121.109308,0.9930877
C1T830,布洛灣,2026-08-11,24.17184,121.57127,0.997319
C0F970,大坑,2026-08-11,24.173142,120.722289,0.9976333
C1U920,思源,2026-08-11,24.393125,121.347214,0.9577613
C2H9Y0,松茗,2026-08-11,23.8167,120.650765,0.9771759
C0A931,三和,2026-08-11,25.233153,121.595236,0.9992858
C0I010,廬山,2026-08-11,24.033311,121.181808,0.778779
C2M940,日野賀,2026-08-11,23.434056,120.727169,0.744045
C0R860,鼻頭,2026-08-11,22.1043,120.8979,0.5472959
C2I260,北坑,2026-08-11,23.92463,121.00683,0.95327926
C0V970,花菓,2026-08-11,23.034775,120.68415,0.8653412
C0UB20,壯圍,2026-08-11,24.7359,121.8163,0.99817044
C0R790,九棚,2026-08-11,22.14195,120.889281,0.93120366
C0W110,東莒,2026-08-11,25.9652,119.98069,0.69329685
C1U930,粉鳥林,2026-08-11,24.497088,121.842479,0.99846494
C0S830,長濱,2026-08-11,23.286817,121.411975,0.7941107
C1F9F1,伯公龍,2026-08-11,24.272392,120.849047,0.9622081
C0UB90,太平山莊,2026-08-11,24.494171,121.536209,0.72966814
C0E810,西湖,2026-08-11,24.562947,120.7485,0.9992737
C1I440,新高口,2026-08-11,23.478744,120.878939,0.057484325
C0O840,王爺宮,2026-08-11,23.222064,120.40085,0.67214257
C0T9G0,鳳林山,2026-08-11,23.735269,121.420131,0.99592656
C0X080,佳里,2026-08-11,23.173039,120.145086,0.20486002
C0FB70,大甲溪埔,2026-08-11,24.370625,120.620067,0.9987856
C0Z310,清水斷崖,2026-08-11,24.218294,121.689142,0.99443376
C0M680,太保,2026-08-11,23.455062,120.331455,0.19692047
C1S820,金峰,2026-08-11,22.590969,120.933236,0.9934819
C0AD10,八里,2026-08-11,25.150211,121.403947,0.9993646
C2K240,草嶺,2026-08-11,23.59555,120.693461,0.87535733
C1SA70,都蘭,2026-08-11,22.87794,121.226881,0.80148464
C0K440,二崙,2026-08-11,23.772797,120.408944,0.8600019
C1A760,坪林交控,2026-08-11,24.94284,121.713442,0.99922717
C0F9N0,大里,2026-08-11,24.092464,120.701378,0.9979147
C0SA90,達仁林場,2026-08-11,22.264347,120.823972,0.98669946
C1R290,石門山,2026-08-11,22.112611,120.756597,0.9669213
42HA10,萬大發電廠,2026-08-11,23.978875,121.139639,0.94578004
C0R890,山海,2026-08-11,21.9878,120.7091,0.04779391
C0T9A0,月眉山,2026-08-11,23.809928,121.539828,0.9916089
C0AC70,信義,2026-08-11,25.037822,121.564597,0.9992091
C0K560,棋山,2026-08-11,23.68645,120.603417,0.9844222
C2FB50,出雲,2026-08-11,24.206469,120.902794,0.98286736
C1Z240,中平林道,2026-08-11,23.42115,121.26763,0.96972454
U2H480,溪頭,2026-08-11,23.670306,120.798194,0.95633006
C0M880,好美里,2026-08-11,23.3364,120.138,0.15107538
C0T9E0,大坑,2026-08-11,23.880628,121.581981,0.99842757
C0K530,臺西,2026-08-11,23.701547,120.197559,0.24329522
C1E900,國一N128K,2026-08-11,24.560997,120.844186,0.99897224
C0AJ50,水湳洞,2026-08-11,25.123695,121.862238,0.99970144
C0AI20,白沙灣,2026-08-11,25.283128,121.519058,0.99968326
C2V310,美濃,2026-08-11,22.898792,120.51907,0.4816591
C0A860,大坪,2026-08-11,25.165914,121.632969,0.99870044
C1U850,觀音海岸,2026-08-11,24.38319,121.77856,0.9935107
C2K610,草嶺石壁,2026-08-11,23.602469,120.707731,0.87380767
C0U950,鶯子嶺,2026-08-11,24.89754,121.79244,0.9695524
C0O900,善化,2026-08-11,23.112883,120.297219,0.1650342
C0K550,蔦松,2026-08-11,23.514319,120.229736,0.20749828
E2P980,林試六龜中心,2026-08-11,22.991703,120.645722,0.7013982
C0E590,通霄,2026-08-11,24.471892,120.704622,0.99909675
C1I310,西巒,2026-08-11,23.754486,120.883956,0.91724813
C0A550,泰平,2026-08-11,24.971197,121.823711,0.99857134
C2UC30,金洋,2026-08-11,24.42465,121.74573,0.9980665
C0I360,水里,2026-08-11,23.812553,120.849792,0.996095
C0R830,高士,2026-08-11,22.121825,120.836781,0.97478575
C1I101,溪頭,2026-08-11,23.661789,120.807647,0.57705367
C0AJ20,野柳,2026-08-11,25.20703,121.690021,0.99970466
C0B060,暖暖,2026-08-11,25.0957,121.7403,0.99941045
C1H920,長豐,2026-08-11,24.102039,120.879897,0.95114267
C2S9B0,利吉,2026-08-11,22.86246,121.15486,0.93316823
C0V360,內門,2026-08-11,22.975481,120.466769,0.2795926
C0R850,林邊,2026-08-11,22.4634,120.5339,0.2263772
C0E930,龍鳳,2026-08-11,24.700034,120.859125,0.99932206
C0U910,冬山,2026-08-11,24.63373,121.7937,0.9983292
C1E721,泰安,2026-08-11,24.489017,120.968036,0.9671325
82H320,茶改中部分場,2026-08-11,23.875611,120.913583,0.9638713
C0M750,布袋,2026-08-11,23.380878,120.167789,0.22718115
C1S860,利嘉,2026-08-11,22.809417,121.050528,0.99313116
E2S980,林試太麻里1,2026-08-11,22.598922,120.980044,0.9908263
C0X170,關廟,2026-08-11,22.963017,120.327797,0.19001369
C0V720,林園,2026-08-11,22.507747,120.394511,0.17237747
C2M9G0,沄水,2026-08-11,23.38293,120.52666,0.34882668
C1I510,線浸林道,2026-08-11,23.761508,120.832956,0.91969705
C0D690,外湖,2026-08-11,24.917735,120.968711,0.99922264
C0C750,新興坑尾,2026-08-11,25.0061,121.0971,0.9988606
B2Q810,畜試南區分所,2026-08-11,21.945583,120.802167,0.12321663
C0S790,金崙,2026-08-11,22.538122,120.966875,0.9916141
C0AH90,福山植物園,2026-08-11,24.760717,121.58135,0.9879617
C0I540,奇萊稜線,2026-08-11,24.109231,121.326456,0.011824448
C0M850,表湖,2026-08-11,23.24186,120.64166,0.9709102
C0S770,大溪山,2026-08-11,22.478475,120.943325,0.99465203
C0AG80,中和,2026-08-11,24.991622,121.491792,0.99902815
C0T790,大禹嶺,2026-08-11,24.186117,121.316086,0.107427396
C0T9B0,水源,2026-08-11,23.991861,121.537169,0.99620205
C0R840,牡丹池山,2026-08-11,22.168389,120.841225,0.98877615
C1I131,桶頭,2026-08-11,23.641944,120.654117,0.99556315
CAL110,布袋國中,2026-08-11,23.35893,120.18026,0.15107538
C2M9D0,何竹子腳,2026-08-11,23.53641,120.38203,0.97768044
C0Z290,赤柯山,2026-08-11,23.36893,121.38293,0.9849601
C0X280,將軍,2026-08-11,23.214999,120.13577,0.17412212
C0S690,太麻里,2026-08-11,22.60902,120.98533,0.99483985
C0U880,北關,2026-08-11,24.9072,121.8734,0.99953246
CAW010,東引,2026-08-11,26.3588,120.4836,0.9354652
C0G810,埔心,2026-08-11,23.947633,120.525456,0.96197754
C0U970,大福,2026-08-11,24.80064,121.81389,0.9979928
C2H9N0,仁愛東眼,2026-08-11,24.026875,121.1205,0.92607296
C1E670,南礦,2026-08-11,24.538278,121.002836,0.9682859
C0M520,東後寮,2026-08-11,23.369908,120.248065,0.100578405
C1E461,松安,2026-08-11,24.397972,120.986022,0.96280223
C2N160,西拉雅風管處,2026-08-11,23.189481,120.335297,0.18347296
C2O850,環湖,2026-08-11,23.148665,120.4186,0.43704882
C2M970,碧湖,2026-08-11,23.568632,120.624165,0.91279864
C0A640,石碇,2026-08-11,24.993969,121.662917,0.99922717
E2S960,林試太麻里2,2026-08-11,22.598,120.99775,0.98400474
C0F9Y0,桃山,2026-08-11,24.432739,121.303808,0.05595881
C1I020,萬大,2026-08-11,23.979817,121.132261,0.9451298
C2UC20,長嶺,2026-08-11,24.70894,121.61162,0.9889696
C0U940,羅東,2026-08-11,24.68184,121.74934,0.9977877
C0M650,朴子,2026-08-11,23.43463,120.23902,0.12833755
C1I500,大尖山,2026-08-11,23.858572,120.994889,0.4710584
C0FB40,中橫21.6k,2026-08-11,24.2499,121.1455,0.9631485
C0G820,田尾,2026-08-11,23.901669,120.509389,0.96197754
E2K600,四湖植物園,2026-08-11,23.676986,120.163433,0.25860587
C0S730,綠島,2026-08-11,22.6672,121.47533,0.2077954
12Q970,東港工作站,2026-08-11,22.479997,120.466058,0.2302925
C1TA00,太魯閣,2026-08-11,24.15773,121.6236,0.99822044
466920,臺北,2026-08-11,25.037658,121.514853,0.9990645
C0R600,舊泰武,2026-08-11,22.588194,120.664944,0.95714915
466910,鞍部,2026-08-11,25.182586,121.529731,0.9606725
C1I230,九份二山,2026-08-11,23.961944,120.845,0.8299296
C2M810,里佳,2026-08-11,23.389125,120.716647,0.57852167
C2A660,瑞芳,2026-08-11,25.113169,121.801147,0.9994416
C0R270,琉球嶼,2026-08-11,22.332244,120.362236,0.23592271
C2V580,瑞山,2026-08-11,22.90304,120.43424,0.27717233
C1T990,高寮,2026-08-11,23.394239,121.356808,0.34734556
C0G620,芬園,2026-08-11,24.015678,120.6213,0.95257264
C1Z140,荖溪,2026-08-11,23.890575,121.45964,0.86187613
C1I201,中心崙,2026-08-11,23.728722,120.712097,0.904019
C1I400,凌霄,2026-08-11,24.018778,121.004456,0.9212538
C1M640,十字,2026-08-11,23.492153,120.753683,0.5354281
G2P820,農試鳳山分所,2026-08-11,22.646611,120.356083,0.22944842
C0Z270,蕃薯寮,2026-08-11,23.73835,121.540108,0.9870085
C2E420,竹南,2026-08-11,24.70898,120.88897,0.9993105
C2D480,打鐵坑,2026-08-11,24.849664,121.150789,0.9941342
C0FB10,出雲山苗圃,2026-08-11,24.23105,120.90475,0.98094916
C0F9Q0,外埔,2026-08-11,24.347817,120.705686,0.99849105
C0K580,高鐵雲林,2026-08-11,23.737456,120.417944,0.7919125
C2I090,鳳凰,2026-08-11,23.728081,120.787347,0.96109486
C0U990,員山,2026-08-11,24.74435,121.72247,0.99781334
C0V770,大社,2026-08-11,22.730306,120.346639,0.17584875
C0X120,麻豆,2026-08-11,23.183289,120.248611,0.1456139
C0C670,龍潭,2026-08-11,24.870056,121.221389,0.9958072
C0D680,香山濕地,2026-08-11,24.783581,120.914988,0.99922264
C0S980,勝林山,2026-08-11,22.430439,120.8938,0.994151
C2H9V0,龍鳳峽,2026-08-11,23.657461,120.767331,0.6322236
C0V730,大寮,2026-08-11,22.605614,120.395717,0.24003889
C0R570,麟洛,2026-08-11,22.65078,120.52719,0.3535876
C2M930,石卓,2026-08-11,23.478744,120.702264,0.5506601
C0G9B0,和美,2026-08-11,24.105169,120.492131,0.9770125
C2I240,外大坪,2026-08-11,23.9587,120.91788,0.92598397
CAG100,王功漁港,2026-08-11,23.96824,120.32586,0.9922051
C0X290,北門,2026-08-11,23.267772,120.125481,0.17412212
C2F930,大甲,2026-08-11,24.347667,120.640403,0.9988912
C0D650,湖口,2026-08-11,24.904794,121.043628,0.9988204
C0U780,五結,2026-08-11,24.68637,121.79794,0.9983292
C1I250,鯉潭,2026-08-11,23.961922,120.991131,0.9388518
C0R130,阿禮,2026-08-11,22.742908,120.743678,0.9786744
C0X100,臺南市北區,2026-08-11,23.010394,120.194228,0.16183059
C0S920,金峰嘉蘭,2026-08-11,22.594789,120.960825,0.98809266
C0V490,新興,2026-08-11,22.627422,120.298803,0.23326406
C0F9K0,大安,2026-08-11,24.345061,120.588025,0.99888
C2E970,八甲,2026-08-11,24.535811,120.795983,0.9991227
C0V440,鳳山,2026-08-11,22.646653,120.356122,0.22944842
C1T940,大觀,2026-08-11,23.714206,121.373133,0.9958845
C0E740,造橋,2026-08-11,24.637056,120.864778,0.9991336
C0R100,尾寮山,2026-08-11,22.833111,120.683889,0.98259264
A2K630,臺大雲林校區,2026-08-11,23.730628,120.423903,0.78827816
467990,馬祖,2026-08-11,26.169467,119.923158,0.6900165
C0D580,寶山,2026-08-11,24.735006,121.025192,0.9968675
E2P990,林試扇平站,2026-08-11,22.9677,120.6857,0.81820554
C0AI30,三重,2026-08-11,25.057328,121.500629,0.9990818
C0AH00,汐止,2026-08-11,25.066881,121.658778,0.9995528
C1Z040,立山,2026-08-11,23.443356,121.327375,0.9863187
466881,新北,2026-08-11,24.959207,121.525196,0.9990094
C0W130,花嶼,2026-08-11,23.40007,119.32276,0.3357317
C0A950,鼻頭角,2026-08-11,25.129036,121.923372,0.99929833
C0K470,林內,2026-08-11,23.748675,120.609642,0.9847891
C2F990,摩天嶺,2026-08-11,24.322458,120.936819,0.981432
C2E430,南庄,2026-08-11,24.601775,121.000214,0.9986192
82C160,茶改場,2026-08-11,24.908472,121.185333,0.9984244
C0H9Z0,鹿林山,2026-08-11,23.468688,120.873288,0.017825542
C2TB60,南安,2026-08-11,23.29818,121.26157,0.14007734
C0Z320,清水林道,2026-08-11,23.27125,121.188272,0.99072105
C0R760,南仁湖,2026-08-11,22.084681,120.863353,0.9673403
C0M670,大林,2026-08-11,23.600616,120.45841,0.9866748
C0M800,茶山,2026-08-11,23.299075,120.664767,0.2809805
C0A9C0,天母,2026-08-11,25.117494,121.537169,0.9991857
72K220,南改斗南分場,2026-08-11,23.634556,120.477333,0.98569334
72AI40,桃改樹林分場,2026-08-11,24.944503,121.386972,0.998616
C0S910,蘭嶼燈塔,2026-08-11,22.081197,121.503117,0.23218289
C0B050,八斗子,2026-08-11,25.144754,121.79167,0.99965674
C0U900,內城,2026-08-11,24.71813,121.68766,0.9978357
C0X320,柳營,2026-08-11,23.253328,120.375253,0.5839453
C0M790,新港,2026-08-11,23.553269,120.345728,0.13858494
C0F9T0,西屯,2026-08-11,24.179494,120.641275,0.9979331
C0E950,松安,2026-08-11,24.39792,120.98599,0.96280223
C0SA30,都歷,2026-08-11,23.020333,121.323642,0.16425358
C0C620,蘆竹,2026-08-11,25.084275,121.265767,0.99859554
C0R730,大坪頂,2026-08-11,22.024633,120.69355,0.3501724
C0AJ40,石門,2026-08-11,25.273672,121.601198,0.99933827
C0E750,苗栗,2026-08-11,24.564569,120.824575,0.99895614
C0T870,鯉魚潭,2026-08-11,23.935639,121.508944,0.6316674
C1V170,排雲,2026-08-11,23.463619,120.954147,0.0047857715
C2H950,中寮,2026-08-11,23.884447,120.766406,0.9943518
C0R350,貓鼻頭,2026-08-11,21.921774,120.7358,0.0464127
C0V660,岡山,2026-08-11,22.797078,120.294958,0.26470396
C1H941,雙冬,2026-08-11,23.967378,120.802189,0.9044068
C0AJ70,田寮,2026-08-11,25.2698,121.4886,0.9996911
C0AI00,五股,2026-08-11,25.07445,121.42728,0.99757403
C0Z280,德武,2026-08-11,23.47426,121.41071,0.64806116
C2RA10,大新,2026-08-11,22.67558,120.57788,0.51024884
C0C460,復興,2026-08-11,24.820208,121.352281,0.9939433
C2AA10,中八仙,2026-08-11,25.11576,121.49199,0.99926794
C0M9H0,水社寮,2026-08-11,23.50418,120.66035,0.86486137
E2H360,蓮華池,2026-08-11,23.918333,120.885278,0.9347534
C0M640,中埔,2026-08-11,23.42538,120.5229,0.9602321
C2C810,八德蔬果,2026-08-11,24.97858,121.28187,0.99928504
C2M9F0,安溪寮,2026-08-11,23.350334,120.208039,0.15107538
C0W140,金沙,2026-08-11,24.488292,118.408778,0.35426724
C2A540,四堵,2026-08-11,24.8926,121.745736,0.9986409
C0ACA0,新莊,2026-08-11,25.051478,121.446756,0.99878967
C0R220,潮州,2026-08-11,22.534361,120.54,0.25485313
U2HA40,臺大內茅埔,2026-08-11,23.689722,120.851117,0.98545223
467490,臺中,2026-08-11,24.145736,120.684075,0.99786294
C0UB60,明池,2026-08-11,24.650688,121.475277,0.9922753
C0U960,翠峰湖,2026-08-11,24.510856,121.608044,0.80352795
E2HA20,林試畢祿溪站,2026-08-11,24.226944,121.308522,0.8443086
C2M9A0,大華,2026-08-11,23.4824,120.67491,0.7903912
C0V890,前鎮,2026-08-11,22.5718,120.3117,0.20026366
C1F941,雪嶺,2026-08-11,24.280586,121.026642,0.14299487
C2H9E0,國姓南港,2026-08-11,23.911108,120.846556,0.9485511
C0AC80,文山,2026-08-11,25.00235,121.575728,0.9992171
C0F9R0,龍井,2026-08-11,24.184536,120.528972,0.9924947
C0M760,民雄,2026-08-11,23.551754,120.428457,0.9866748
C0UA40,西德山,2026-08-11,24.560647,121.752608,0.885627
C2TA70,赤科坪,2026-08-11,23.39885,121.39168,0.9824535
C1T920,中興,2026-08-11,23.769503,121.498653,0.5742409
C0D550,雪霸,2026-08-11,24.526972,121.11605,0.92867136
C0SD90,龍泉苗圃,2026-08-11,23.16664,121.18011,0.98855096
C2F860,梨山,2026-08-11,24.247522,121.243669,0.70641387
C0R320,車城,2026-08-11,22.0744,120.716247,0.046282314
C1S870,南美山,2026-08-11,23.15025,121.382333,0.6233286
C0B020,基隆嶼,2026-08-11,25.19141,121.78391,0.9996083
C1U501,牛鬥,2026-08-11,24.637836,121.573656,0.99479806
C0M730,嘉義市東區,2026-08-11,23.457673,120.460531,0.9629688
C2R990,泰武,2026-08-11,22.60686,120.69765,0.99138665
C0S700,知本,2026-08-11,22.684866,121.005642,0.9949242
C1N001,沙崙,2026-08-11,22.935472,120.309406,0.19026667
C0V760,橋頭,2026-08-11,22.757806,120.30575,0.17659327
C2V570,吉東,2026-08-11,22.85418,120.54539,0.42698598
C0G960,福寶,2026-08-11,24.0443,120.3814,0.9728029
C0X210,白河,2026-08-11,23.347466,120.414427,0.513581
C0S810,東河,2026-08-11,22.972672,121.303986,0.20347928
C2R170,屏東,2026-08-11,22.66027,120.49403,0.35358775
C0R670,楓港,2026-08-11,22.190131,120.692156,0.08852733
C0FA50,霧峰,2026-08-11,24.0419,120.6995,0.9978734
C0UB10,蘇澳,2026-08-11,24.5969,121.8571,0.998609
C0G950,防潮門,2026-08-11,24.1835,120.4871,0.98822796
C0M740,六腳,2026-08-11,23.492871,120.290625,0.10633333
C1R250,力里,2026-08-11,22.428117,120.629228,0.23237327
C0K330,虎尾,2026-08-11,23.719183,120.442036,0.7846727
C2FA00,烏石坑,2026-08-11,24.273503,120.947617,0.9813069
C0V620,永安,2026-08-11,22.82315,120.236856,0.265221
C1I330,楓樹林,2026-08-11,23.986803,121.076117,0.9532173
C0W200,湖西,2026-08-11,23.596314,119.67275,0.52558094
72Q010,高雄農改場,2026-08-11,22.709333,120.525889,0.4137756
C2K301,鹿南,2026-08-11,23.643341,120.3683,0.18914354
C0C680,龜山,2026-08-11,25.02846,121.38656,0.99572176
C2V260,月眉,2026-08-11,22.971003,120.539853,0.6465433
C0V450,鳳森,2026-08-11,22.545064,120.392592,0.15728043
C0FA90,小雪山林道,2026-08-11,24.29515,121.03651,0.06509222
C0U720,南山,2026-08-11,24.43742,121.38167,0.9758571
A2N290,臺南蘭花園區,2026-08-11,23.340258,120.379661,0.6772831
C0R560,新園,2026-08-11,22.5434,120.461558,0.17237747
C0U890,三星,2026-08-11,24.66812,121.65302,0.99739164
C1V300,御油山,2026-08-11,23.001983,120.715364,0.33569226
C0U600,礁溪,2026-08-11,24.817539,121.765608,0.99794745
C1T980,龍澗,2026-08-11,24.023289,121.411328,0.9010235
C0R700,枋山,2026-08-11,22.247814,120.660794,0.082135625
C0D670,海天一線,2026-08-11,24.831986,120.914438,0.999181
C0SA00,歷坵,2026-08-11,22.520969,120.89185,0.99685377
C0M710,東石,2026-08-11,23.458927,120.15385,0.22736971
C0M780,鹿草,2026-08-11,23.41134,120.30835,0.12750253
C0U520,雙連埤,2026-08-11,24.753033,121.641303,0.92824054
C0B010,七堵,2026-08-11,25.094819,121.71713,0.999592
C0R480,長治,2026-08-11,22.693128,120.542622,0.438042
C1V830,國三S383K,2026-08-11,22.781967,120.426475,0.22555421
12Q980,恆春工作站,2026-08-11,22.079678,120.714425,0.046282314
C1O940,東山服務區,2026-08-11,23.286016,120.398472,0.68507624
C1U840,東澳嶺,2026-08-11,24.5378,121.8485,0.9410837
C1D630,飛鳳山,2026-08-11,24.766464,121.119178,0.9613526
C0S940,石寧山,2026-08-11,23.223772,121.406639,0.59356034
C0K410,北港,2026-08-11,23.573957,120.292802,0.1366086
C2M620,瑞里,2026-08-11,23.545133,120.675197,0.8722218
C0SB70,小港漁港,2026-08-11,23.158558,121.400431,0.09886058
C2O950,安南,2026-08-11,23.076694,120.144861,0.27645674
C0F0E0,南湖圈谷,2026-08-11,24.363714,121.444667,0.0033493536
467610,成功,2026-08-11,23.097486,121.373428,0.13222094
C0G890,伸港,2026-08-11,24.148933,120.484403,0.98840535
C2E540,龍溪,2026-08-11,24.606489,120.783933,0.99887866
C1V200,梅山,2026-08-11,23.268447,120.823556,0.83934486
C0T9H0,加路蘭山,2026-08-11,23.682947,121.5274,0.99342984
C2O930,玉井,2026-08-11,23.126042,120.46055,0.43704882
C1F911,新伯公,2026-08-11,24.221361,120.841069,0.97155225
C0X200,左鎮,2026-08-11,23.056758,120.408522,0.26652905
C2TB50,麻汝,2026-08-11,23.42554,121.39358,0.68039435
C0FA60,鞍馬山工作站,2026-08-11,24.267064,121.000793,0.49838743
C0SB50,叭嗡嗡,2026-08-11,23.047062,121.343223,0.113032825
C2R550,新埤,2026-08-11,22.467947,120.582894,0.21390656
C1F891,稍來,2026-08-11,24.265689,121.001142,0.5594266
C2M9C0,紫雲,2026-08-11,23.494914,120.540253,0.985415
72N240,七股研究中心,2026-08-11,23.081672,120.062894,0.26674822
C0C700,中壢,2026-08-11,24.977661,121.256375,0.99927473
C0M690,水上,2026-08-11,23.419734,120.388909,0.9557113
C0V690,鼓山,2026-08-11,22.623325,120.275575,0.23326406
C0O860,大內,2026-08-11,23.11885,120.36083,0.19484669
C0Z200,萬榮,2026-08-11,23.709219,121.420106,0.9419438
C0T9D0,和中,2026-08-11,24.26676,121.74103,0.99635816
C2S9A0,北份子寮,2026-08-11,22.78561,121.07813,0.987815
C1O921,楠西,2026-08-11,23.183511,120.484083,0.4522479
C0AJ30,淡水觀海,2026-08-11,25.184591,121.408616,0.99937177
C0V810,左營,2026-08-11,22.67491,120.28491,0.25582743
C0UA70,桃源谷,2026-08-11,24.962606,121.888875,0.9979153
C0X130,官田,2026-08-11,23.193217,120.315422,0.18352814
C1H000,翠峰,2026-08-11,24.109397,121.205211,0.25335345
C0UA90,石城,2026-08-11,24.980444,121.951214,0.99955314
C1E681,南勢山,2026-08-11,24.421669,120.923831,0.9485601
C0A9F0,內湖,2026-08-11,25.079422,121.57545,0.9992091
C0K291,宜梧,2026-08-11,23.536281,120.169329,0.26335132
C1K540,口湖,2026-08-11,23.585344,120.180517,0.25973096
C0R780,滿州,2026-08-11,22.024403,120.839892,0.71044296
C0V870,文安,2026-08-11,22.8025,120.2164,0.26045096
C0U650,玉蘭,2026-08-11,24.675286,121.587061,0.9886187
C0R640,東港,2026-08-11,22.46247,120.44074,0.19355604
C0AJ80,板橋,2026-08-11,25.0107,121.4489,0.99902815
C0S660,下馬,2026-08-11,23.150427,121.070312,0.99010575
C2N190,烏樹,2026-08-11,23.32393,120.36989,0.23841767
C1H9B1,阿眉,2026-08-11,24.1263,120.994672,0.9485607
C0UA20,多加屯,2026-08-11,24.368614,121.373189,0.14298286
C0E730,頭份,2026-08-11,24.688247,120.912206,0.9993131
72V140,高改旗南分場,2026-08-11,22.857861,120.516667,0.27993828
C2R490,九如,2026-08-11,22.74049,120.490555,0.4137756
C0K480,莿桐,2026-08-11,23.761192,120.502372,0.98247707
C0U980,坪林石牌,2026-08-11,24.86478,121.77396,0.9717308
C0T900,西林,2026-08-11,23.8119,121.441458,0.8552401
C1I150,青雲,2026-08-11,23.793361,120.949378,0.99098504
C2E980,和興,2026-08-11,24.505319,120.923016,0.98006314
467350,澎湖,2026-08-11,23.565503,119.563094,0.51670814
C0G800,埔鹽,2026-08-11,24.000394,120.431683,0.97496104
C0H960,草屯,2026-08-11,23.973672,120.68085,0.9967013
C1V780,多納林道,2026-08-11,22.888028,120.737917,0.8021142
C0E920,通霄漁港,2026-08-11,24.498589,120.673876,0.9990108
C0Z330,安通山,2026-08-11,23.290728,121.348528,0.92627996
C0AH10,永和,2026-08-11,25.01125,121.508111,0.9990378
C0AK10,太平里,2026-08-11,25.134937,121.364899,0.997586
C2G640,鹿港,2026-08-11,24.0753,120.430481,0.9766419
C1E890,國三N149K,2026-08-11,24.463414,120.680019,0.9991252
C1M870,國三N285K,2026-08-11,23.550319,120.505833,0.9845639
C1E480,鳳美,2026-08-11,24.554803,121.034747,0.98272824
C0T9M0,靜浦,2026-08-11,23.455167,121.495028,0.28567374
C2H9M0,發祥,2026-08-11,24.154094,121.164517,0.9501733
C2G9C0,埔南,2026-08-11,23.99124,120.46969,0.97496104
C0AI40,石牌,2026-08-11,25.115597,121.513139,0.9992091
C1F871,上谷關,2026-08-11,24.203483,121.018644,0.9813069
C0TC30,虎頭山,2026-08-11,23.52849,121.33992,0.97337514
C2H9G0,百勝,2026-08-11,24.051142,120.909361,0.93995756
C0G880,二水,2026-08-11,23.810742,120.6173,0.9673079
C0R940,加祿堂,2026-08-11,22.3363,120.6217,0.188878
C0W220,北竿,2026-08-11,26.220358,119.974881,0.65250283
C0O960,崎頂,2026-08-11,22.959547,120.369317,0.1835878
C0TA40,秀林,2026-08-11,24.302864,121.731144,0.86528456
C0S750,向陽,2026-08-11,23.248397,120.986133,0.16829985
C0T9F0,水璉,2026-08-11,23.797131,121.542514,0.9536309
C1M600,頭凍,2026-08-11,23.406364,120.603339,0.853405
467660,臺東,2026-08-11,22.752211,121.154586,0.9440021
C1D380,新埔,2026-08-11,24.84745,121.03834,0.9987555
C2G980,田頭村,2026-08-11,23.8263,120.444175,0.8600019
C0R120,上德文,2026-08-11,22.76336,120.70458,0.81767714
C0V750,路竹,2026-08-11,22.854997,120.259439,0.26335734
C0N050,蚵寮,2026-08-11,23.301,120.1104,0.17412212
C2X060,下營,2026-08-11,23.226806,120.256291,0.1878885
72M700,南改鹿草分場,2026-08-11,23.416869,120.283061,0.12809029
C1SA50,利嘉林道,2026-08-11,22.82325,121.009389,0.8741956
C0UB70,太平山中間站,2026-08-11,24.542003,121.513453,0.9410586
C0A940,金山,2026-08-11,25.223628,121.643967,0.99976903
C1V340,大津,2026-08-11,22.888322,120.645986,0.7364797
C0W180,七美,2026-08-11,23.219333,119.444892,0.40087554
C1F9C1,白冷,2026-08-11,24.182844,120.929889,0.95131415
K2E710,苗改生物防治研究中心,2026-08-11,24.422861,120.871833,0.9982201
C0N040,蘆竹溝,2026-08-11,23.2344,120.0961,0.17428821
C0M9J0,交力坪,2026-08-11,23.53168,120.64356,0.9011152
C0TB40,崇德,2026-08-11,24.166144,121.657414,0.99500316
C0D760,大坪苗圃,2026-08-11,24.5362,121.1108,0.9632984
C2D430,峨眉,2026-08-11,24.6905,121.017189,0.9985417
C2W230,畜試所澎湖,2026-08-11,23.628342,119.513206,0.4530616
C0R880,後壁湖,2026-08-11,21.9457,120.7457,0.04779391
C1I280,埔中,2026-08-11,23.820778,120.642594,0.97540855
467790,墾丁雷達站,2026-08-11,21.948235,120.808028,0.12922518
C0W190,望安,2026-08-11,23.380564,119.494075,0.44784367
C0Z170,卓溪,2026-08-11,23.3443,121.3029,0.16461273
C0F850,東勢,2026-08-11,24.246428,120.833047,0.97826093
466900,淡水,2026-08-11,25.164889,121.448906,0.9995353
C0I370,魚池,2026-08-11,23.895703,120.94135,0.9304741
C0C630,大溪,2026-08-11,24.882853,121.265547,0.9989131
C0A520,山佳,2026-08-11,24.974944,121.402008,0.99868655
C0I110,竹山,2026-08-11,23.761225,120.688156,0.9981385
82H840,茶改南部分場,2026-08-11,23.762528,120.7405,0.9849326
C2SD80,再來山,2026-08-11,23.34371,121.44122,0.7386202
C0TC00,磐石,2026-08-11,24.015008,121.395456,0.82551736
C0G660,溪湖,2026-08-11,23.94835,120.479122,0.96172094
C1T800,洛韶,2026-08-11,24.204558,121.453956,0.9210568
C1T810,慈恩,2026-08-11,24.192044,121.388386,0.59764016
C1E451,象鼻,2026-08-11,24.368617,120.940228,0.9485601
C0AC60,三峽,2026-08-11,24.939025,121.369728,0.99894226
C0I490,萬大林道,2026-08-11,23.928228,121.091411,0.880563
C1I290,豐丘,2026-08-11,23.668178,120.887417,0.88505536
C1I320,奧萬大,2026-08-11,23.952956,121.178556,0.91218835
C2M910,嘉義大學,2026-08-11,23.471325,120.485903,0.9561389
C0U770,南澳,2026-08-11,24.44935,121.81022,0.99846494
C0TC10,西林林道12.5K,2026-08-11,23.829641,121.41233,0.9743298
C2TB30,吉安,2026-08-11,23.94538,121.54803,0.49543518
C0A980,社子,2026-08-11,25.109508,121.469681,0.9989296
C0V800,六龜,2026-08-11,22.997889,120.633583,0.6788074
C1G9D0,國一S218K,2026-08-11,23.890641,120.493253,0.96240175
C0E570,白沙屯,2026-08-11,24.549447,120.696803,0.99919623
C2F9A0,中竹林,2026-08-11,24.103556,120.751061,0.9771328
C0FA40,臺中電廠,2026-08-11,24.2146,120.4907,0.99048656
C2G9A0,畜試所彰化,2026-08-11,23.86045,120.557964,0.960176
C0H9C0,合歡山,2026-08-11,24.143442,121.272547,0.015028738
G2M350,農試溪口農場,2026-08-11,23.58565,120.408111,0.9869298
C0U860,頭城,2026-08-11,24.85323,121.8308,0.99823993
C0R580,南州,2026-08-11,22.48591,120.50274,0.2302925
C0G780,秀水,2026-08-11,24.03405,120.503869,0.9349161
72N100,臺南農改場,2026-08-11,23.0605,120.342194,0.16499525
C0S900,蘭嶼高中,2026-08-11,22.04909,121.51214,0.15488124
C2TA60,六十石,2026-08-11,23.22477,121.31861,0.9862351
C1F9W0,德基,2026-08-11,24.254783,121.190261,0.87478703
C2M980,安和,2026-08-11,23.51377,120.31593,0.10633333
C1Z120,壽豐,2026-08-11,23.870853,121.508081,0.34319466
C0W160,烏坵,2026-08-11,24.9944,119.44956,0.7000578
C1I550,國六W023K,2026-08-11,23.979067,120.867742,0.9793063
C0R870,興海,2026-08-11,21.9752,120.8439,0.12321663
C0R140,瑪家,2026-08-11,22.682903,120.686639,0.31768686
C0A530,坪林,2026-08-11,24.938183,121.70975,0.9990286
C0X260,後壁,2026-08-11,23.366358,120.362326,0.15068291
C0Z230,和平,2026-08-11,24.30717,121.77007,0.9973628
C0G770,福興,2026-08-11,24.041289,120.437669,0.97496104
C0H9A0,神木村,2026-08-11,23.532742,120.843667,0.7349749
C0I460,南投,2026-08-11,23.911469,120.687331,0.99670154
C0I480,梅峰,2026-08-11,24.085272,121.173572,0.61013895
C2D770,巨埔,2026-08-11,24.84435,121.11442,0.9982538
C2A560,福山,2026-08-11,24.776203,121.502811,0.99005246
C0AH30,五分山,2026-08-11,25.07125,121.780794,0.9931027
C0FA10,松柏,2026-08-11,24.429115,120.617482,0.9989417
72S200,東改班鳩分場,2026-08-11,22.829528,121.077694,0.9917673
72HA00,中改埔里分場,2026-08-11,23.903208,120.963364,0.9329286
C2H9W0,大坪頂農水,2026-08-11,24.043122,120.932781,0.92261326
C0C650,平鎮,2026-08-11,24.897503,121.214636,0.9980841
C0S930,延平,2026-08-11,22.902581,121.084058,0.9592329
C0UA60,樟樹山,2026-08-11,24.41393,121.78325,0.99664783
C2UC10,出水溪,2026-08-11,24.615822,121.652253,0.99373496
C1S670,摩天,2026-08-11,23.199503,121.027,0.9878954
C2C590,觀音,2026-08-11,25.027072,121.153317,0.9990409
C0V630,茄萣,2026-08-11,22.906642,120.182608,0.27436182
466940,基隆,2026-08-11,25.133314,121.740475,0.99964035
C0X050,東河,2026-08-11,23.296598,120.385608,0.6772831
C0R770,保力,2026-08-11,22.071122,120.764111,0.20349284
G2L020,農試嘉義分所,2026-08-11,23.485028,120.473806,0.95352453
C0X240,關子嶺,2026-08-11,23.331169,120.508025,0.16122682
C0I380,集集,2026-08-11,23.828206,120.801467,0.9964079
466990,花蓮,2026-08-11,23.975128,121.613275,0.99757034
C1V220,小關山,2026-08-11,23.154217,120.813603,0.29318002
C1F9G1,慶福山,2026-08-11,24.180853,120.848378,0.938709
C0FB20,雪山橋,2026-08-11,24.23192,120.9786,0.75477326
C0Z250,瑞穗林道,2026-08-11,23.49284,121.30688,0.9725149
C0D590,新豐,2026-08-11,24.87068,120.97721,0.9988981
C2N200,口宵里,2026-08-11,23.15987,120.45988,0.7302216
C0A870,五指山,2026-08-11,25.132153,121.608692,0.99463713
C0UA50,西帽山,2026-08-11,24.555361,121.802628,0.94504774
C2R980,竹田國中,2026-08-11,22.61532,120.52412,0.34363693
C0X160,仁德,2026-08-11,22.968258,120.257689,0.24482766
C1H971,六分寮,2026-08-11,23.92507,120.6378,0.97726274
C2D790,石鹿,2026-08-11,24.56551,121.15841,0.9956373
C0W120,西嶼,2026-08-11,23.5626,119.468436,0.44466373
C0G650,員林,2026-08-11,23.946503,120.585597,0.9704717
C0AD50,鶯歌,2026-08-11,24.951533,121.346294,0.99891645
C2H9Q0,北東眼山,2026-08-11,24.120939,121.189303,0.6255841
C2H9T0,名間竹圍,2026-08-11,23.859914,120.637572,0.99714285
C0S990,山豬窟,2026-08-11,22.318619,120.857372,0.98018014
C0X190,安平,2026-08-11,22.993161,120.152181,0.15905406
C0K400,斗六,2026-08-11,23.720583,120.541127,0.9824665
12J990,口湖工作站,2026-08-11,23.589978,120.180394,0.25973096
C0O830,北寮,2026-08-11,23.079561,120.495008,0.27725074
C1D410,白蘭,2026-08-11,24.579364,121.079947,0.9682554
C0S970,加津林,2026-08-11,22.416211,120.926942,0.9435707
C0D700,關西,2026-08-11,24.7977,121.1732,0.9954941
C0U750,龜山島,2026-08-11,24.841667,121.953133,0.99837357
C0R810,內獅,2026-08-11,22.305064,120.642986,0.082135625
C2EA10,拉庫斯,2026-08-11,24.53637,121.02137,0.9670445
C1M390,龍美,2026-08-11,23.406728,120.654417,0.7522741
C2K290,崙內,2026-08-11,23.69525,120.35601,0.18914354
C0TC20,光復林道16K,2026-08-11,23.66701,121.36949,0.9969571
C0HA10,奧萬大,2026-08-11,23.95294,121.17847,0.91218835
C2FB60,頭櫃山,2026-08-11,24.129842,120.858925,0.9395499
C1H840,國三N238K,2026-08-11,23.841008,120.707711,0.9920477
CAQ030,崎峰國小,2026-08-11,22.42565,120.49521,0.2302925
C2E520,大湖,2026-08-11,24.414939,120.870872,0.99808127
467530,阿里山,2026-08-11,23.508208,120.813242,0.08951669
C1E691,南湖,2026-08-11,24.40135,120.837533,0.7497963
C0FA30,梧棲,2026-08-11,24.256003,120.523381,0.9924947
C1V231,高中,2026-08-11,23.134911,120.716711,0.9609939
C0AK30,硬漢嶺,2026-08-11,25.136097,121.426372,0.99237084
C0F9V0,新社,2026-08-11,24.200172,120.815806,0.9467566
C0H890,埔里,2026-08-11,23.972169,120.952425,0.97769326
C0R690,墾丁,2026-08-11,21.966756,120.810269,0.67162955
C0SD20,富山,2026-08-11,22.822383,121.190825,0.89117926
C0F0D0,審馬陣,2026-08-11,24.381675,121.4203,0.09251325
C2W030,金門農試所,2026-08-11,24.448431,118.451786,0.42978987
C0R820,白鷺,2026-08-11,22.454275,120.666219,0.6120442
C0FB00,大雪山,2026-08-11,24.254668,121.007374,0.4795199
C2O880,南化,2026-08-11,23.17332,120.59413,0.66240656
C1V190,南天池,2026-08-11,23.27403,120.91176,0.06511543
C0E940,雪見,2026-08-11,24.42595,121.01347,0.6349481
K2E360,苗栗農改場,2026-08-11,24.495722,120.829111,0.9989707
CAJ050,海口故事園區,2026-08-11,23.57543,120.14121,0.25973096
C2K280,四湖,2026-08-11,23.6304,120.22717,0.25860587
C2H9D0,三隻寮,2026-08-11,24.093078,120.861578,0.8279528
C0O990,媽廟,2026-08-11,22.99175,120.293525,0.19221966
C0Z220,和平林道,2026-08-11,24.343922,121.656317,0.99599344
C0TA10,花蓮漁港,2026-08-11,23.995322,121.638331,0.5461121
72C440,桃園農改場,2026-08-11,24.950944,121.030583,0.99884343
C1E711,馬拉邦山,2026-08-11,24.367306,120.901656,0.9515624
C0SB20,富岡,2026-08-11,22.792467,121.192669,0.90393835
C0D560,竹東,2026-08-11,24.767147,121.057881,0.99725574
C0F9U0,南屯,2026-08-11,24.137006,120.637969,0.9973787
C2SD60,明峰,2026-08-11,22.8671,121.11825,0.97605765
C0M720,番路,2026-08-11,23.464657,120.554156,0.31561697
C0F0A0,雪山圈谷,2026-08-11,24.388594,121.236339,0.02197362
C1A9N0,四十份,2026-08-11,24.934158,121.593283,0.9952575
C0U760,東澳,2026-08-11,24.52196,121.83318,0.998428
C0X230,鹽水,2026-08-11,23.272621,120.247641,0.15107538
C2H9H0,苗改南投蜂場,2026-08-11,23.852589,120.693481,0.99773383
C2TB70,達谷寮,2026-08-11,23.38,121.35968,0.6654512
C0R950,萬隆國小,2026-08-11,22.507667,120.587817,0.21496418
C0M9K0,二萬平,2026-08-11,23.50839,120.79011,0.27527577
467540,大武,2026-08-11,22.35572,120.90374,0.89161164
C0V370,古亭坑,2026-08-11,22.893178,120.401947,0.2863418
C1I340,新興橋,2026-08-11,23.563333,120.868728,0.9417036
C2C480,桃園,2026-08-11,24.992425,121.323172,0.99928504
C0SA80,土坂,2026-08-11,22.453108,120.887572,0.98665017
C0R160,鹽埔,2026-08-11,22.739558,120.530778,0.4137756
C0AC40,大屯山,2026-08-11,25.175675,121.522408,0.9097802
466850,五分山雷達站,2026-08-11,25.071182,121.781205,0.99258554
C2H9L0,馬烈霸,2026-08-11,24.1512,121.201772,0.84857094
C0TC50,綠水,2026-08-11,24.178416,121.50795,0.9969595
C0TC40,新白楊,2026-08-11,24.198205,121.43296,0.9313804
C1AI50,國三N016K,2026-08-11,25.034164,121.619664,0.9991346
C2V920,匏子寮,2026-08-11,23.04905,120.55319,0.78851795
C1V600,藤枝,2026-08-11,23.071961,120.757042,0.46742213
C1E601,南勢,2026-08-11,24.572486,120.734842,0.9994008
C0O980,新市,2026-08-11,23.061614,120.298197,0.16519795
C0K420,西螺,2026-08-11,23.800407,120.467394,0.8561021
C0Z050,佳心,2026-08-11,23.34567,121.21316,0.9863747
C0AD30,蘆洲,2026-08-11,25.086594,121.472331,0.99888605
C0V610,梓官,2026-08-11,22.760558,120.267211,0.26470396
K2F750,種苗改良場,2026-08-11,24.225972,120.800917,0.9507761
C0UA80,大溪漁港,2026-08-11,24.941801,121.902955,0.998825
C1AI60,國一39K邊坡,2026-08-11,25.064361,121.383836,0.997094
C0W150,金寧,2026-08-11,24.457703,118.328989,0.3912785
C0R960,內埔,2026-08-11,22.608483,120.570714,0.3383278
C2H9S0,龍南,2026-08-11,23.953536,120.833183,0.85838884
C0AH40,平等,2026-08-11,25.129142,121.577086,0.99767554
C0R540,佳冬,2026-08-11,22.419456,120.552375,0.30342478
466950,彭佳嶼,2026-08-11,25.627975,122.079744,0.99957436
C0A890,雙溪,2026-08-11,25.036003,121.864242,0.999677
C0AH50,林口,2026-08-11,25.072181,121.38084,0.99600935
A2K360,水試臺西試驗場,2026-08-11,23.717231,120.190522,0.24325131
C0HA20,杉林溪大飯店,2026-08-11,23.63427,120.79128,0.65980256
C2M960,外寮,2026-08-11,23.562643,120.665688,0.8811518
C0F9S0,烏日,2026-08-11,24.107058,120.624103,0.93622494
C2N180,鹿陶洋,2026-08-11,23.14325,120.48352,0.4522479
C0C490,八德,2026-08-11,24.928708,121.283289,0.998957
C0R190,赤山,2026-08-11,22.592333,120.614306,0.39026734
C0T820,天祥,2026-08-11,24.179597,121.495639,0.99610245
C1F9E1,龍安,2026-08-11,24.1605,120.831961,0.94327945
C2SD50,順那,2026-08-11,23.04166,121.29332,0.2869224
C0V820,小林,2026-08-11,23.148408,120.63325,0.92754126
C2G870,芳苑,2026-08-11,23.922303,120.320025,0.39890558
C0E850,大河,2026-08-11,24.618069,120.948578,0.9990555
C1U670,寒溪,2026-08-11,24.634,121.71691,0.9974616
C0N020,城西,2026-08-11,23.0568,120.0956,0.27176386
C1Z110,三棧,2026-08-11,24.11557,121.60501,0.96561635
C0R280,檳榔,2026-08-11,22.076078,120.836777,0.916154
C2H9J0,中台,2026-08-11,23.9996,120.938739,0.94659656
C0F9L0,后里,2026-08-11,24.310436,120.729725,0.99746007
467441,高雄,2026-08-11,22.730432,120.312516,0.17584875
C2N210,岩坑,2026-08-11,23.24614,120.47458,0.57443416
C0Z180,新城,2026-08-11,24.040486,121.604878,0.99754554
C0D540,橫山,2026-08-11,24.71116,121.11693,0.99535006
C1D420,太閣南,2026-08-11,24.632808,121.160575,0.9920441
C1E770,公館,2026-08-11,24.526914,120.830806,0.9990221
CAN130,水試所海水繁養殖中心,2026-08-11,23.120802,120.07968,0.26674822
C1I430,翠華,2026-08-11,24.191961,121.224339,0.3795222
C1M400,菜瓜坪,2026-08-11,23.251928,120.576103,0.70372844
C0G730,二林,2026-08-11,23.903325,120.376081,0.9691566
72M360,南改義竹分場,2026-08-11,23.360694,120.279361,0.0998055
V2K620,麥寮合作社,2026-08-11,23.753836,120.294783,0.13317645
C0Z070,舞鶴,2026-08-11,23.46811,121.37407,0.76979387
C0B040,大武崙,2026-08-11,25.166676,121.706993,0.99967355
C1Z030,紅葉,2026-08-11,23.493119,121.338806,0.68309134
C1I050,丹大,2026-08-11,23.753747,121.141147,0.037697352
C0I080,信義,2026-08-11,23.689694,120.851036,0.9854523
C2TB80,庄子底,2026-08-11,23.71794,121.49438,0.8126869
C0D750,樂山林道6k,2026-08-11,24.49999,121.08773,0.8560825
C2M920,朴子農改,2026-08-11,23.469889,120.259383,0.12833755
C2A880,福隆,2026-08-11,25.017842,121.942083,0.9995663
C0Z160,鳳林,2026-08-11,23.746114,121.453411,0.83791614
C0UB80,翠峰林道6K,2026-08-11,24.49773,121.568625,0.60643935
C0V210,復興,2026-08-11,23.222403,120.806089,0.940877
C0H990,昆陽,2026-08-11,24.121322,121.273642,0.018932408
C0R741,獅子,2026-08-11,22.202308,120.705236,0.092380844
C0S710,鹿野,2026-08-11,22.917711,121.122994,0.98077697
C0I530,小奇萊,2026-08-11,24.131764,121.295717,0.030469587
C0FA70,大雪山埡口,2026-08-11,24.26867,121.03062,0.23608151
C2K630,荷苞,2026-08-11,23.657717,120.595144,0.98651874
C0Z080,富源,2026-08-11,23.587642,121.378225,0.9721255
C2M9E0,旺來山,2026-08-11,23.555153,120.486463,0.9841986
C0SB10,美和,2026-08-11,22.682078,121.060236,0.9766255
C2K620,馬光農場,2026-08-11,23.721453,120.378864,0.7919131
C1I140,卡奈托灣,2026-08-11,23.754364,121.087872,0.88263774
C0I520,玉山風口,2026-08-11,23.470489,120.955994,0.0033348917
C1G691,下水埔,2026-08-11,23.816114,120.5676,0.9834574
C0X110,臺南市南區,2026-08-11,22.961189,120.188378,0.24928093
C0V680,仁武,2026-08-11,22.701083,120.347722,0.17584875
C2G840,北斗,2026-08-11,23.877586,120.514222,0.96250445
C2TB90,長橋,2026-08-11,23.6874,121.46186,0.8498278
C0R900,竹坑,2026-08-11,22.1385,120.7022,0.08852733
C0G860,社頭,2026-08-11,23.897647,120.5862,0.9788106
C0X150,安定,2026-08-11,23.102614,120.227839,0.14088851
C0R590,里港,2026-08-11,22.77919,120.49459,0.25587672
C0E610,馬都安,2026-08-11,24.451272,120.930192,0.9629551
C0E550,明德,2026-08-11,24.583486,120.885411,0.99904585
C0R150,三地門,2026-08-11,22.709889,120.639944,0.53237814
C0G910,花壇,2026-08-11,24.032076,120.549461,0.9349459
C1D400,鳥嘴山,2026-08-11,24.71909,121.28387,0.9918918
C0F0B0,石岡,2026-08-11,24.276061,120.777644,0.9967378
C2V250,甲仙,2026-08-11,23.080106,120.591758,0.6962054
C0SA20,金崙山,2026-08-11,22.567419,120.959667,0.98762774
C0V350,溪埔,2026-08-11,22.738578,120.446797,0.26016703
C0M660,溪口,2026-08-11,23.604131,120.403569,0.9869298
C1S880,壽卡,2026-08-11,22.238911,120.858903,0.9945693
72D680,桃改新埔分場,2026-08-11,24.834444,121.066111,0.99876326
