站號,站名,日期,lat,lon,BLBTSLS
C0R710,龍磐,2026-08-11,21.931672,120.838942,0.9970524
C1F9D1,白毛台,2026-08-11,24.158325,120.886933,0.96733123
C0G940,竹塘,2026-08-11,23.848253,120.386764,0.10498951
467590,恆春,2026-08-11,22.003897,120.746339,0.99897784
C0U710,太平山,2026-08-11,24.505486,121.525656,2.5410185e-09
C0E820,獅潭,2026-08-11,24.539133,120.920042,0.13496482
C2SD70,二層坪,2026-08-11,22.94105,121.16838,0.43002334
C0V880,興達,2026-08-11,22.8778,120.2127,0.12292546
C0SB30,新蘭,2026-08-11,22.869214,121.223228,0.5727985
C2R970,屏科大,2026-08-11,22.648275,120.619247,0.2109117
C1Z130,銅門,2026-08-11,23.965694,121.492842,0.032684222
C0AD40,土城,2026-08-11,24.973208,121.445169,0.9024272
CAN140,六官養殖協會,2026-08-11,23.22881,120.29962,0.116032965
C0X180,山上,2026-08-11,23.0757,120.363253,0.12891072
C0F9Z0,雪山東峰,2026-08-11,24.388792,121.268675,5.20477e-09
C1M480,獨立山,2026-08-11,23.537022,120.607797,0.0012138764
C0X220,學甲,2026-08-11,23.230367,120.182187,0.116032965
467650,日月潭,2026-08-11,23.881325,120.90805,7.4533364e-07
A2K570,古坑(花卉中心),2026-08-11,23.633531,120.552392,0.11705635
C0K600,箔子寮,2026-08-11,23.6197,120.14,0.10279915
C0G830,埤頭,2026-08-11,23.866003,120.452806,0.10505489
C0S950,七塊厝,2026-08-11,22.954453,121.229922,0.60073245
C0SE00,樟原南溪,2026-08-11,23.4023,121.42318,0.9967286
467110,金門,2026-08-11,24.407306,118.289281,0.22781661
C0AH80,深坑,2026-08-11,25.002703,121.628328,0.42100215
C0A970,三貂角,2026-08-11,25.007606,122.002058,0.7795557
C2D730,寶山農場,2026-08-11,24.732444,120.976153,0.26747254
C0K430,褒忠,2026-08-11,23.690938,120.303634,0.09446192
467480,嘉義,2026-08-11,23.495925,120.432906,0.16883117
C0V400,阿公店,2026-08-11,22.804194,120.355528,0.13861828
C2S800,華源,2026-08-11,22.65783,121.0232,0.11923966
C0V960,西阿里關山,2026-08-11,23.183025,120.64143,0.273145
C2SA40,瑞和,2026-08-11,22.974361,121.156697,0.4322354
C0E960,觀霧分站,2026-08-11,24.505781,121.113921,5.4387947e-08
467550,玉山,2026-08-11,23.48718,120.95943,1.4343035e-08
C0R440,大漢山,2026-08-11,22.405264,120.753181,1.6162052e-05
C0SD30,東清國小,2026-08-11,22.057128,121.564922,0.9995355
C1F9B1,桐林,2026-08-11,24.066172,120.735194,0.1391723
C2I210,蘆竹湳,2026-08-11,23.93398,120.81209,0.98203933
C2H9U0,鳳鵬,2026-08-11,23.763919,120.788061,0.15552603
C0K390,土庫,2026-08-11,23.679029,120.395574,0.10498951
C1I450,望鄉山,2026-08-11,23.594153,120.944286,7.8741e-09
C0E910,海埔,2026-08-11,24.648767,120.772435,0.13820718
B2E890,畜試北區分所,2026-08-11,24.527806,120.770972,0.12235929
C0R750,四林格山,2026-08-11,22.076989,120.802439,0.9620622
C0F0C0,中坑,2026-08-11,24.248517,120.903319,0.88866615
C1I121,大鞍,2026-08-11,23.678381,120.760017,3.5234932e-06
C2G9E0,移民庄,2026-08-11,23.9784,120.40283,0.121024385
72U480,花改蘭陽分場,2026-08-11,24.686306,121.716583,0.108624764
C0A770,科教館,2026-08-11,25.096356,121.516507,0.88400936
C0AJ60,六塊厝,2026-08-11,25.24,121.4481,0.34748766
C0R620,墾雷,2026-08-11,21.900836,120.855269,0.9988041
467290,古坑,2026-08-11,23.633536,120.551906,0.11705635
467420,永康,2026-08-11,23.038386,120.2367,0.12246287
C2M530,奮起湖,2026-08-11,23.493903,120.699253,0.049584497
C0V930,天池,2026-08-11,23.27778,120.91569,9.932292e-08
C0I410,名間,2026-08-11,23.837053,120.701447,0.08277614
A2C560,農工中心,2026-08-11,24.985917,121.239833,0.4446083
C0V740,旗山,2026-08-11,22.888614,120.483597,0.08483347
C0Z061,玉里,2026-08-11,23.3215,121.339656,0.044778045
C0S840,南田,2026-08-11,22.279725,120.889208,0.99958444
C1I470,杉林溪,2026-08-11,23.639517,120.786444,7.616791e-08
C1X040,東原,2026-08-11,23.291597,120.463822,0.14096774
C0R660,枋寮,2026-08-11,22.367722,120.590647,0.25450993
C0K450,大埤,2026-08-11,23.646074,120.431537,0.10505489
C0UA00,土場,2026-08-11,24.576533,121.495333,0.12523204
467080,宜蘭,2026-08-11,24.763975,121.756528,0.108403236
C0N030,四草,2026-08-11,23.0235,120.1116,0.1220623
467410,臺南,2026-08-11,22.99328,120.20492,0.12371289
C0V650,彌陀,2026-08-11,22.783806,120.246361,0.15382838
C0D660,新竹市東區,2026-08-11,24.798681,120.986942,0.25756463
82S580,茶改東部分場,2026-08-11,22.907694,121.130139,0.4322354
C0SB40,興隆,2026-08-11,22.913661,121.257469,0.5499366
467050,新屋,2026-08-11,25.006725,121.047492,0.4438865
C0C710,大溪永福,2026-08-11,24.892936,121.324975,0.44669682
C0FA20,溫寮,2026-08-11,24.372177,120.583125,0.13820718
C0V640,湖內,2026-08-11,22.887139,120.2445,0.122462854
C0R910,下寮,2026-08-11,22.3929,120.5548,0.25450993
C0Z020,明里,2026-08-11,23.208717,121.262342,0.037099995
C0M770,嘉義梅山,2026-08-11,23.585398,120.555587,0.32378328
C0C660,楊梅,2026-08-11,24.912375,121.143047,0.44888195
C0SD40,牛頭山,2026-08-11,22.676661,121.506944,0.9976214
C1E511,新開,2026-08-11,24.347703,120.827019,0.4448538
G2F820,農試所(霧峰),2026-08-11,24.031261,120.688133,0.12295792
C2M990,大巃頂,2026-08-11,23.5547,120.61439,3.9238255e-08
C1I070,和社,2026-08-11,23.591131,120.888861,0.9922377
C2E990,新坪頂,2026-08-11,24.30201,120.8574,0.9950409
C0TA80,立霧山,2026-08-11,24.183258,121.641899,0.9936948
C2F000,大肚,2026-08-11,24.15295,120.572117,0.2913621
C1S850,豐南,2026-08-11,23.122139,121.262389,0.72044146
C2M9B0,西興,2026-08-11,23.2428,120.57617,0.78646445
C2A920,富貴角,2026-08-11,25.263783,121.565258,0.27399713
C0T960,光復,2026-08-11,23.660694,121.424964,0.692305
C0F9M0,豐原,2026-08-11,24.254322,120.720692,0.19005334
C0R720,旭海,2026-08-11,22.205403,120.887614,0.996111
C0V710,苓雅,2026-08-11,22.622742,120.330669,0.14622726
C0C740,觀音工業區,2026-08-11,25.064764,121.114856,0.4462165
CAC040,拉拉山,2026-08-11,24.699317,121.427133,2.4524098e-09
C0V790,萬山,2026-08-11,22.905944,120.688056,0.094552994
U2HA30,臺大和社,2026-08-11,23.590856,120.888864,0.9922377
C2H9K0,屯原,2026-08-11,24.067969,121.209389,6.515518e-09
C0AJ90,澳底,2026-08-11,25.0552,121.9253,0.4800533
C0Z100,東華,2026-08-11,23.89525,121.549833,0.957288
C0G970,三豐,2026-08-11,23.882,120.2895,0.09468441
C0V900,汕尾,2026-08-11,22.4782,120.4151,0.25500542
C1R630,龍泉,2026-08-11,22.66701,120.59091,0.1742983
C1AC50,關渡,2026-08-11,25.133486,121.469331,0.31380627
C0C800,四稜,2026-08-11,24.64733,121.4293,0.44317433
C0F9I0,神岡,2026-08-11,24.272481,120.658314,0.17107214
C0K460,斗南,2026-08-11,23.678734,120.478359,0.10619762
C2O810,曾文,2026-08-11,23.219681,120.497328,0.10258674
467280,後龍,2026-08-11,24.648563,120.831834,0.1281093
C1F9J1,清水林,2026-08-11,24.071242,120.820419,0.98064286
C2A650,火燒寮,2026-08-11,25.002719,121.742892,0.28193122
466930,竹子湖,2026-08-11,25.162078,121.544547,0.77845937
C1I220,樟湖,2026-08-11,23.905333,120.846983,5.0539273e-07
C0I390,仁愛,2026-08-11,24.022122,121.132206,2.4845253e-08
C0Z300,東里,2026-08-11,23.26853,121.30547,0.04275903
C1V590,新發,2026-08-11,23.057019,120.646064,0.926601
C0K510,水林,2026-08-11,23.572924,120.24597,0.10279915
72S590,東改賓朗果園,2026-08-11,22.813889,121.071278,0.6638755
82A750,茶改北部分場,2026-08-11,24.955778,121.631222,0.20973223
C1A750,石碇服務區,2026-08-11,25.00872,121.646242,0.38959676
C0X300,鹿寮,2026-08-11,23.386047,120.477331,0.19698626
C0K590,雲林東勢,2026-08-11,23.674192,120.255721,0.094350666
C2K310,港尾布雞,2026-08-11,23.74834,120.38439,0.10498951
C0A570,桶後,2026-08-11,24.848222,121.597992,0.14722355
C0G720,溪州,2026-08-11,23.851589,120.499093,0.10619762
C1V160,達卡努瓦,2026-08-11,23.279811,120.705319,0.0007952724
C2M410,馬頭山,2026-08-11,23.324361,120.582017,0.19818132
C0V850,蚵仔寮,2026-08-11,22.7256,120.2527,0.15382838
C0S740,池上,2026-08-11,23.119628,121.209469,0.45256546
C1V390,尖山,2026-08-11,22.813153,120.367789,0.12547126
C0AH70,松山,2026-08-11,25.04871,121.55042,0.9024272
C0N010,鯤鯓國小,2026-08-11,23.1879,120.0889,0.116032965
C0SA60,知本（水試所）,2026-08-11,22.702394,121.082761,0.089760214
C0T9I0,豐濱,2026-08-11,23.583897,121.514806,0.75852245
C0V950,五指寮林道3.5K,2026-08-11,23.136775,120.64028,0.9889401
C0UB00,淡江大學蘭陽校園,2026-08-11,24.823239,121.730383,0.9423792
C0W240,九宮,2026-08-11,24.423753,118.240186,0.21114439
C0T9N0,富里,2026-08-11,23.171639,121.249378,0.0362413
U2HA50,臺大竹山,2026-08-11,23.756972,120.681556,0.081490934
C0V840,鳳鼻頭,2026-08-11,22.5083,120.3591,0.25450993
C0X140,西港,2026-08-11,23.125608,120.203108,0.11608222
72D080,桃改五峰分場,2026-08-11,24.612194,121.157167,0.9944385
C2H9P0,伊拿谷,2026-08-11,23.963211,121.088264,0.0012354203
C2K250,崙背,2026-08-11,23.75553,120.31893,0.094350666
C2H9F0,柑林,2026-08-11,24.018658,120.847072,0.21633102
C0TA20,加灣,2026-08-11,24.082025,121.608944,0.05752824
C0V530,阿蓮,2026-08-11,22.883208,120.327508,0.123696625
C0FB30,八仙山苗圃,2026-08-11,24.192719,121.001366,0.8194709
C0E791,卓蘭,2026-08-11,24.3126,120.8244,0.52556694
C2R260,春日,2026-08-11,22.370361,120.628306,0.9994495
C1I030,武界,2026-08-11,23.913225,121.052483,0.0002789326
C0R520,崁頂,2026-08-11,22.514781,120.506914,0.25450993
C0R341,牡丹,2026-08-11,22.130036,120.792639,0.99320465
C0R930,萬丹,2026-08-11,22.5885,120.4851,0.25204355
C0S760,紅石,2026-08-11,23.069131,121.126219,7.792356e-06
C2C410,中央大學,2026-08-11,24.967652,121.185165,0.44669682
C1M610,石磐龍,2026-08-11,23.496606,120.663506,0.9925584
C2C830,中德,2026-08-11,24.981862,121.291344,0.44004735
C0C790,東眼山,2026-08-11,24.8284,121.40888,0.97559214
C0UA10,鴛鴦湖,2026-08-11,24.590269,121.412228,4.4508055e-09
C0R800,丹路,2026-08-11,22.204481,120.750989,0.99892557
C2R240,萬巒,2026-08-11,22.527306,120.625111,0.25953457
C0G920,永靖,2026-08-11,23.924703,120.547533,0.12014473
C2M950,太和,2026-08-11,23.538372,120.702961,0.09377991
C1A630,下盆,2026-08-11,24.771003,121.538622,0.5469148
B2N890,畜產試驗所,2026-08-11,23.058972,120.336406,0.123696625
C0UA30,白嶺,2026-08-11,24.527819,121.519031,0.000109042594
467571,新竹,2026-08-11,24.828575,121.01455,0.25582743
C1V580,溪南(特生中心),2026-08-11,23.084972,120.788475,2.098971e-08
C1T970,大農,2026-08-11,23.615233,121.413331,0.7127595
C0R650,竹田,2026-08-11,22.58486,120.54344,0.25171208
C1H900,清流,2026-08-11,24.080775,120.962997,0.0012354203
C1C510,水尾,2026-08-11,24.940081,121.087161,0.43891817
C2N170,茅港尾,2026-08-11,23.2061,120.2624,0.116032965
C0F9X0,大雅(中科園區),2026-08-11,24.21528,120.62445,0.15827762
C0SB60,白守蓮,2026-08-11,23.126769,121.401914,0.69172055
C0O970,虎頭埤,2026-08-11,23.021375,120.347878,0.12891072
C0C730,中大臨海站,2026-08-11,24.966126,121.008581,0.25588948
C0X250,新營,2026-08-11,23.310689,120.316681,0.11524299
C0V700,三民,2026-08-11,22.645017,120.311233,0.14622726
C0U870,大礁溪,2026-08-11,24.791042,121.675047,0.9631721
C0E870,高鐵苗栗,2026-08-11,24.60725,120.826094,0.12964782
C2S890,關山,2026-08-11,23.0395,121.175017,0.43008423
C0TA30,鹽寮,2026-08-11,23.845606,121.592664,0.9720943
C0M860,新美,2026-08-11,23.338017,120.683169,0.97597575
C1E701,八卦,2026-08-11,24.491756,120.927619,0.9846476
C2TA90,加納納,2026-08-11,23.466421,121.359867,0.6924997
C0I420,國姓,2026-08-11,24.037803,120.855072,0.23839769
C2D720,關西工作站,2026-08-11,24.757275,121.184792,0.17239843
C2AK30,信賢,2026-08-11,24.84108,121.53492,0.16948193
C0S960,香蘭,2026-08-11,22.587569,120.993375,0.87067664
467620,蘭嶼,2026-08-11,22.0369,121.55843,0.9936235
C2UC40,中城,2026-08-11,24.62865,121.74745,0.10932576
72G600,臺中農改場,2026-08-11,24.003028,120.534389,0.121006146
C0V940,美瓏山,2026-08-11,23.1197,120.74731,2.9046437e-06
C0Z210,瑞穗,2026-08-11,23.5239,121.39021,0.7793679
C0M820,達邦,2026-08-11,23.453994,120.749517,0.99606216
C0V860,南寮,2026-08-11,22.7616,120.2339,0.15382838
C0G740,大城,2026-08-11,23.852487,120.320935,0.094350666
C0R920,塭仔,2026-08-11,22.4169,120.5197,0.25500542
C0R470,高樹,2026-08-11,22.826389,120.600806,0.19944702
C0R680,佳樂水,2026-08-11,21.993578,120.861633,0.9990539
C1O870,大棟山,2026-08-11,23.31157,120.52226,7.2634947e-07
C0D360,梅花,2026-08-11,24.678347,121.208558,0.9653333
C0Z190,富世,2026-08-11,24.14743,121.6297,0.8705036
C0AI10,屈尺,2026-08-11,24.92184,121.54475,0.9372235
B2U990,畜試東區分所,2026-08-11,24.669039,121.832561,0.10875705
C0SB80,長濱漁港,2026-08-11,23.313644,121.459994,0.9340307
C0TA50,和仁,2026-08-11,24.241394,121.712472,0.853968
C2AK40,漁光,2026-08-11,24.96875,121.72132,0.8297679
C0V910,大樹,2026-08-11,22.684645,120.432803,0.1653901
C1R610,西大武山,2026-08-11,22.617719,120.7322,2.1021617e-06
C0K500,元長,2026-08-11,23.642858,120.31966,0.094350666
C0G900,線西,2026-08-11,24.143358,120.443536,0.12225354
C0M700,竹崎,2026-08-11,23.526178,120.555508,0.2644609
C2E880,三義,2026-08-11,24.405478,120.749819,0.97270554
C0C720,竹圍,2026-08-11,25.112692,121.239824,0.4462165
C0F9P0,清水,2026-08-11,24.312297,120.562242,0.08797121
C0Z150,吉安光華,2026-08-11,23.930925,121.595153,0.9720943
C0FA80,小雪山天池,2026-08-11,24.28025,121.02627,5.426244e-09
467300,東吉島,2026-08-11,23.25727,119.66762,0.7939068
C1D640,外坪(五指山),2026-08-11,24.644447,121.090961,0.99705136
C2R9A0,高士國小,2026-08-11,22.12553,120.84653,0.99789083
C0F9O0,潭子,2026-08-11,24.213106,120.703933,0.16657887
C2H9R0,卓社,2026-08-11,23.887894,121.000086,7.746731e-09
72T250,花蓮農改場,2026-08-11,23.975222,121.563889,0.9529915
C0E780,銅鑼,2026-08-11,24.489681,120.790853,0.12197732
C1T950,太安,2026-08-11,23.666719,121.370128,0.9569502
C0E830,苑裡,2026-08-11,24.439714,120.653053,0.12964782
467270,田中,2026-08-11,23.873803,120.581286,0.10667914
C0SA10,檳榔四格山,2026-08-11,22.810031,121.109308,0.9825438
C1T830,布洛灣,2026-08-11,24.17184,121.57127,0.035534404
C0F970,大坑,2026-08-11,24.173142,120.722289,0.14646222
C1U920,思源,2026-08-11,24.393125,121.347214,8.6077414e-08
C2H9Y0,松茗,2026-08-11,23.8167,120.650765,0.2638233
C0A931,三和,2026-08-11,25.233153,121.595236,0.23689002
C0I010,廬山,2026-08-11,24.033311,121.181808,0.7709965
C2M940,日野賀,2026-08-11,23.434056,120.727169,0.9904298
C0R860,鼻頭,2026-08-11,22.1043,120.8979,0.99897784
C2I260,北坑,2026-08-11,23.92463,121.00683,0.9811649
C0V970,花菓,2026-08-11,23.034775,120.68415,0.9503292
C0UB20,壯圍,2026-08-11,24.7359,121.8163,0.10875705
C0R790,九棚,2026-08-11,22.14195,120.889281,0.9900628
C0W110,東莒,2026-08-11,25.9652,119.98069,0.19621049
C1U930,粉鳥林,2026-08-11,24.497088,121.842479,0.99724364
C0S830,長濱,2026-08-11,23.286817,121.411975,0.68771625
C1F9F1,伯公龍,2026-08-11,24.272392,120.849047,0.9888984
C0UB90,太平山莊,2026-08-11,24.494171,121.536209,2.5000828e-09
C0E810,西湖,2026-08-11,24.562947,120.7485,0.12538208
C1I440,新高口,2026-08-11,23.478744,120.878939,1.0377212e-08
C0O840,王爺宮,2026-08-11,23.222064,120.40085,0.10258674
C0T9G0,鳳林山,2026-08-11,23.735269,121.420131,0.7219053
C0X080,佳里,2026-08-11,23.173039,120.145086,0.116032965
C0FB70,大甲溪埔,2026-08-11,24.370625,120.620067,0.1281093
C0Z310,清水斷崖,2026-08-11,24.218294,121.689142,0.89799595
C0M680,太保,2026-08-11,23.455062,120.331455,0.10266149
C1S820,金峰,2026-08-11,22.590969,120.933236,0.17826702
C0AD10,八里,2026-08-11,25.150211,121.403947,0.33924234
C2K240,草嶺,2026-08-11,23.59555,120.693461,0.9917821
C1SA70,都蘭,2026-08-11,22.87794,121.226881,0.5499366
C0K440,二崙,2026-08-11,23.772797,120.408944,0.10498951
C1A760,坪林交控,2026-08-11,24.94284,121.713442,0.29933158
C0F9N0,大里,2026-08-11,24.092464,120.701378,0.1208363
C0SA90,達仁林場,2026-08-11,22.264347,120.823972,0.7065368
C1R290,石門山,2026-08-11,22.112611,120.756597,0.9182331
42HA10,萬大發電廠,2026-08-11,23.978875,121.139639,2.4709132e-07
C0R890,山海,2026-08-11,21.9878,120.7091,0.99918115
C0T9A0,月眉山,2026-08-11,23.809928,121.539828,0.46976677
C0AC70,信義,2026-08-11,25.037822,121.564597,0.9024272
C0K560,棋山,2026-08-11,23.68645,120.603417,0.1266245
C2FB50,出雲,2026-08-11,24.206469,120.902794,0.9873369
C1Z240,中平林道,2026-08-11,23.42115,121.26763,0.9928069
U2H480,溪頭,2026-08-11,23.670306,120.798194,0.00018228596
C0M880,好美里,2026-08-11,23.3364,120.138,0.116032965
C0T9E0,大坑,2026-08-11,23.880628,121.581981,0.05030508
C0K530,臺西,2026-08-11,23.701547,120.197559,0.09446192
C1E900,國一N128K,2026-08-11,24.560997,120.844186,0.12371729
C0AJ50,水湳洞,2026-08-11,25.123695,121.862238,0.469598
C0AI20,白沙灣,2026-08-11,25.283128,121.519058,0.34280267
C2V310,美濃,2026-08-11,22.898792,120.51907,0.08319756
C0A860,大坪,2026-08-11,25.165914,121.632969,0.23332329
C1U850,觀音海岸,2026-08-11,24.38319,121.77856,0.305141
C2K610,草嶺石壁,2026-08-11,23.602469,120.707731,0.9884716
C0U950,鶯子嶺,2026-08-11,24.89754,121.79244,0.9643043
C0O900,善化,2026-08-11,23.112883,120.297219,0.12292546
C0K550,蔦松,2026-08-11,23.514319,120.229736,0.10279915
E2P980,林試六龜中心,2026-08-11,22.991703,120.645722,0.25770265
C0E590,通霄,2026-08-11,24.471892,120.704622,0.12545814
C1I310,西巒,2026-08-11,23.754486,120.883956,0.96900374
C0A550,泰平,2026-08-11,24.971197,121.823711,0.20973223
C2UC30,金洋,2026-08-11,24.42465,121.74573,0.9938804
C0I360,水里,2026-08-11,23.812553,120.849792,0.092854224
C0R830,高士,2026-08-11,22.121825,120.836781,0.907114
C1I101,溪頭,2026-08-11,23.661789,120.807647,2.6247873e-08
C0AJ20,野柳,2026-08-11,25.20703,121.690021,0.34280267
C0B060,暖暖,2026-08-11,25.0957,121.7403,0.38959676
C1H920,長豐,2026-08-11,24.102039,120.879897,0.90109026
C2S9B0,利吉,2026-08-11,22.86246,121.15486,0.44380397
C0V360,內門,2026-08-11,22.975481,120.466769,0.09410841
C0R850,林邊,2026-08-11,22.4634,120.5339,0.25171208
C0E930,龍鳳,2026-08-11,24.700034,120.859125,0.25588948
C0U910,冬山,2026-08-11,24.63373,121.7937,0.10875705
C1E721,泰安,2026-08-11,24.489017,120.968036,0.0004011012
82H320,茶改中部分場,2026-08-11,23.875611,120.913583,0.016429119
C0M750,布袋,2026-08-11,23.380878,120.167789,0.10203122
C1S860,利嘉,2026-08-11,22.809417,121.050528,0.9992589
E2S980,林試太麻里1,2026-08-11,22.598922,120.980044,0.10739724
C0X170,關廟,2026-08-11,22.963017,120.327797,0.1258293
C0V720,林園,2026-08-11,22.507747,120.394511,0.25171208
C2M9G0,沄水,2026-08-11,23.38293,120.52666,0.34926847
C1I510,線浸林道,2026-08-11,23.761508,120.832956,2.0325331e-05
C0D690,外湖,2026-08-11,24.917735,120.968711,0.25588948
C0C750,新興坑尾,2026-08-11,25.0061,121.0971,0.4383049
B2Q810,畜試南區分所,2026-08-11,21.945583,120.802167,0.9990539
C0S790,金崙,2026-08-11,22.538122,120.966875,0.23675933
C0AH90,福山植物園,2026-08-11,24.760717,121.58135,0.7268414
C0I540,奇萊稜線,2026-08-11,24.109231,121.326456,6.0949468e-09
C0M850,表湖,2026-08-11,23.24186,120.64166,0.99511033
C0S770,大溪山,2026-08-11,22.478475,120.943325,0.8185438
C0AG80,中和,2026-08-11,24.991622,121.491792,0.9024272
C0T790,大禹嶺,2026-08-11,24.186117,121.316086,4.8943085e-09
C0T9B0,水源,2026-08-11,23.991861,121.537169,0.5244584
C0R840,牡丹池山,2026-08-11,22.168389,120.841225,0.7103136
C1I131,桶頭,2026-08-11,23.641944,120.654117,0.11727746
CAL110,布袋國中,2026-08-11,23.35893,120.18026,0.116032965
C2M9D0,何竹子腳,2026-08-11,23.53641,120.38203,0.15761146
C0Z290,赤柯山,2026-08-11,23.36893,121.38293,0.99921733
C0X280,將軍,2026-08-11,23.214999,120.13577,0.116032965
C0S690,太麻里,2026-08-11,22.60902,120.98533,0.9993461
C0U880,北關,2026-08-11,24.9072,121.8734,0.5023461
CAW010,東引,2026-08-11,26.3588,120.4836,0.45723966
C0G810,埔心,2026-08-11,23.947633,120.525456,0.119879805
C0U970,大福,2026-08-11,24.80064,121.81389,0.10875705
C2H9N0,仁愛東眼,2026-08-11,24.026875,121.1205,4.533451e-09
C1E670,南礦,2026-08-11,24.538278,121.002836,0.8698987
C0M520,東後寮,2026-08-11,23.369908,120.248065,0.116032965
C1E461,松安,2026-08-11,24.397972,120.986022,0.043904945
C2N160,西拉雅風管處,2026-08-11,23.189481,120.335297,0.11561844
C2O850,環湖,2026-08-11,23.148665,120.4186,0.08232857
C2M970,碧湖,2026-08-11,23.568632,120.624165,4.345052e-08
C0A640,石碇,2026-08-11,24.993969,121.662917,0.29933158
E2S960,林試太麻里2,2026-08-11,22.598,120.99775,0.83926725
C0F9Y0,桃山,2026-08-11,24.432739,121.303808,5.835094e-09
C1I020,萬大,2026-08-11,23.979817,121.132261,2.264107e-08
C2UC20,長嶺,2026-08-11,24.70894,121.61162,0.22696516
C0U940,羅東,2026-08-11,24.68184,121.74934,0.10854902
C0M650,朴子,2026-08-11,23.43463,120.23902,0.10279919
C1I500,大尖山,2026-08-11,23.858572,120.994889,4.9104476e-09
C0FB40,中橫21.6k,2026-08-11,24.2499,121.1455,0.66792
C0G820,田尾,2026-08-11,23.901669,120.509389,0.11987982
E2K600,四湖植物園,2026-08-11,23.676986,120.163433,0.09446192
C0S730,綠島,2026-08-11,22.6672,121.47533,0.9955392
12Q970,東港工作站,2026-08-11,22.479997,120.466058,0.25450993
C1TA00,太魯閣,2026-08-11,24.15773,121.6236,0.041517135
466920,臺北,2026-08-11,25.037658,121.514853,0.9024272
C0R600,舊泰武,2026-08-11,22.588194,120.664944,0.1268949
466910,鞍部,2026-08-11,25.182586,121.529731,0.6287092
C1I230,九份二山,2026-08-11,23.961944,120.845,0.90396595
C2M810,里佳,2026-08-11,23.389125,120.716647,0.03810869
C2A660,瑞芳,2026-08-11,25.113169,121.801147,0.3709093
C0R270,琉球嶼,2026-08-11,22.332244,120.362236,0.2510704
C2V580,瑞山,2026-08-11,22.90304,120.43424,0.09707559
C1T990,高寮,2026-08-11,23.394239,121.356808,0.812657
C0G620,芬園,2026-08-11,24.015678,120.6213,0.122790165
C1Z140,荖溪,2026-08-11,23.890575,121.45964,0.99820834
C1I201,中心崙,2026-08-11,23.728722,120.712097,0.98033345
C1I400,凌霄,2026-08-11,24.018778,121.004456,4.798198e-09
C1M640,十字,2026-08-11,23.492153,120.753683,6.332579e-07
G2P820,農試鳳山分所,2026-08-11,22.646611,120.356083,0.13861828
C0Z270,蕃薯寮,2026-08-11,23.73835,121.540108,0.36467254
C2E420,竹南,2026-08-11,24.70898,120.88897,0.25582743
C2D480,打鐵坑,2026-08-11,24.849664,121.150789,0.19691846
C0FB10,出雲山苗圃,2026-08-11,24.23105,120.90475,0.88866615
C0F9Q0,外埔,2026-08-11,24.347817,120.705686,0.1501767
C0K580,高鐵雲林,2026-08-11,23.737456,120.417944,0.10498951
C2I090,鳳凰,2026-08-11,23.728081,120.787347,0.98360187
C0U990,員山,2026-08-11,24.74435,121.72247,0.108403265
C0V770,大社,2026-08-11,22.730306,120.346639,0.14622726
C0X120,麻豆,2026-08-11,23.183289,120.248611,0.11608222
C0C670,龍潭,2026-08-11,24.870056,121.221389,0.19691846
C0D680,香山濕地,2026-08-11,24.783581,120.914988,0.25588948
C0S980,勝林山,2026-08-11,22.430439,120.8938,0.41123086
C2H9V0,龍鳳峽,2026-08-11,23.657461,120.767331,3.9619465e-08
C0V730,大寮,2026-08-11,22.605614,120.395717,0.25204355
C0R570,麟洛,2026-08-11,22.65078,120.52719,0.1653901
C2M930,石卓,2026-08-11,23.478744,120.702264,7.2950536e-07
C0G9B0,和美,2026-08-11,24.105169,120.492131,0.121024385
C2I240,外大坪,2026-08-11,23.9587,120.91788,0.88469493
CAG100,王功漁港,2026-08-11,23.96824,120.32586,0.12225354
C0X290,北門,2026-08-11,23.267772,120.125481,0.116032965
C2F930,大甲,2026-08-11,24.347667,120.640403,0.12670228
C0D650,湖口,2026-08-11,24.904794,121.043628,0.26419377
C0U780,五結,2026-08-11,24.68637,121.79794,0.10875705
C1I250,鯉潭,2026-08-11,23.961922,120.991131,0.90109026
C0R130,阿禮,2026-08-11,22.742908,120.743678,0.7027313
C0X100,臺南市北區,2026-08-11,23.010394,120.194228,0.12292546
C0S920,金峰嘉蘭,2026-08-11,22.594789,120.960825,0.9868269
C0V490,新興,2026-08-11,22.627422,120.298803,0.15438735
C0F9K0,大安,2026-08-11,24.345061,120.588025,0.093462646
C2E970,八甲,2026-08-11,24.535811,120.795983,0.12506482
C0V440,鳳山,2026-08-11,22.646653,120.356122,0.13861828
C1T940,大觀,2026-08-11,23.714206,121.373133,0.4862087
C0E740,造橋,2026-08-11,24.637056,120.864778,0.25619966
C0R100,尾寮山,2026-08-11,22.833111,120.683889,0.7027313
A2K630,臺大雲林校區,2026-08-11,23.730628,120.423903,0.10505489
467990,馬祖,2026-08-11,26.169467,119.923158,0.06747854
C0D580,寶山,2026-08-11,24.735006,121.025192,0.3029195
E2P990,林試扇平站,2026-08-11,22.9677,120.6857,0.6407332
C0AI30,三重,2026-08-11,25.057328,121.500629,0.88400936
C0AH00,汐止,2026-08-11,25.066881,121.658778,0.4800533
C1Z040,立山,2026-08-11,23.443356,121.327375,0.81215304
466881,新北,2026-08-11,24.959207,121.525196,0.9169034
C0W130,花嶼,2026-08-11,23.40007,119.32276,0.5457709
C0A950,鼻頭角,2026-08-11,25.129036,121.923372,0.9751038
C0K470,林內,2026-08-11,23.748675,120.609642,0.11705635
C2F990,摩天嶺,2026-08-11,24.322458,120.936819,0.935089
C2E430,南庄,2026-08-11,24.601775,121.000214,0.56131524
82C160,茶改場,2026-08-11,24.908472,121.185333,0.4659798
C0H9Z0,鹿林山,2026-08-11,23.468688,120.873288,7.594665e-09
C2TB60,南安,2026-08-11,23.29818,121.26157,0.03946861
C0Z320,清水林道,2026-08-11,23.27125,121.188272,0.9419048
C0R760,南仁湖,2026-08-11,22.084681,120.863353,0.91503215
C0M670,大林,2026-08-11,23.600616,120.45841,0.16883117
C0M800,茶山,2026-08-11,23.299075,120.664767,0.65907454
C0A9C0,天母,2026-08-11,25.117494,121.537169,0.9024272
72K220,南改斗南分場,2026-08-11,23.634556,120.477333,0.10667914
72AI40,桃改樹林分場,2026-08-11,24.944503,121.386972,0.9169034
C0S910,蘭嶼燈塔,2026-08-11,22.081197,121.503117,0.99920124
C0B050,八斗子,2026-08-11,25.144754,121.79167,0.51716334
C0U900,內城,2026-08-11,24.71813,121.68766,0.10980896
C0X320,柳營,2026-08-11,23.253328,120.375253,0.07983666
C0M790,新港,2026-08-11,23.553269,120.345728,0.10266149
C0F9T0,西屯,2026-08-11,24.179494,120.641275,0.12670228
C0E950,松安,2026-08-11,24.39792,120.98599,0.043904945
C0SA30,都歷,2026-08-11,23.020333,121.323642,0.5230502
C0C620,蘆竹,2026-08-11,25.084275,121.265767,0.4438865
C0R730,大坪頂,2026-08-11,22.024633,120.69355,0.99279094
C0AJ40,石門,2026-08-11,25.273672,121.601198,0.30166936
C0E750,苗栗,2026-08-11,24.564569,120.824575,0.12339965
C0T870,鯉魚潭,2026-08-11,23.935639,121.508944,0.60131127
C1V170,排雲,2026-08-11,23.463619,120.954147,1.2053767e-08
C2H950,中寮,2026-08-11,23.884447,120.766406,0.16882633
C0R350,貓鼻頭,2026-08-11,21.921774,120.7358,0.9988984
C0V660,岡山,2026-08-11,22.797078,120.294958,0.15438735
C1H941,雙冬,2026-08-11,23.967378,120.802189,0.9914801
C0AJ70,田寮,2026-08-11,25.2698,121.4886,0.34280267
C0AI00,五股,2026-08-11,25.07445,121.42728,0.9670474
C0Z280,德武,2026-08-11,23.47426,121.41071,0.7064792
C2RA10,大新,2026-08-11,22.67558,120.57788,0.1742983
C0C460,復興,2026-08-11,24.820208,121.352281,0.71661144
C2AA10,中八仙,2026-08-11,25.11576,121.49199,0.88400936
C0M9H0,水社寮,2026-08-11,23.50418,120.66035,0.97880495
E2H360,蓮華池,2026-08-11,23.918333,120.885278,0.9488948
C0M640,中埔,2026-08-11,23.42538,120.5229,0.2644609
C2C810,八德蔬果,2026-08-11,24.97858,121.28187,0.44004735
C2M9F0,安溪寮,2026-08-11,23.350334,120.208039,0.116032965
C0W140,金沙,2026-08-11,24.488292,118.408778,0.2967268
C2A540,四堵,2026-08-11,24.8926,121.745736,0.24230541
C0ACA0,新莊,2026-08-11,25.051478,121.446756,0.9015114
C0R220,潮州,2026-08-11,22.534361,120.54,0.25204355
U2HA40,臺大內茅埔,2026-08-11,23.689722,120.851117,0.67187667
467490,臺中,2026-08-11,24.145736,120.684075,0.1230477
C0UB60,明池,2026-08-11,24.650688,121.475277,0.5196386
C0U960,翠峰湖,2026-08-11,24.510856,121.608044,2.714948e-09
E2HA20,林試畢祿溪站,2026-08-11,24.226944,121.308522,4.880028e-09
C2M9A0,大華,2026-08-11,23.4824,120.67491,0.99536794
C0V890,前鎮,2026-08-11,22.5718,120.3117,0.15382832
C1F941,雪嶺,2026-08-11,24.280586,121.026642,5.426244e-09
C2H9E0,國姓南港,2026-08-11,23.911108,120.846556,1.9219226e-07
C0AC80,文山,2026-08-11,25.00235,121.575728,0.9372235
C0F9R0,龍井,2026-08-11,24.184536,120.528972,0.121024385
C0M760,民雄,2026-08-11,23.551754,120.428457,0.16883117
C0UA40,西德山,2026-08-11,24.560647,121.752608,0.99919504
C2TA70,赤科坪,2026-08-11,23.39885,121.39168,0.99993914
C1T920,中興,2026-08-11,23.769503,121.498653,0.8781727
C0D550,雪霸,2026-08-11,24.526972,121.11605,5.3264593e-09
C0SD90,龍泉苗圃,2026-08-11,23.16664,121.18011,0.050913587
C2F860,梨山,2026-08-11,24.247522,121.243669,4.584616e-09
C0R320,車城,2026-08-11,22.0744,120.716247,0.9991185
C1S870,南美山,2026-08-11,23.15025,121.382333,0.43456337
C0B020,基隆嶼,2026-08-11,25.19141,121.78391,0.469598
C1U501,牛鬥,2026-08-11,24.637836,121.573656,0.1412753
C0M730,嘉義市東區,2026-08-11,23.457673,120.460531,0.16883117
C2R990,泰武,2026-08-11,22.60686,120.69765,0.9148499
C0S700,知本,2026-08-11,22.684866,121.005642,0.99918723
C1N001,沙崙,2026-08-11,22.935472,120.309406,0.123696625
C0V760,橋頭,2026-08-11,22.757806,120.30575,0.15438735
C2V570,吉東,2026-08-11,22.85418,120.54539,0.18089068
C0G960,福寶,2026-08-11,24.0443,120.3814,0.12225354
C0X210,白河,2026-08-11,23.347466,120.414427,0.08031942
C0S810,東河,2026-08-11,22.972672,121.303986,0.5813858
C2R170,屏東,2026-08-11,22.66027,120.49403,0.1653901
C0R670,楓港,2026-08-11,22.190131,120.692156,0.9996037
C0FA50,霧峰,2026-08-11,24.0419,120.6995,0.12522109
C0UB10,蘇澳,2026-08-11,24.5969,121.8571,0.99724364
C0G950,防潮門,2026-08-11,24.1835,120.4871,0.12225354
C0M740,六腳,2026-08-11,23.492871,120.290625,0.10266149
C1R250,力里,2026-08-11,22.428117,120.629228,0.25928333
C0K330,虎尾,2026-08-11,23.719183,120.442036,0.10619762
C2FA00,烏石坑,2026-08-11,24.273503,120.947617,0.9215435
C0V620,永安,2026-08-11,22.82315,120.236856,0.15382838
C1I330,楓樹林,2026-08-11,23.986803,121.076117,8.852312e-09
C0W200,湖西,2026-08-11,23.596314,119.67275,0.75137025
72Q010,高雄農改場,2026-08-11,22.709333,120.525889,0.16637789
C2K301,鹿南,2026-08-11,23.643341,120.3683,0.094350666
C0C680,龜山,2026-08-11,25.02846,121.38656,0.97940713
C2V260,月眉,2026-08-11,22.971003,120.539853,0.10925293
C0V450,鳳森,2026-08-11,22.545064,120.392592,0.25202128
C0FA90,小雪山林道,2026-08-11,24.29515,121.03651,5.5642975e-09
C0U720,南山,2026-08-11,24.43742,121.38167,0.95417607
A2N290,臺南蘭花園區,2026-08-11,23.340258,120.379661,0.07983666
C0R560,新園,2026-08-11,22.5434,120.461558,0.25171208
C0U890,三星,2026-08-11,24.66812,121.65302,0.12219223
C1V300,御油山,2026-08-11,23.001983,120.715364,2.5452056e-08
C0U600,礁溪,2026-08-11,24.817539,121.765608,0.10854902
C1T980,龍澗,2026-08-11,24.023289,121.411328,0.004832177
C0R700,枋山,2026-08-11,22.247814,120.660794,0.9996037
C0D670,海天一線,2026-08-11,24.831986,120.914438,0.25588948
C0SA00,歷坵,2026-08-11,22.520969,120.89185,0.16845855
C0M710,東石,2026-08-11,23.458927,120.15385,0.10279915
C0M780,鹿草,2026-08-11,23.41134,120.30835,0.10358655
C0U520,雙連埤,2026-08-11,24.753033,121.641303,0.9634305
C0B010,七堵,2026-08-11,25.094819,121.71713,0.451697
C0R480,長治,2026-08-11,22.693128,120.542622,0.17258497
C1V830,國三S383K,2026-08-11,22.781967,120.426475,0.2080954
12Q980,恆春工作站,2026-08-11,22.079678,120.714425,0.9991185
C1O940,東山服務區,2026-08-11,23.286016,120.398472,0.08031942
C1U840,東澳嶺,2026-08-11,24.5378,121.8485,0.458956
C1D630,飛鳳山,2026-08-11,24.766464,121.119178,0.99106365
C0S940,石寧山,2026-08-11,23.223772,121.406639,0.76645374
C0K410,北港,2026-08-11,23.573957,120.292802,0.10266149
C2M620,瑞里,2026-08-11,23.545133,120.675197,0.9258829
C0SB70,小港漁港,2026-08-11,23.158558,121.400431,0.65887797
C2O950,安南,2026-08-11,23.076694,120.144861,0.1220623
C0F0E0,南湖圈谷,2026-08-11,24.363714,121.444667,1.4354968e-08
467610,成功,2026-08-11,23.097486,121.373428,0.6176857
C0G890,伸港,2026-08-11,24.148933,120.484403,0.121024385
C2E540,龍溪,2026-08-11,24.606489,120.783933,0.13343565
C1V200,梅山,2026-08-11,23.268447,120.823556,0.9712967
C0T9H0,加路蘭山,2026-08-11,23.682947,121.5274,0.99689645
C2O930,玉井,2026-08-11,23.126042,120.46055,0.08232857
C1F911,新伯公,2026-08-11,24.221361,120.841069,0.8774974
C0X200,左鎮,2026-08-11,23.056758,120.408522,0.08483347
C2TB50,麻汝,2026-08-11,23.42554,121.39358,0.68903893
C0FA60,鞍馬山工作站,2026-08-11,24.267064,121.000793,4.713126e-09
C0SB50,叭嗡嗡,2026-08-11,23.047062,121.343223,0.69172055
C2R550,新埤,2026-08-11,22.467947,120.582894,0.25204355
C1F891,稍來,2026-08-11,24.265689,121.001142,4.7798103e-09
C2M9C0,紫雲,2026-08-11,23.494914,120.540253,0.22148043
72N240,七股研究中心,2026-08-11,23.081672,120.062894,0.1220623
C0C700,中壢,2026-08-11,24.977661,121.256375,0.44669682
C0M690,水上,2026-08-11,23.419734,120.388909,0.16273145
C0V690,鼓山,2026-08-11,22.623325,120.275575,0.15438735
C0O860,大內,2026-08-11,23.11885,120.36083,0.123696625
C0Z200,萬榮,2026-08-11,23.709219,121.420106,0.60131127
C0T9D0,和中,2026-08-11,24.26676,121.74103,0.8504947
C2S9A0,北份子寮,2026-08-11,22.78561,121.07813,0.1117266
C1O921,楠西,2026-08-11,23.183511,120.484083,0.08450594
C0AJ30,淡水觀海,2026-08-11,25.184591,121.408616,0.34748766
C0V810,左營,2026-08-11,22.67491,120.28491,0.14622723
C0UA70,桃源谷,2026-08-11,24.962606,121.888875,0.21480212
C0X130,官田,2026-08-11,23.193217,120.315422,0.11524299
C1H000,翠峰,2026-08-11,24.109397,121.205211,2.63312e-09
C0UA90,石城,2026-08-11,24.980444,121.951214,0.7348448
C1E681,南勢山,2026-08-11,24.421669,120.923831,0.99574447
C0A9F0,內湖,2026-08-11,25.079422,121.57545,0.9024272
C0K291,宜梧,2026-08-11,23.536281,120.169329,0.10203122
C1K540,口湖,2026-08-11,23.585344,120.180517,0.10279915
C0R780,滿州,2026-08-11,22.024403,120.839892,0.9988041
C0V870,文安,2026-08-11,22.8025,120.2164,0.15382838
C0U650,玉蘭,2026-08-11,24.675286,121.587061,0.23748696
C0R640,東港,2026-08-11,22.46247,120.44074,0.25450993
C0AJ80,板橋,2026-08-11,25.0107,121.4489,0.9024272
C0S660,下馬,2026-08-11,23.150427,121.070312,0.99727196
C2N190,烏樹,2026-08-11,23.32393,120.36989,0.11524299
C1H9B1,阿眉,2026-08-11,24.1263,120.994672,6.027251e-08
C0UA20,多加屯,2026-08-11,24.368614,121.373189,4.4038044e-09
C0E730,頭份,2026-08-11,24.688247,120.912206,0.25619966
72V140,高改旗南分場,2026-08-11,22.857861,120.516667,0.17258497
C2R490,九如,2026-08-11,22.74049,120.490555,0.16637789
C0K480,莿桐,2026-08-11,23.761192,120.502372,0.10667914
C0U980,坪林石牌,2026-08-11,24.86478,121.77396,0.9643461
C0T900,西林,2026-08-11,23.8119,121.441458,0.51500493
C1I150,青雲,2026-08-11,23.793361,120.949378,0.32978532
C2E980,和興,2026-08-11,24.505319,120.923016,0.64212483
467350,澎湖,2026-08-11,23.565503,119.563094,0.62010044
C0G800,埔鹽,2026-08-11,24.000394,120.431683,0.121024385
C0H960,草屯,2026-08-11,23.973672,120.68085,0.13308592
C1V780,多納林道,2026-08-11,22.888028,120.737917,0.96230114
C0E920,通霄漁港,2026-08-11,24.498589,120.673876,0.13820718
C0Z330,安通山,2026-08-11,23.290728,121.348528,0.06324613
C0AH10,永和,2026-08-11,25.01125,121.508111,0.9015114
C0AK10,太平里,2026-08-11,25.134937,121.364899,0.9015114
C2G640,鹿港,2026-08-11,24.0753,120.430481,0.12225354
C1E890,國三N149K,2026-08-11,24.463414,120.680019,0.12371729
C1M870,國三N285K,2026-08-11,23.550319,120.505833,0.2400965
C1E480,鳳美,2026-08-11,24.554803,121.034747,0.5302095
C0T9M0,靜浦,2026-08-11,23.455167,121.495028,0.8548268
C2H9M0,發祥,2026-08-11,24.154094,121.164517,0.95572674
C2G9C0,埔南,2026-08-11,23.99124,120.46969,0.121024385
C0AI40,石牌,2026-08-11,25.115597,121.513139,0.9024272
C1F871,上谷關,2026-08-11,24.203483,121.018644,0.9215435
C0TC30,虎頭山,2026-08-11,23.52849,121.33992,0.9928069
C2H9G0,百勝,2026-08-11,24.051142,120.909361,0.9877109
C0G880,二水,2026-08-11,23.810742,120.6173,0.11705635
C0R940,加祿堂,2026-08-11,22.3363,120.6217,0.25171208
C0W220,北竿,2026-08-11,26.220358,119.974881,0.06872579
C0O960,崎頂,2026-08-11,22.959547,120.369317,0.14415936
C0TA40,秀林,2026-08-11,24.302864,121.731144,0.8993885
C0S750,向陽,2026-08-11,23.248397,120.986133,7.99281e-08
C0T9F0,水璉,2026-08-11,23.797131,121.542514,0.387036
C1M600,頭凍,2026-08-11,23.406364,120.603339,1.0372446e-07
467660,臺東,2026-08-11,22.752211,121.154586,0.9934261
C1D380,新埔,2026-08-11,24.84745,121.03834,0.26747254
C2G980,田頭村,2026-08-11,23.8263,120.444175,0.10498951
C0R120,上德文,2026-08-11,22.76336,120.70458,0.33849424
C0V750,路竹,2026-08-11,22.854997,120.259439,0.14676811
C0N050,蚵寮,2026-08-11,23.301,120.1104,0.116032965
C2X060,下營,2026-08-11,23.226806,120.256291,0.11603298
72M700,南改鹿草分場,2026-08-11,23.416869,120.283061,0.10266149
C1SA50,利嘉林道,2026-08-11,22.82325,121.009389,9.721763e-06
C0UB70,太平山中間站,2026-08-11,24.542003,121.513453,0.9806994
C0A940,金山,2026-08-11,25.223628,121.643967,0.338416
C1V340,大津,2026-08-11,22.888322,120.645986,0.13039395
C0W180,七美,2026-08-11,23.219333,119.444892,0.7274535
C1F9C1,白冷,2026-08-11,24.182844,120.929889,0.9724776
K2E710,苗改生物防治研究中心,2026-08-11,24.422861,120.871833,0.22620225
C0N040,蘆竹溝,2026-08-11,23.2344,120.0961,0.11721473
C0M9J0,交力坪,2026-08-11,23.53168,120.64356,0.9959358
C0TB40,崇德,2026-08-11,24.166144,121.657414,0.8504947
C0D760,大坪苗圃,2026-08-11,24.5362,121.1108,0.0002568803
C2D430,峨眉,2026-08-11,24.6905,121.017189,0.27078885
C2W230,畜試所澎湖,2026-08-11,23.628342,119.513206,0.6430446
C0R880,後壁湖,2026-08-11,21.9457,120.7457,0.99918115
C1I280,埔中,2026-08-11,23.820778,120.642594,0.28706643
467790,墾丁雷達站,2026-08-11,21.948235,120.808028,0.9987039
C0W190,望安,2026-08-11,23.380564,119.494075,0.6436873
C0Z170,卓溪,2026-08-11,23.3443,121.3029,0.04133765
C0F850,東勢,2026-08-11,24.246428,120.833047,0.7536976
466900,淡水,2026-08-11,25.164889,121.448906,0.34280267
C0I370,魚池,2026-08-11,23.895703,120.94135,0.9588211
C0C630,大溪,2026-08-11,24.882853,121.265547,0.47009686
C0A520,山佳,2026-08-11,24.974944,121.402008,0.9169034
C0I110,竹山,2026-08-11,23.761225,120.688156,0.081490934
82H840,茶改南部分場,2026-08-11,23.762528,120.7405,0.2038876
C2SD80,再來山,2026-08-11,23.34371,121.44122,0.6924997
C0TC00,磐石,2026-08-11,24.015008,121.395456,0.97386825
C0G660,溪湖,2026-08-11,23.94835,120.479122,0.121006146
C1T800,洛韶,2026-08-11,24.204558,121.453956,0.995493
C1T810,慈恩,2026-08-11,24.192044,121.388386,7.1800272e-09
C1E451,象鼻,2026-08-11,24.368617,120.940228,0.99574447
C0AC60,三峽,2026-08-11,24.939025,121.369728,0.4389432
C0I490,萬大林道,2026-08-11,23.928228,121.091411,3.585776e-09
C1I290,豐丘,2026-08-11,23.668178,120.887417,0.004270918
C1I320,奧萬大,2026-08-11,23.952956,121.178556,0.99520266
C2M910,嘉義大學,2026-08-11,23.471325,120.485903,0.19160926
C0U770,南澳,2026-08-11,24.44935,121.81022,0.99724364
C0TC10,西林林道12.5K,2026-08-11,23.829641,121.41233,0.9983177
C2TB30,吉安,2026-08-11,23.94538,121.54803,0.82899857
C0A980,社子,2026-08-11,25.109508,121.469681,0.88400936
C0V800,六龜,2026-08-11,22.997889,120.633583,0.23042032
C1G9D0,國一S218K,2026-08-11,23.890641,120.493253,0.11987982
C0E570,白沙屯,2026-08-11,24.549447,120.696803,0.13820718
C2F9A0,中竹林,2026-08-11,24.103556,120.751061,0.5161974
C0FA40,臺中電廠,2026-08-11,24.2146,120.4907,0.121024385
C2G9A0,畜試所彰化,2026-08-11,23.86045,120.557964,0.10667914
C0H9C0,合歡山,2026-08-11,24.143442,121.272547,9.197331e-09
G2M350,農試溪口農場,2026-08-11,23.58565,120.408111,0.15761146
C0U860,頭城,2026-08-11,24.85323,121.8308,0.108403236
C0R580,南州,2026-08-11,22.48591,120.50274,0.25450993
C0G780,秀水,2026-08-11,24.03405,120.503869,0.121006146
72N100,臺南農改場,2026-08-11,23.0605,120.342194,0.12537707
C0S900,蘭嶼高中,2026-08-11,22.04909,121.51214,0.9995434
C2TA60,六十石,2026-08-11,23.22477,121.31861,0.99920607
C1F9W0,德基,2026-08-11,24.254783,121.190261,1.2745553e-08
C2M980,安和,2026-08-11,23.51377,120.31593,0.10266149
C1Z120,壽豐,2026-08-11,23.870853,121.508081,0.957288
C0W160,烏坵,2026-08-11,24.9944,119.44956,0.2824586
C1I550,國六W023K,2026-08-11,23.979067,120.867742,0.36248544
C0R870,興海,2026-08-11,21.9752,120.8439,0.9990539
C0R140,瑪家,2026-08-11,22.682903,120.686639,0.17655304
C0A530,坪林,2026-08-11,24.938183,121.70975,0.27094057
C0X260,後壁,2026-08-11,23.366358,120.362326,0.11524299
C0Z230,和平,2026-08-11,24.30717,121.77007,0.8504947
C0G770,福興,2026-08-11,24.041289,120.437669,0.121024385
C0H9A0,神木村,2026-08-11,23.532742,120.843667,3.470921e-07
C0I460,南投,2026-08-11,23.911469,120.687331,0.13033353
C0I480,梅峰,2026-08-11,24.085272,121.173572,3.7644536e-09
C2D770,巨埔,2026-08-11,24.84435,121.11442,0.2748577
C2A560,福山,2026-08-11,24.776203,121.502811,0.19454631
C0AH30,五分山,2026-08-11,25.07125,121.780794,0.81169254
C0FA10,松柏,2026-08-11,24.429115,120.617482,0.13820718
72S200,東改班鳩分場,2026-08-11,22.829528,121.077694,0.3658648
72HA00,中改埔里分場,2026-08-11,23.903208,120.963364,0.9673313
C2H9W0,大坪頂農水,2026-08-11,24.043122,120.932781,0.88543177
C0C650,平鎮,2026-08-11,24.897503,121.214636,0.4659798
C0S930,延平,2026-08-11,22.902581,121.084058,0.4323781
C0UA60,樟樹山,2026-08-11,24.41393,121.78325,0.2905652
C2UC10,出水溪,2026-08-11,24.615822,121.652253,0.2905652
C1S670,摩天,2026-08-11,23.199503,121.027,0.9929603
C2C590,觀音,2026-08-11,25.027072,121.153317,0.43831137
C0V630,茄萣,2026-08-11,22.906642,120.182608,0.12292546
466940,基隆,2026-08-11,25.133314,121.740475,0.5023461
C0X050,東河,2026-08-11,23.296598,120.385608,0.07983666
C0R770,保力,2026-08-11,22.071122,120.764111,0.99829847
G2L020,農試嘉義分所,2026-08-11,23.485028,120.473806,0.1969863
C0X240,關子嶺,2026-08-11,23.331169,120.508025,0.43697894
C0I380,集集,2026-08-11,23.828206,120.801467,0.08845877
466990,花蓮,2026-08-11,23.975128,121.613275,0.05752767
C1V220,小關山,2026-08-11,23.154217,120.813603,7.601346e-09
C1F9G1,慶福山,2026-08-11,24.180853,120.848378,0.96983343
C0FB20,雪山橋,2026-08-11,24.23192,120.9786,5.4677805e-09
C0Z250,瑞穗林道,2026-08-11,23.49284,121.30688,0.9940015
C0D590,新豐,2026-08-11,24.87068,120.97721,0.3029195
C2N200,口宵里,2026-08-11,23.15987,120.45988,0.17883824
C0A870,五指山,2026-08-11,25.132153,121.608692,0.8274701
C0UA50,西帽山,2026-08-11,24.555361,121.802628,0.4418741
C2R980,竹田國中,2026-08-11,22.61532,120.52412,0.25204355
C0X160,仁德,2026-08-11,22.968258,120.257689,0.12246287
C1H971,六分寮,2026-08-11,23.92507,120.6378,0.6313892
C2D790,石鹿,2026-08-11,24.56551,121.15841,0.8751106
C0W120,西嶼,2026-08-11,23.5626,119.468436,0.62010044
C0G650,員林,2026-08-11,23.946503,120.585597,0.120144695
C0AD50,鶯歌,2026-08-11,24.951533,121.346294,0.44126514
C2H9Q0,北東眼山,2026-08-11,24.120939,121.189303,7.209463e-09
C2H9T0,名間竹圍,2026-08-11,23.859914,120.637572,0.11353388
C0S990,山豬窟,2026-08-11,22.318619,120.857372,0.8086786
C0X190,安平,2026-08-11,22.993161,120.152181,0.12292546
C0K400,斗六,2026-08-11,23.720583,120.541127,0.10822537
12J990,口湖工作站,2026-08-11,23.589978,120.180394,0.10279915
C0O830,北寮,2026-08-11,23.079561,120.495008,0.10925293
C1D410,白蘭,2026-08-11,24.579364,121.079947,0.043904945
C0S970,加津林,2026-08-11,22.416211,120.926942,0.87067664
C0D700,關西,2026-08-11,24.7977,121.1732,0.16970898
C0U750,龜山島,2026-08-11,24.841667,121.953133,0.25288117
C0R810,內獅,2026-08-11,22.305064,120.642986,0.9996037
C2EA10,拉庫斯,2026-08-11,24.53637,121.02137,0.9842487
C1M390,龍美,2026-08-11,23.406728,120.654417,0.9914303
C2K290,崙內,2026-08-11,23.69525,120.35601,0.094350666
C0TC20,光復林道16K,2026-08-11,23.66701,121.36949,0.97467273
C0HA10,奧萬大,2026-08-11,23.95294,121.17847,0.99520266
C2FB60,頭櫃山,2026-08-11,24.129842,120.858925,7.547914e-07
C1H840,國三N238K,2026-08-11,23.841008,120.707711,0.09189478
CAQ030,崎峰國小,2026-08-11,22.42565,120.49521,0.25450993
C2E520,大湖,2026-08-11,24.414939,120.870872,0.28704923
467530,阿里山,2026-08-11,23.508208,120.813242,1.3691885e-08
C1E691,南湖,2026-08-11,24.40135,120.837533,0.9982841
C0FA30,梧棲,2026-08-11,24.256003,120.523381,0.121024385
C1V231,高中,2026-08-11,23.134911,120.716711,0.994287
C0AK30,硬漢嶺,2026-08-11,25.136097,121.426372,0.77423686
C0F9V0,新社,2026-08-11,24.200172,120.815806,0.99467796
C0H890,埔里,2026-08-11,23.972169,120.952425,0.96944624
C0R690,墾丁,2026-08-11,21.966756,120.810269,0.9580614
C0SD20,富山,2026-08-11,22.822383,121.190825,0.69172055
C0F0D0,審馬陣,2026-08-11,24.381675,121.4203,4.7806403e-09
C2W030,金門農試所,2026-08-11,24.448431,118.451786,0.38668832
C0R820,白鷺,2026-08-11,22.454275,120.666219,0.106180534
C0FB00,大雪山,2026-08-11,24.254668,121.007374,4.689784e-09
C2O880,南化,2026-08-11,23.17332,120.59413,0.19114955
C1V190,南天池,2026-08-11,23.27403,120.91176,2.6350756e-08
C0E940,雪見,2026-08-11,24.42595,121.01347,5.162198e-09
K2E360,苗栗農改場,2026-08-11,24.495722,120.829111,0.12079282
CAJ050,海口故事園區,2026-08-11,23.57543,120.14121,0.10279915
C2K280,四湖,2026-08-11,23.6304,120.22717,0.09446192
C2H9D0,三隻寮,2026-08-11,24.093078,120.861578,0.971545
C0O990,媽廟,2026-08-11,22.99175,120.293525,0.12371289
C0Z220,和平林道,2026-08-11,24.343922,121.656317,0.29056513
C0TA10,花蓮漁港,2026-08-11,23.995322,121.638331,0.95761377
72C440,桃園農改場,2026-08-11,24.950944,121.030583,0.2575417
C1E711,馬拉邦山,2026-08-11,24.367306,120.901656,0.99532807
C0SB20,富岡,2026-08-11,22.792467,121.192669,0.6473975
C0D560,竹東,2026-08-11,24.767147,121.057881,0.295046
C0F9U0,南屯,2026-08-11,24.137006,120.637969,0.107219234
C2SD60,明峰,2026-08-11,22.8671,121.11825,0.6638755
C0M720,番路,2026-08-11,23.464657,120.554156,0.56819224
C0F0A0,雪山圈谷,2026-08-11,24.388594,121.236339,8.502637e-09
C1A9N0,四十份,2026-08-11,24.934158,121.593283,0.67834175
C0U760,東澳,2026-08-11,24.52196,121.83318,0.9968226
C0X230,鹽水,2026-08-11,23.272621,120.247641,0.116032965
C2H9H0,苗改南投蜂場,2026-08-11,23.852589,120.693481,0.082250215
C2TB70,達谷寮,2026-08-11,23.38,121.35968,0.7472479
C0R950,萬隆國小,2026-08-11,22.507667,120.587817,0.24943061
C0M9K0,二萬平,2026-08-11,23.50839,120.79011,1.0473613e-08
467540,大武,2026-08-11,22.35572,120.90374,0.9996037
C0V370,古亭坑,2026-08-11,22.893178,120.401947,0.08884588
C1I340,新興橋,2026-08-11,23.563333,120.868728,0.9894742
C2C480,桃園,2026-08-11,24.992425,121.323172,0.44004735
C0SA80,土坂,2026-08-11,22.453108,120.887572,0.9988107
C0R160,鹽埔,2026-08-11,22.739558,120.530778,0.16637789
C0AC40,大屯山,2026-08-11,25.175675,121.522408,7.2930525e-05
466850,五分山雷達站,2026-08-11,25.071182,121.781205,0.8497197
C2H9L0,馬烈霸,2026-08-11,24.1512,121.201772,9.86722e-09
C0TC50,綠水,2026-08-11,24.178416,121.50795,0.07180216
C0TC40,新白楊,2026-08-11,24.198205,121.43296,5.3792354e-07
C1AI50,國三N016K,2026-08-11,25.034164,121.619664,0.92784107
C2V920,匏子寮,2026-08-11,23.04905,120.55319,0.17979799
C1V600,藤枝,2026-08-11,23.071961,120.757042,5.7229787e-08
C1E601,南勢,2026-08-11,24.572486,120.734842,0.12079282
C0O980,新市,2026-08-11,23.061614,120.298197,0.12246287
C0K420,西螺,2026-08-11,23.800407,120.467394,0.10619762
C0Z050,佳心,2026-08-11,23.34567,121.21316,0.9988199
C0AD30,蘆洲,2026-08-11,25.086594,121.472331,0.9015114
C0V610,梓官,2026-08-11,22.760558,120.267211,0.15438735
K2F750,種苗改良場,2026-08-11,24.225972,120.800917,0.981009
C0UA80,大溪漁港,2026-08-11,24.941801,121.902955,0.108403236
C1AI60,國一39K邊坡,2026-08-11,25.064361,121.383836,0.97451925
C0W150,金寧,2026-08-11,24.457703,118.328989,0.29293364
C0R960,內埔,2026-08-11,22.608483,120.570714,0.24975492
C2H9S0,龍南,2026-08-11,23.953536,120.833183,0.0009222658
C0AH40,平等,2026-08-11,25.129142,121.577086,0.3676051
C0R540,佳冬,2026-08-11,22.419456,120.552375,0.25450993
466950,彭佳嶼,2026-08-11,25.627975,122.079744,0.9582149
C0A890,雙溪,2026-08-11,25.036003,121.864242,0.4277123
C0AH50,林口,2026-08-11,25.072181,121.38084,0.9808017
A2K360,水試臺西試驗場,2026-08-11,23.717231,120.190522,0.09468441
C0HA20,杉林溪大飯店,2026-08-11,23.63427,120.79128,5.3503292e-08
C2M960,外寮,2026-08-11,23.562643,120.665688,0.9943367
C0F9S0,烏日,2026-08-11,24.107058,120.624103,0.12014473
C2N180,鹿陶洋,2026-08-11,23.14325,120.48352,0.08450594
C0C490,八德,2026-08-11,24.928708,121.283289,0.44888195
C0R190,赤山,2026-08-11,22.592333,120.614306,0.24975492
C0T820,天祥,2026-08-11,24.179597,121.495639,0.14227656
C1F9E1,龍安,2026-08-11,24.1605,120.831961,0.9950409
C2SD50,順那,2026-08-11,23.04166,121.29332,0.45342854
C0V820,小林,2026-08-11,23.148408,120.63325,0.694567
C2G870,芳苑,2026-08-11,23.922303,120.320025,0.09446192
C0E850,大河,2026-08-11,24.618069,120.948578,0.26747215
C1U670,寒溪,2026-08-11,24.634,121.71691,0.118986264
C0N020,城西,2026-08-11,23.0568,120.0956,0.12292546
C1Z110,三棧,2026-08-11,24.11557,121.60501,0.990137
C0R280,檳榔,2026-08-11,22.076078,120.836777,0.9663418
C2H9J0,中台,2026-08-11,23.9996,120.938739,0.9919422
C0F9L0,后里,2026-08-11,24.310436,120.729725,0.21633856
467441,高雄,2026-08-11,22.730432,120.312516,0.14622726
C2N210,岩坑,2026-08-11,23.24614,120.47458,0.11084467
C0Z180,新城,2026-08-11,24.040486,121.604878,0.054036498
C0D540,橫山,2026-08-11,24.71116,121.11693,0.52378243
C1D420,太閣南,2026-08-11,24.632808,121.160575,0.00018977822
C1E770,公館,2026-08-11,24.526914,120.830806,0.12235929
CAN130,水試所海水繁養殖中心,2026-08-11,23.120802,120.07968,0.1220623
C1I430,翠華,2026-08-11,24.191961,121.224339,3.873615e-09
C1M400,菜瓜坪,2026-08-11,23.251928,120.576103,0.65907454
C0G730,二林,2026-08-11,23.903325,120.376081,0.121006146
72M360,南改義竹分場,2026-08-11,23.360694,120.279361,0.11608222
V2K620,麥寮合作社,2026-08-11,23.753836,120.294783,0.09446192
C0Z070,舞鶴,2026-08-11,23.46811,121.37407,0.6890389
C0B040,大武崙,2026-08-11,25.166676,121.706993,0.338416
C1Z030,紅葉,2026-08-11,23.493119,121.338806,0.7029978
C1I050,丹大,2026-08-11,23.753747,121.141147,3.5201115e-09
C0I080,信義,2026-08-11,23.689694,120.851036,0.67187667
C2TB80,庄子底,2026-08-11,23.71794,121.49438,0.81635046
C0D750,樂山林道6k,2026-08-11,24.49999,121.08773,5.6501874e-09
C2M920,朴子農改,2026-08-11,23.469889,120.259383,0.10279915
C2A880,福隆,2026-08-11,25.017842,121.942083,0.732108
C0Z160,鳳林,2026-08-11,23.746114,121.453411,0.750717
C0UB80,翠峰林道6K,2026-08-11,24.49773,121.568625,2.3997249e-09
C0V210,復興,2026-08-11,23.222403,120.806089,0.99336976
C0H990,昆陽,2026-08-11,24.121322,121.273642,4.5991633e-09
C0R741,獅子,2026-08-11,22.202308,120.705236,0.9994495
C0S710,鹿野,2026-08-11,22.917711,121.122994,0.5515544
C0I530,小奇萊,2026-08-11,24.131764,121.295717,7.0636434e-09
C0FA70,大雪山埡口,2026-08-11,24.26867,121.03062,4.0806136e-09
C2K630,荷苞,2026-08-11,23.657717,120.595144,0.1531708
C0Z080,富源,2026-08-11,23.587642,121.378225,0.70072675
C2M9E0,旺來山,2026-08-11,23.555153,120.486463,0.25157475
C0SB10,美和,2026-08-11,22.682078,121.060236,0.09039481
C2K620,馬光農場,2026-08-11,23.721453,120.378864,0.10498951
C1I140,卡奈托灣,2026-08-11,23.754364,121.087872,7.0440276e-09
C0I520,玉山風口,2026-08-11,23.470489,120.955994,1.452623e-08
C1G691,下水埔,2026-08-11,23.816114,120.5676,0.10915507
C0X110,臺南市南區,2026-08-11,22.961189,120.188378,0.12292546
C0V680,仁武,2026-08-11,22.701083,120.347722,0.14622726
C2G840,北斗,2026-08-11,23.877586,120.514222,0.120144695
C2TB90,長橋,2026-08-11,23.6874,121.46186,0.7018491
C0R900,竹坑,2026-08-11,22.1385,120.7022,0.9996037
C0G860,社頭,2026-08-11,23.897647,120.5862,0.11912874
C0X150,安定,2026-08-11,23.102614,120.227839,0.12292546
C0R590,里港,2026-08-11,22.77919,120.49459,0.16637789
C0E610,馬都安,2026-08-11,24.451272,120.930192,0.9954283
C0E550,明德,2026-08-11,24.583486,120.885411,0.12179332
C0R150,三地門,2026-08-11,22.709889,120.639944,0.2080954
C0G910,花壇,2026-08-11,24.032076,120.549461,0.11987982
C1D400,鳥嘴山,2026-08-11,24.71909,121.28387,0.98989683
C0F0B0,石岡,2026-08-11,24.276061,120.777644,0.31752998
C2V250,甲仙,2026-08-11,23.080106,120.591758,0.2734455
C0SA20,金崙山,2026-08-11,22.567419,120.959667,0.9988468
C0V350,溪埔,2026-08-11,22.738578,120.446797,0.16539007
C0M660,溪口,2026-08-11,23.604131,120.403569,0.15761146
C1S880,壽卡,2026-08-11,22.238911,120.858903,0.7151791
72D680,桃改新埔分場,2026-08-11,24.834444,121.066111,0.26419377
